-996 121 100.000000 100.000000
0.000000 17000.000000 0.000000 12000.000000
171 0.000000 0.000000 0.000000
0 0 0 0 0 0 0
21.555706 21.306395 21.170106 20.943342 20.906206 20.935214
20.866948 20.992551 20.892022 20.669624 20.789477 20.827093
20.789009 20.670416 20.613645 20.914817 21.024141 20.882247
20.754870 20.693574 20.718049 20.680112 20.710848 21.009765
21.254900 21.226437 21.090924 20.899587 20.828272 20.749947
20.647502 20.544145 20.410666 20.526237 20.375249 19.910996
19.809370 19.743799 19.807304 20.045359 20.165279 20.269094
20.283046 20.383850 20.556056 20.959588 21.102492 20.537907
20.150495 20.053563 19.934062 20.089475 20.203738 19.887514
19.625528 19.688961 19.638924 19.388416 19.309370 19.107461
18.907902 18.815850 18.850234 19.125045 19.483114 19.612710
19.585512 19.639243 19.665512 19.697200 19.747454 19.864362
19.973480 19.762105 19.409591 19.261335 19.282616 19.674003
20.020162 19.813969 19.543996 19.632014 19.945287 20.114180
20.214779 20.324595 20.404385 20.509298 20.372632 20.266944
20.213460 20.044761 20.253309 20.400825 20.070637 19.770949
19.623950 19.807699 19.813919 19.597257 19.730492 19.725153
19.757424 20.019156 20.118859 19.956057 19.754339 19.811771
19.968414 19.971936 19.753340 19.831011 19.890517 19.737187
19.543458 19.271639 19.419052 19.490620 19.488828 19.955920
20.072887 19.962258 20.011900 19.956687 20.024567 20.301925
20.666777 20.939784 21.193431 21.397948 21.214053 21.030292
21.063308 20.996761 20.581348 20.086271 20.063945 19.940888
19.864336 19.686690 19.378768 19.502966 19.539176 19.394947
19.357244 19.373819 19.475704 19.906725 20.514760 20.590752
20.425118 20.590630 20.535911 20.394192 20.800448 21.179210
21.306385 21.291171 21.185234 21.081962 20.824014 20.781165
20.865362 20.903552 20.863749 21.016775 21.322366 21.462693
21.742070 21.937734 22.085179 21.439622 21.300231 21.127183
20.969438 20.832550 20.878265 21.041920 21.048116 20.960804
20.886385 20.862019 20.875683 20.887415 20.851006 20.767468
20.706383 20.679718 20.663341 20.670152 20.783230 20.850130
20.781828 20.796627 21.067084 21.390651 21.288955 21.035227
20.917345 20.762425 20.620377 20.557157 20.527123 20.496269
20.545835 20.448630 20.084782 19.962541 19.905085 19.930032
20.187876 20.328208 20.409620 20.325470 20.364947 20.493902
20.715983 20.777560 20.327340 20.088944 20.083047 20.054218
20.236783 20.255139 19.924062 19.625057 19.541604 19.603879
19.375323 19.240584 19.210835 19.004237 18.753383 18.753165
19.122379 19.466999 19.611629 19.682499 19.781741 19.830539
19.816843 19.817298 19.977037 20.089211 19.934003 19.684249
19.651971 19.722606 19.981560 20.145987 20.016246 19.919225
19.954321 20.166042 20.362701 20.535431 20.527575 20.594111
20.613595 20.365214 20.212603 20.132741 20.181751 20.341131
20.374506 20.079840 19.806052 19.791812 19.844062 19.840488
19.741604 19.826169 19.823185 19.787927 20.023923 20.117451
19.999509 19.819032 19.856057 20.074675 20.077922 19.953189
20.063795 20.076931 19.837695 19.646029 19.524346 19.642047
19.776503 19.784447 20.016897 20.154582 20.110597 20.153841
20.188908 20.229012 20.478433 20.846199 21.041167 21.267245
21.479827 21.410835 21.209340 21.039574 20.884052 20.584193
20.272473 20.215470 19.986028 19.732158 19.600710 19.450487
19.482286 19.445789 19.303922 19.355828 19.494934 19.611930
19.966037 20.467086 20.595480 20.503621 20.514493 20.388204
20.325337 20.697349 21.040019 21.211550 21.224084 21.141958
21.091380 20.919140 20.764097 20.760148 20.875391 20.886111
21.045961 21.301829 21.366090 21.567481 21.690079 21.530901
20.988776 21.023369 21.078277 20.908241 20.663430 20.870517
21.146734 20.937076 20.835688 20.920974 20.821969 20.897542
21.001230 21.011132 20.865747 20.570076 20.489187 20.574909
20.736616 20.908442 20.984182 20.959614 21.042957 21.306381
21.532222 21.322749 20.918320 20.765945 20.566346 20.353133
20.430526 20.573797 20.567013 20.568593 20.543570 20.369767
20.336099 20.125770 19.952143 20.226313 20.469643 20.533190
20.330216 20.306775 20.383942 20.269579 20.163526 20.047842
20.012709 20.005407 20.017395 20.166765 20.070165 19.746874
19.574747 19.472554 19.441396 19.334409 19.359978 19.394491
19.103484 18.834504 18.874174 19.143952 19.431809 19.712841
19.948807 20.061665 20.024487 19.971399 19.937679 20.192007
20.463094 20.344752 20.233234 20.320492 20.379004 20.443247
20.461703 20.445572 20.486931 20.364274 20.451177 20.704727
20.843006 20.770032 20.650735 20.545487 20.423357 20.262345
20.138611 20.339317 20.432580 20.372947 20.083978 19.779792
19.828267 19.870726 19.971016 20.025888 20.002224 19.972568
19.953448 20.219601 20.246063 19.965579 19.818356 19.936073
20.148185 20.248081 20.407805 20.523412 20.483365 20.121957
19.740225 19.748053 20.028269 20.221764 20.239178 20.346378
20.432784 20.436287 20.557134 20.712789 20.768663 20.997220
21.339627 21.437340 21.484989 21.535824 21.598956 21.418118
21.014631 20.826582 20.781529 20.735621 20.564038 20.258200
19.840945 19.544229 19.484838 19.442354 19.398844 19.337815
19.377802 19.591813 19.846413 20.042787 20.302513 20.557564
20.521280 20.477159 20.324406 20.267693 20.656624 20.919033
21.086810 21.136524 21.136212 21.089637 20.916662 20.726231
20.538693 20.648465 20.808337 21.004688 21.227304 21.224589
21.219206 21.271786 21.256308 20.567241 20.614489 20.805709
20.810512 20.764549 20.946160 20.962024 20.735450 20.568086
20.613686 20.772121 20.960210 21.089138 21.047140 20.847341
20.813817 20.861515 20.911053 20.916528 20.917759 21.025858
21.142679 21.261360 21.342637 21.446830 21.380258 20.915126
20.481662 20.366256 20.279734 20.383749 20.581468 20.511612
20.512915 20.609458 20.527265 20.302816 19.947526 19.742618
19.901558 20.181833 20.186100 20.068550 20.152954 20.095369
19.791790 19.650349 19.703825 19.764810 19.692088 19.564342
19.557304 19.503695 19.515371 19.607783 19.531377 19.339882
19.373463 19.655276 19.589208 19.310255 19.237930 19.315274
19.393811 19.586726 19.952920 20.161123 20.221569 20.068333
19.839140 19.884993 20.282191 20.699831 20.703078 20.612774
20.656099 20.702095 20.751949 20.815972 20.731313 20.572360
20.439527 20.606624 20.803835 20.719032 20.598046 20.399797
20.334761 20.430159 20.386055 20.336742 20.488100 20.544534
20.374109 20.076016 19.777977 19.692666 19.899664 20.150512
20.272766 20.273053 20.302234 20.390172 20.419523 20.318557
20.138890 20.020855 20.078371 20.292409 20.448642 20.746038
20.931086 20.750472 20.370460 19.865209 19.814537 20.309102
20.468809 20.454645 20.626207 20.558864 20.563299 20.863768
21.171958 21.289263 21.500960 21.817878 21.843809 21.656170
21.596768 21.672931 21.458201 21.130049 21.051643 21.032597
20.929034 20.768308 20.536177 20.098061 19.701943 19.513259
19.399838 19.498108 19.594880 19.681233 19.759380 19.931179
20.160514 20.269467 20.431666 20.483020 20.567578 20.562526
20.497614 20.783919 21.132216 21.287485 21.330137 21.304270
21.138913 21.009584 20.816885 20.489909 20.480636 20.670172
20.920407 21.118902 21.253396 21.221947 20.936002 20.783001
20.738363 20.596187 20.568226 20.849622 21.081185 20.989056
20.904609 20.770487 20.537471 20.561642 20.802375 21.035017
21.221533 21.277375 21.254592 21.368246 21.366015 21.195412
20.953107 21.008082 21.167505 21.228571 21.298837 21.284460
21.430170 21.532796 21.143448 20.648048 20.411847 20.351379
20.425264 20.472563 20.322665 20.204840 20.248531 20.158798
19.848980 19.737292 19.664312 19.609566 19.651628 19.539398
19.726375 20.013975 19.806478 19.442847 19.258932 19.237874
19.273359 19.203106 19.152055 19.157692 19.143109 19.462212
19.756101 19.483658 19.384772 19.569856 19.821178 19.807259
19.612311 19.577112 19.562082 19.663368 19.832674 20.011165
20.143302 20.246925 19.969877 19.585411 19.905180 20.516090
20.780402 20.725608 20.617871 20.677393 20.789639 20.909185
20.851031 20.652401 20.514316 20.483765 20.639539 20.762634
20.622040 20.347822 20.296707 20.355014 20.349007 20.503588
20.691459 20.717004 20.534712 20.150161 19.901274 19.736947
19.682275 19.901794 20.118854 20.202794 20.294164 20.474964
20.516133 20.326053 20.340162 20.547242 20.552332 20.539420
20.713010 20.796483 20.975375 21.093542 20.879652 20.573515
20.218658 20.187664 20.588517 20.664070 20.618954 20.668480
20.615760 20.692405 20.994240 21.349118 21.427149 21.631630
21.952637 21.975713 21.819985 21.739757 21.722019 21.506377
21.326312 21.295019 21.184605 21.039938 20.865391 20.651786
20.334156 20.048807 19.827582 19.624140 19.594798 19.895420
20.181032 20.024863 19.889701 20.095804 20.191790 20.192145
20.447110 20.570135 20.564807 20.662916 20.853432 21.269044
21.527268 21.553169 21.358270 21.136125 21.144903 20.886846
20.626204 20.655550 20.824179 21.063084 21.186583 21.389748
21.406482 20.871168 20.487783 20.874721 20.672692 20.546774
20.780436 20.956864 20.830147 20.791887 20.727841 20.525662
20.484700 20.631571 20.816362 21.128698 21.495372 21.641928
21.815790 21.984325 21.636686 21.133450 21.082151 21.150575
21.116245 21.256939 21.319407 21.388656 21.470093 21.162224
20.908192 20.671912 20.496665 20.498886 20.309868 20.026427
19.861894 19.631673 19.440618 19.402436 19.459465 19.461944
19.447318 19.321774 19.262904 19.621104 19.856907 19.574979
19.290826 18.987932 18.668992 18.666350 18.680464 18.826309
19.118197 19.196846 19.448071 19.801334 19.640360 19.565431
19.735823 19.811990 19.792369 19.659789 19.648934 19.718721
19.805353 19.888696 19.944961 20.100029 20.196273 19.873292
19.534212 19.969493 20.739044 21.013378 20.821172 20.587141
20.639853 20.683372 20.791248 20.721376 20.445960 20.460372
20.581176 20.671936 20.674422 20.517927 20.270024 20.302807
20.454182 20.460320 20.630138 20.851935 20.799805 20.468217
19.939516 19.654838 19.576453 19.516675 19.636917 19.845731
20.038771 20.123817 20.274247 20.287695 20.130416 20.259398
20.590256 20.757337 20.815246 20.880603 21.057703 21.326787
21.320543 21.033689 20.623573 20.407887 20.587988 20.853214
20.816288 20.904527 21.004125 21.072741 21.169343 21.203517
21.358687 21.314639 21.344508 21.559039 21.701120 21.834920
21.825195 21.722067 21.608882 21.468819 21.424021 21.454080
21.458822 21.140238 20.835682 20.510741 20.275358 20.167175
19.887567 19.827956 20.147160 20.379410 20.333024 20.160160
19.972431 19.845118 19.870257 20.186001 20.370783 20.501885
20.679229 20.896637 21.188143 21.446966 21.471786 21.126135
20.970815 21.108075 21.015295 20.812038 20.882665 21.168197
21.266332 21.243359 21.378097 21.202097 20.658873 20.384964
20.559683 20.417016 20.335518 20.504156 20.643287 20.673711
20.677710 20.679993 20.552283 20.339879 20.430474 20.738060
21.176846 21.547289 21.735712 21.976917 22.172682 21.951517
21.467906 21.220057 21.127725 21.144530 21.299732 21.250430
21.221610 21.250001 21.119911 21.061861 20.910515 20.773994
20.593738 20.230164 20.045057 19.829092 19.497170 19.300896
19.240956 19.272785 19.262841 19.260831 19.214224 19.207739
19.391305 19.476043 19.304770 19.162335 18.812121 18.464246
18.373997 18.281198 18.533556 18.994437 19.342853 19.742961
19.966247 19.943241 19.750865 19.709273 19.810159 19.644998
19.586813 19.697242 19.737223 19.754957 19.717286 19.735798
19.813180 19.933629 19.888866 19.734993 20.096768 20.678387
21.071335 21.047584 20.780736 20.683655 20.561711 20.581208
20.537907 20.366482 20.505396 20.706753 20.779543 20.675167
20.479464 20.299380 20.313145 20.543863 20.649974 20.654520
20.656649 20.602235 20.364538 19.949240 19.735384 19.551960
19.261171 19.279516 19.607418 20.042879 20.146655 20.020564
20.005490 19.962509 20.074523 20.408646 20.613573 20.701911
20.833477 21.043215 21.344271 21.449899 21.113357 20.595396
20.370553 20.548899 20.857108 20.958885 21.177135 21.460801
21.414830 21.217487 21.100958 21.213916 21.175204 21.002457
21.033015 21.145302 21.387776 21.590331 21.687753 21.725858
21.620557 21.580877 21.760744 21.746296 21.279524 20.959682
20.732510 20.534778 20.397083 20.140141 20.070005 20.098344
20.266915 20.543775 20.431247 20.025447 19.703089 19.722210
19.981656 20.249219 20.632699 20.768961 20.926681 21.249534
21.472900 21.459347 21.051748 20.902770 21.020572 21.061618
21.017462 21.082883 21.250400 21.243089 21.119934 21.127943
20.933969 20.568799 20.478787 20.237966 20.227367 20.204321
20.274883 20.506316 20.713494 20.805903 20.871878 20.753198
20.612184 20.662312 20.886688 21.334676 21.616786 21.838565
22.008727 21.921278 21.821707 21.691195 21.596161 21.472465
21.478950 21.507285 21.357411 21.280105 21.254848 21.362566
21.365583 21.065757 20.810618 20.602794 20.363545 20.284002
20.044169 19.850806 19.776535 19.559816 19.517933 19.366169
19.273254 19.421706 19.282989 19.202973 19.219989 19.179704
19.169526 18.832748 18.660671 18.505730 18.242844 18.512339
18.974931 19.441869 19.941985 20.040837 19.967256 19.734058
19.598461 19.699638 19.500429 19.567165 19.696913 19.579500
19.634894 19.621453 19.417231 19.434075 19.824900 19.876746
19.864758 20.270449 20.530502 20.790100 21.002943 21.002362
20.874356 20.680118 20.539358 20.420844 20.406126 20.640010
20.834144 20.798151 20.664647 20.446602 20.302413 20.437043
20.574004 20.747856 20.837820 20.599510 20.503487 20.333364
20.071557 19.858375 19.476209 19.235801 19.415447 19.708287
19.937528 20.055329 19.848418 19.707504 19.858600 20.083594
20.416619 20.631437 20.568853 20.638353 20.819425 21.039185
21.279728 21.199848 20.761165 20.417198 20.497401 20.733402
20.963013 21.335871 21.719237 21.581104 21.167973 21.051268
21.105589 21.061648 20.874456 20.814499 20.867723 20.939199
21.064168 21.408638 21.816195 21.846430 21.812574 21.907635
21.661263 21.247837 21.121681 21.038840 20.724130 20.407558
20.227328 20.133018 20.107887 20.125528 20.319542 20.375436
20.101324 19.859492 19.927768 20.089366 20.239008 20.671502
21.005482 21.180620 21.501522 21.728924 21.602560 21.240768
21.020333 20.911514 21.008937 21.167114 21.204004 21.160625
21.010176 20.968608 21.019452 20.952631 20.703670 20.537593
20.131313 20.215396 20.274736 20.330525 20.479549 20.666921
20.697262 20.764527 20.861347 20.885079 20.859112 20.959140
21.438047 21.706037 21.743884 21.752374 21.700019 21.751410
21.681494 21.628464 21.571158 21.524963 21.565615 21.520239
21.454033 21.450578 21.613768 21.496462 21.207272 20.958193
20.711922 20.574053 20.486448 20.257577 20.231190 20.289479
20.030944 19.902544 19.670509 19.482833 19.641325 19.550773
19.410425 19.392204 19.307263 19.143394 18.820265 18.682745
18.600405 18.469353 18.720503 19.164239 19.517924 19.793132
19.856670 19.760390 19.640656 19.570270 19.503994 19.539142
19.636536 19.617875 19.629417 19.680543 19.627317 19.345428
19.449182 19.821244 19.833927 19.904963 20.201991 20.415424
20.679548 21.038813 21.223211 21.093282 20.794965 20.546641
20.468690 20.502888 20.653636 20.916938 20.907206 20.755749
20.399928 20.185847 20.401176 20.454703 20.735638 21.036115
20.833280 20.693143 20.442100 20.119170 19.707247 19.275402
19.301490 19.652888 19.848153 19.737898 19.771527 19.786683
19.664205 19.749734 20.018174 20.407469 20.568273 20.294072
20.254874 20.460371 20.713496 21.018583 21.132963 20.953025
20.636832 20.552621 20.668275 20.904154 21.296344 21.693169
21.679494 21.322979 21.184699 21.175932 21.068311 20.911496
20.904397 20.974603 20.966932 21.050148 21.270930 21.654299
21.847800 21.876221 21.730422 21.440961 21.211883 21.090601
20.953447 20.572611 20.286885 20.101102 20.177172 20.348981
20.168991 20.128921 20.296753 20.107989 19.892113 19.995178
20.114828 20.245340 20.613360 21.081613 21.417094 21.654550
21.733267 21.485360 21.180684 21.043424 20.997339 21.068791
21.213966 21.255487 21.097771 20.903004 20.911440 20.970095
20.948963 20.835718 20.721470 20.134183 20.160152 20.203891
20.402880 20.649684 20.783976 20.628336 20.564294 20.742785
20.861050 20.886469 21.085645 21.515270 21.569613 21.506458
21.613556 21.746388 21.768733 21.572299 21.529924 21.566864
21.430878 21.354969 21.512208 21.512388 21.529489 21.663077
21.411254 21.124908 21.081542 20.941455 20.666883 20.535695
20.339314 20.363424 20.447752 20.364076 20.330693 20.058440
19.800263 19.760271 19.654941 19.504683 19.453602 19.304769
18.967963 18.867549 18.932669 18.763369 18.660891 18.909367
19.290895 19.603218 19.714837 19.642425 19.514239 19.517136
19.583561 19.630560 19.833271 19.831455 19.679889 19.732832
19.729018 19.652890 19.447023 19.456254 19.627558 19.780677
20.008253 20.151452 20.435771 20.864835 21.150042 21.188949
21.028098 20.740969 20.542529 20.484699 20.495004 20.604515
20.900076 21.066836 20.910244 20.468189 20.188300 20.242256
20.291969 20.619440 21.032215 21.000719 20.757198 20.328096
19.988679 19.654723 19.319612 19.358395 19.535400 19.610608
19.497587 19.564208 19.725794 19.739615 19.776692 19.965388
20.207579 20.311088 20.182849 20.103254 20.232472 20.461596
20.683342 20.777537 20.954440 20.906954 20.723023 20.883467
21.072023 21.150482 21.400389 21.577082 21.327248 21.217846
21.286254 21.094506 21.052265 21.180398 21.212103 21.169730
21.292013 21.498301 21.490213 21.619047 21.664865 21.394939
21.325621 21.183876 20.917372 20.780720 20.527648 20.212309
20.104017 20.206033 20.278355 20.326878 20.319393 20.303756
20.170886 19.985755 19.871625 19.915547 20.239145 20.472019
20.695930 21.073986 21.381297 21.374021 21.122829 20.925338
20.938263 21.024537 20.967250 21.061520 21.135003 20.985891
20.843390 20.771951 20.721905 20.663172 20.771796 20.895741
20.103838 20.069502 20.176281 20.448568 20.737768 20.869571
20.744483 20.763880 20.845787 20.904713 21.089814 21.289963
21.506302 21.585094 21.686945 21.871431 21.923476 21.811426
21.638672 21.621079 21.752446 21.598560 21.336682 21.523475
21.528467 21.369877 21.316839 20.982700 20.677528 20.782719
20.910681 20.715276 20.506551 20.441988 20.398730 20.356503
20.510524 20.565513 20.195568 19.902948 19.768981 19.640456
19.572124 19.412685 19.157415 18.956063 19.121323 19.273623
19.048069 18.977259 19.159264 19.458456 19.796320 19.906758
19.736114 19.517952 19.497769 19.635230 19.999464 20.129301
19.846081 19.746479 19.830036 19.823677 19.768293 19.521501
19.345606 19.561101 19.798809 20.015011 20.234120 20.546593
20.824105 20.982429 21.063147 20.971303 20.875540 20.787276
20.631200 20.504425 20.708249 20.986753 20.952615 20.806620
20.555625 20.326600 20.304590 20.263532 20.479249 20.877676
20.873252 20.605822 20.250526 19.949235 19.668806 19.488024
19.511925 19.484051 19.477442 19.515081 19.568260 19.682816
19.815157 19.901137 19.899678 20.034248 20.170804 20.087389
20.040931 20.117600 20.213954 20.339904 20.485965 20.843743
20.994306 21.010769 21.177491 21.146287 21.015385 21.224201
21.501538 21.373255 21.314271 21.286303 21.115696 21.174724
21.375916 21.399964 21.295667 21.370681 21.714670 21.764065
21.654754 21.494664 21.245088 21.186629 21.171244 21.008629
20.784227 20.354735 19.974329 20.126697 20.159043 20.041831
20.210675 20.326042 20.290826 20.180692 20.035308 19.881686
19.842180 20.118984 20.334214 20.396023 20.644308 21.058635
21.069074 20.788203 20.693329 20.739567 20.852651 20.763443
20.701478 20.715423 20.651969 20.602427 20.581541 20.464864
20.351022 20.471871 20.570829 19.900341 19.994693 20.172009
20.417041 20.676973 20.755208 20.734326 20.945222 21.142864
21.117117 21.244145 21.405089 21.452821 21.593086 21.837069
22.044720 22.113403 22.084240 21.934882 21.797185 21.840475
21.774707 21.666240 21.752932 21.575597 21.159851 20.914728
20.680191 20.415407 20.570462 20.902627 20.788595 20.530655
20.392878 20.272121 20.214303 20.382641 20.472740 20.000783
19.626947 19.637800 19.624098 19.637730 19.488220 19.179127
19.074190 19.247482 19.301841 19.205940 19.231419 19.308836
19.574119 19.975269 20.158018 19.961443 19.654788 19.631571
19.817701 20.139404 20.101172 19.794567 19.756958 19.865106
19.866394 19.739514 19.442408 19.270704 19.585219 19.834591
19.958034 20.267246 20.575140 20.689110 20.838639 20.973504
20.896207 20.947283 20.937105 20.755641 20.655308 20.880799
21.091146 20.880814 20.709693 20.618225 20.586273 20.564781
20.452003 20.438339 20.584654 20.579649 20.379311 20.158682
19.787535 19.430955 19.449905 19.664887 19.734753 19.719689
19.657903 19.522462 19.477418 19.695786 20.003448 19.998708
19.989447 20.026157 19.980522 19.994330 20.038601 20.144425
20.193176 20.370302 20.744091 20.972068 21.067527 21.060610
20.937085 20.890473 21.184974 21.424175 21.325860 21.256911
21.171374 21.167255 21.236822 21.413251 21.607865 21.596384
21.541691 21.735224 21.925128 21.678805 21.379971 21.275788
21.060912 20.910978 20.856350 20.627825 20.143419 19.894036
20.079664 20.083446 19.980063 19.963564 20.062117 20.077112
19.860443 19.706918 19.662797 19.731842 20.040722 20.345068
20.400609 20.505733 20.896977 20.867840 20.538901 20.518328
20.686103 20.721624 20.467095 20.450690 20.454660 20.340975
20.479966 20.611779 20.482522 20.323824 20.227073 20.158878
19.814569 20.000117 20.221305 20.401586 20.595076 20.745967
20.815887 20.914609 21.136083 21.365014 21.448618 21.491196
21.498725 21.481617 21.709380 21.986706 22.201186 22.259899
22.055139 21.931973 21.925393 21.825046 21.774303 21.697155
21.349099 20.931508 20.730168 20.696640 20.472779 20.469414
20.728292 20.661238 20.478402 20.291068 20.100200 20.025043
20.052424 20.053496 19.747036 19.492155 19.603392 19.641587
19.587884 19.440720 19.166575 18.896220 18.898612 19.027204
19.196649 19.278796 19.239129 19.661777 20.137636 20.173226
19.973840 19.691920 19.639060 19.772801 19.909346 19.882503
19.779991 19.705688 19.741052 19.717633 19.554649 19.322125
19.244661 19.462011 19.547487 19.857143 20.294245 20.539250
20.764676 20.848482 20.774584 20.734959 20.783690 20.826897
20.855124 20.838784 20.831194 20.790378 20.696768 20.541430
20.406983 20.501288 20.538033 20.458849 20.400139 20.371982
20.318510 20.119418 19.863129 19.711650 19.631883 19.572072
19.697007 19.810040 19.791165 19.705429 19.585456 19.528678
19.751502 20.129787 20.225400 20.097293 20.021200 20.068231
20.086845 20.156822 20.343514 20.425567 20.462485 20.734386
20.955236 21.001781 20.903118 20.797688 20.885835 21.113130
21.196939 21.103489 21.093532 21.113645 21.219769 21.323948
21.412747 21.635620 21.757287 21.505756 21.394598 21.549757
21.482091 21.378690 21.304517 20.982222 20.527428 20.297257
20.198907 20.068203 19.857948 19.851601 19.853883 19.664503
19.602365 19.725512 19.791089 19.675482 19.474783 19.319185
19.481503 19.943686 20.378106 20.422587 20.387027 20.580290
20.502269 20.379350 20.553790 20.750104 20.649335 20.352535
20.342449 20.331211 20.338778 20.373767 20.446315 20.469578
20.211991 20.042272 20.046841 19.935618 20.029337 20.279192
20.508542 20.611935 20.739707 20.877864 20.838262 20.962548
21.364916 21.521327 21.556832 21.607066 21.631757 21.795861
21.975664 22.000189 22.001022 21.916520 21.912714 21.980604
21.726687 21.477494 21.277164 20.950087 20.747830 20.617762
20.512964 20.454093 20.357868 20.290570 20.282052 20.382529
20.351949 20.025420 19.879431 19.719171 19.523835 19.515365
19.389086 19.448690 19.573352 19.353775 19.239584 19.218170
18.839826 18.687955 18.954931 19.207831 19.325286 19.316453
19.693019 20.057195 19.985464 19.790327 19.397180 19.138576
19.230492 19.428813 19.568293 19.689096 19.663202 19.707048
19.697862 19.501272 19.355142 19.366619 19.509593 19.578035
19.897762 20.299850 20.671858 21.002323 20.941247 20.841171
20.894745 20.734332 20.618021 20.788248 20.853002 20.683043
20.486109 20.461194 20.401981 20.147166 19.964947 20.036508
20.265559 20.218305 20.076957 20.064000 19.848289 19.700960
19.858608 19.887408 19.767247 19.732322 19.593926 19.747501
19.947626 19.773822 19.669905 19.865405 20.173553 20.325564
20.226473 20.106317 20.188460 20.334946 20.459662 20.649797
20.810822 20.675687 20.645992 20.754188 20.920290 20.924866
20.842914 20.939304 21.022404 20.998732 20.918482 21.041273
21.130026 21.160479 21.245188 21.394301 21.586916 21.647848
21.353029 21.079677 21.130737 21.208299 21.110558 20.863758
20.619659 20.176345 19.699019 19.728971 19.882502 19.732708
19.617521 19.682563 19.547408 19.410602 19.595716 19.740656
19.670928 19.472237 19.406367 19.527905 19.823758 20.287244
20.430922 20.263155 20.200638 20.061615 20.083716 20.417488
20.602994 20.534029 20.412234 20.356883 20.428626 20.580754
20.501398 20.359352 20.204787 19.923328 19.981554 20.172398
20.154608 20.114206 20.141246 20.317729 20.490896 20.651719
20.927051 21.041027 21.014056 21.147579 21.417132 21.543069
21.614196 21.734088 21.853050 22.055617 21.954371 21.792892
21.848479 21.939179 21.957382 21.720792 21.374386 21.014692
20.812629 20.815990 20.666196 20.522567 20.601664 20.558783
20.234231 20.012093 20.160632 20.205956 19.832657 19.562740
19.381366 19.325093 19.574971 19.536505 19.483295 19.598542
19.422139 19.333156 19.372199 19.206728 19.060700 19.162070
19.366598 19.378825 19.290288 19.489778 19.718302 19.685414
19.451710 19.109700 18.871180 19.004542 19.154953 19.323734
19.753828 19.795842 19.792696 19.801452 19.616886 19.599827
19.596320 19.745007 20.004341 20.148869 20.381150 20.734647
20.912011 20.809538 20.750718 20.826550 20.690431 20.442946
20.614736 20.740100 20.544790 20.335186 20.393773 20.416768
20.039105 19.712759 19.662023 19.907167 19.815241 19.609183
19.774217 19.768298 19.802128 19.949155 19.938403 20.073443
20.017335 19.689738 19.915725 20.090983 19.788080 19.632492
19.831568 20.171952 20.371543 20.463623 20.411767 20.452440
20.476560 20.621482 20.933210 20.946344 20.700457 20.557249
20.731894 21.023491 20.997134 20.880169 21.015952 21.061191
20.868761 20.679889 20.961260 21.219101 21.160365 21.142040
21.379056 21.482523 21.369005 21.298895 21.129923 21.055089
21.087026 20.828448 20.399158 20.096681 19.673239 19.251012
19.325739 19.543577 19.566864 19.479851 19.670537 19.787028
19.558250 19.626530 19.756553 19.713021 19.715283 19.834931
19.922589 20.060181 20.406462 20.456502 20.144630 20.044223
19.874205 19.766330 19.946262 20.170757 20.233051 20.287444
20.430578 20.560806 20.745728 20.762549 20.396249 19.970740
19.792317 20.049631 20.336198 19.945650 19.980629 19.992578
20.166215 20.431022 20.737199 21.096645 21.218063 21.144906
21.130117 21.314982 21.535920 21.807043 21.920243 21.988767
22.271531 22.245251 21.993225 21.841989 21.749072 21.727260
21.611872 21.403342 21.185759 21.094091 20.919864 20.691703
20.680705 20.772766 20.691265 20.203495 19.810088 19.840509
19.831579 19.740556 19.614467 19.386970 19.523235 19.909522
19.851734 19.610145 19.731750 19.764072 19.584261 19.495496
19.449445 19.465344 19.528603 19.530778 19.275873 19.110833
19.311698 19.489417 19.431237 19.177813 19.130061 19.195494
19.162491 19.106839 19.271098 19.757726 19.955221 19.898980
19.854832 19.930452 20.075116 19.977105 20.000927 20.175166
20.304862 20.430635 20.490137 20.513560 20.482771 20.426247
20.449368 20.444348 20.361342 20.531047 20.621223 20.397766
20.121979 20.218956 20.254517 19.909844 19.773983 19.609561
19.426046 19.319298 19.405506 19.690484 19.810816 19.973453
20.145910 20.261794 20.378966 20.145378 19.735782 19.860457
20.098381 19.929191 19.807466 20.019005 20.196215 20.291509
20.519294 20.624243 20.642472 20.440379 20.442458 20.691965
20.695660 20.654869 20.703025 20.756465 20.921050 21.032556
20.968451 21.011660 20.944525 20.759748 20.618327 20.820911
21.174679 21.268425 21.187126 21.230286 21.254584 21.194137
21.244217 21.204223 21.150652 21.246770 20.939201 20.244309
19.724859 19.453837 19.227473 19.074409 19.176776 19.337284
19.417756 19.542573 19.621249 19.458944 19.403567 19.501627
19.683567 19.951918 20.126161 20.244720 20.425533 20.527347
20.274756 20.049217 20.080979 19.933971 19.752486 19.681736
19.713559 19.894866 20.051418 20.117992 20.192193 20.438585
20.507816 20.102225 19.882775 19.974690 20.135952 20.247919
19.611374 19.726839 19.924770 20.202020 20.525317 20.842156
21.118154 21.121057 21.054650 21.204616 21.333718 21.528572
21.858204 21.979631 22.067537 22.204690 22.136393 21.945642
21.654254 21.398424 21.346761 21.257673 21.228245 21.378048
21.272337 20.860722 20.643998 20.700549 20.686814 20.406306
19.965283 19.547432 19.608275 19.749973 19.921444 20.185642
20.090020 19.975037 19.990419 19.889616 19.708701 19.819598
19.847405 19.826773 19.763630 19.507347 19.522607 19.654329
19.457866 19.191022 19.082257 19.141142 19.351705 19.442668
19.310459 19.284834 19.439522 19.250196 19.078074 19.225181
19.507783 19.824637 19.836458 19.889906 20.242159 20.405743
20.317361 20.129992 20.101570 20.237608 20.216032 20.105485
20.092958 20.174525 20.036749 19.973759 20.255652 20.463557
20.584155 20.602935 20.279104 20.014191 20.143373 20.109998
19.958031 19.808082 19.612729 19.413839 19.134913 19.359251
19.694779 19.696579 19.818916 20.027567 20.110468 20.148078
20.069128 19.802219 19.824717 20.210150 20.250230 20.065156
20.127598 20.081230 20.121763 20.325946 20.442323 20.509181
20.517431 20.523199 20.599017 20.795440 20.862583 20.707306
20.493210 20.576301 20.938735 21.077353 20.992181 20.809289
20.847189 20.994670 21.020664 21.216519 21.396026 21.248693
20.992817 21.079443 21.250232 21.209010 21.184210 21.179490
21.296974 20.927179 20.089270 19.677455 19.638942 19.438219
19.104411 19.079501 19.229257 19.260455 19.309168 19.456803
19.494379 19.492003 19.469648 19.682837 20.171954 20.413369
20.475287 20.590572 20.437041 20.017875 19.873111 19.882598
19.795138 19.714386 19.571827 19.479074 19.611994 19.708527
19.736314 19.815052 19.855107 19.947984 19.776659 19.737179
19.983584 20.103049 20.160732 19.393391 19.519108 19.752703
20.118238 20.523938 20.730646 20.938197 21.014754 21.049694
21.344308 21.474071 21.462682 21.670233 21.850848 21.960187
22.038981 21.873288 21.595073 21.474486 21.288965 21.181717
21.110408 20.982774 21.086709 21.051607 20.792022 20.641063
20.637454 20.426775 20.026842 19.795764 19.633698 19.714708
19.939337 20.079504 20.347222 20.416818 20.204464 20.026509
19.933418 19.890287 19.949443 19.920541 19.799544 19.666854
19.499409 19.501014 19.457947 19.327139 19.284017 19.125819
19.231506 19.593297 19.718925 19.786622 19.781849 19.723182
19.433050 19.102060 19.153447 19.412034 19.630287 19.730910
19.969445 20.283323 20.488362 20.506843 20.186107 20.021401
20.271889 20.303532 19.993711 19.721506 19.786092 19.732749
19.711930 20.252967 20.695788 20.722219 20.540611 20.103117
19.803466 19.891382 19.965414 20.016051 19.832949 19.634899
19.573731 19.319027 19.233046 19.308441 19.341141 19.369931
19.585860 19.838636 20.010686 20.174757 20.092281 19.958995
20.136778 20.323845 20.192064 20.112798 20.070925 20.222480
20.476133 20.620922 20.686308 20.687107 20.806275 20.873440
21.041015 21.061482 20.766523 20.569306 20.641128 20.926791
21.116020 21.118829 21.181311 21.232397 21.340123 21.420464
21.467585 21.487987 21.249516 21.026044 21.083265 21.180051
21.098662 21.038870 21.003108 21.019424 20.795913 20.160026
19.709366 19.579923 19.483451 19.313267 19.185690 19.143895
18.983884 19.032448 19.391762 19.690347 19.836991 19.862911
20.084455 20.524170 20.668549 20.580199 20.588786 20.375307
19.905635 19.585134 19.479055 19.461327 19.452461 19.424558
19.467535 19.570788 19.584697 19.630725 19.661790 19.530792
19.632900 19.693694 19.633238 19.679798 19.813144 19.962670
19.234894 19.294529 19.415774 19.835560 20.242888 20.410890
20.678871 20.771045 20.858580 21.291997 21.498416 21.519238
21.762568 22.001309 22.079111 22.130735 21.938305 21.482302
21.397163 21.296762 21.122082 21.043050 20.914149 20.990883
21.062261 20.860494 20.722073 20.613108 20.274170 19.899243
19.655614 19.668622 19.811507 19.977880 20.086266 20.184213
20.137800 19.975049 19.953722 19.926090 19.908259 19.914889
19.709087 19.402156 19.282775 19.452628 19.673875 19.519990
19.418847 19.346722 19.210346 19.619376 20.041801 20.130632
20.206212 20.121058 19.901516 19.623725 19.301654 19.307594
19.596051 19.727266 19.842239 20.039710 20.238358 20.399375
20.444018 20.329273 20.219251 20.390340 20.392546 19.999728
19.633311 19.554427 19.614198 19.785774 20.214671 20.538865
20.469643 20.220553 19.888141 19.509799 19.374800 19.614465
19.870504 19.843980 19.687202 19.609027 19.557193 19.249800
18.971221 18.996570 19.169106 19.589165 19.900576 19.976662
20.190607 20.233649 19.940726 19.953596 20.340224 20.270889
20.137639 20.237805 20.554302 20.892034 21.079272 21.101139
20.846863 20.892644 21.051374 21.139255 21.150032 21.054672
20.881462 20.805463 21.086012 21.195186 21.139375 21.451404
21.574913 21.639150 21.754603 21.516504 21.293909 21.194922
21.163868 21.088352 21.049482 21.114914 21.072799 21.013860
20.820308 20.536081 20.235740 19.840118 19.608341 19.566555
19.530806 19.323673 19.040081 18.782193 18.848986 19.293912
19.788552 20.012206 20.144022 20.495863 20.690246 20.600378
20.354679 20.191602 20.069698 19.763166 19.484586 19.404633
19.329094 19.313564 19.426982 19.539865 19.722031 19.785153
19.789370 19.784911 19.674484 19.652983 19.772141 19.688705
19.432589 19.427892 19.498148 19.242369 19.305919 19.380176
19.566475 19.926188 20.149367 20.362380 20.491981 20.514946
20.879479 21.254753 21.517853 21.818435 21.983839 22.089151
22.155447 22.061628 21.599955 21.324187 21.396874 21.278817
21.198327 21.204234 21.387933 21.360905 21.040674 20.901258
20.673575 20.335710 20.143119 19.892228 19.674779 19.736303
19.855550 19.893863 19.961993 20.003741 19.760038 19.697270
19.801439 19.818160 19.757736 19.570370 19.515186 19.369130
19.375428 19.541841 19.439429 19.554898 19.512176 19.393291
19.718479 19.981014 20.234718 20.346747 20.205541 20.060117
19.915002 19.675775 19.592875 19.639681 19.710846 19.796329
19.888070 20.101764 20.263158 20.455999 20.547315 20.466462
20.458437 20.360449 20.006456 19.732746 19.545691 19.620502
19.828636 20.070452 20.256200 20.277970 20.202287 19.832382
19.468848 19.205117 19.388920 19.729327 19.716900 19.631629
19.582590 19.556244 19.295586 18.978470 18.867764 19.115409
19.679488 19.950770 20.015174 20.181961 20.196558 19.852116
19.704378 20.165387 20.396390 20.320912 20.414860 20.733291
21.100171 21.333942 21.292286 21.099282 21.190289 21.312661
21.476788 21.522311 21.287985 20.965925 20.866628 21.223954
21.252653 21.054202 21.352302 21.550061 21.736115 21.922974
21.632407 21.285840 21.201090 21.211897 21.047424 21.088551
21.390901 21.355190 21.249631 20.885014 20.325269 20.217609
20.126831 19.928474 19.828491 19.723965 19.413229 19.084531
18.845247 18.909807 19.360999 19.949283 20.259792 20.427959
20.641897 20.621891 20.463970 20.059709 19.823487 19.936133
19.823970 19.595552 19.480782 19.397852 19.434710 19.602821
19.679347 19.807262 20.014696 20.035414 19.926459 19.794361
19.724430 19.753603 19.656909 19.376809 19.299841 19.347709
19.222046 19.310625 19.404354 19.447129 19.749696 20.017843
20.161357 20.352856 20.376174 20.574901 20.952211 21.166242
21.465698 21.737619 22.016022 22.227077 22.201181 21.870702
21.579897 21.684222 21.605593 21.507196 21.551619 21.594456
21.402329 21.150439 21.061751 20.827976 20.556707 20.511714
20.293042 19.849543 19.766116 19.809180 19.721286 19.847653
19.942761 19.637616 19.545270 19.580849 19.467125 19.452021
19.589698 19.728300 19.557297 19.356646 19.278261 19.234163
19.464891 19.556827 19.551187 19.732829 19.865595 20.056890
20.184542 20.202730 20.194181 20.091571 19.838043 19.611797
19.560345 19.529360 19.514243 19.705653 19.919501 20.206533
20.552525 20.648094 20.484981 20.359482 20.260243 20.162404
20.045109 19.748126 19.797408 19.909264 19.958599 20.091081
20.276478 20.327517 20.015744 19.764744 19.402473 19.260481
19.519653 19.718656 19.719529 19.570231 19.501664 19.392982
19.113552 18.972731 19.166928 19.655306 20.116931 20.225954
20.221607 20.106852 19.810022 19.654365 19.953847 20.424985
20.677073 20.836728 21.089840 21.352796 21.464217 21.322221
21.257096 21.386050 21.440975 21.580977 21.566377 21.276888
20.966510 21.023052 21.172115 20.957334 20.921981 21.348892
21.555921 21.568237 21.630561 21.636249 21.443985 21.262572
21.225456 21.024093 21.162350 21.412447 21.369582 21.207408
20.764724 20.385415 20.409999 20.392024 20.272353 20.064758
19.862915 19.602440 19.339614 19.159400 19.173858 19.649111
20.244715 20.583890 20.670394 20.629728 20.536441 20.356551
20.046215 19.925585 20.040806 19.862112 19.544335 19.404230
19.372060 19.460368 19.647577 19.741871 19.816694 19.976813
19.939081 19.920807 19.859028 19.771550 19.683642 19.569301
19.368045 19.326502 19.479975 19.106139 19.212154 19.434800
19.532843 19.659642 20.023362 20.377393 20.569352 20.404115
20.263184 20.484512 20.727946 21.116726 21.552738 21.971488
22.278225 22.252068 22.089853 21.988300 21.979459 21.814418
21.626126 21.631270 21.493454 21.159071 21.029107 21.096164
21.009021 20.895573 20.828500 20.504779 20.120206 20.078548
20.093011 19.942509 19.885048 19.745862 19.480927 19.393101
19.328974 19.166302 19.161023 19.417550 19.583574 19.491174
19.345395 19.143475 19.240185 19.504565 19.546665 19.671762
19.845013 19.949095 20.043035 20.233559 20.237154 20.067697
19.900497 19.765529 19.548737 19.406817 19.494702 19.479609
19.601533 19.854336 20.181987 20.377575 20.348007 20.217955
20.074961 19.978381 20.107160 20.208926 19.889911 19.789683
19.966059 20.060625 20.095807 20.270497 20.303405 20.115096
19.906537 19.523464 19.389583 19.682665 19.901860 19.885016
19.796322 19.791955 19.710172 19.447109 19.343916 19.481207
19.904987 20.291683 20.281018 20.207930 20.099630 19.954418
19.987697 20.115298 20.450949 20.942244 21.216062 21.343129
21.514869 21.547057 21.344565 21.296237 21.365912 21.433225
21.415864 21.294820 21.219066 21.079033 21.126425 21.037429
20.708901 20.774300 21.244560 21.534298 21.542631 21.371164
21.364537 21.394395 21.221485 21.011937 20.814736 20.914066
20.919128 20.796672 20.736752 20.606701 20.768092 20.918650
20.811728 20.693737 20.288713 19.970226 19.815878 19.581130
19.389985 19.506838 19.997045 20.471540 20.822887 20.817041
20.574322 20.422404 20.163243 20.033787 19.867497 19.766451
19.675836 19.498242 19.436806 19.342220 19.488059 19.657480
19.782236 19.902293 19.795126 19.644448 19.842225 19.920050
19.843817 19.843709 19.539387 19.202963 19.254835 19.399817
19.011101 19.134852 19.526196 19.710853 19.763417 20.092237
20.506864 20.697294 20.355138 20.034184 20.147390 20.514865
20.926415 21.249952 21.635820 22.061698 22.199842 22.160971
22.111304 21.973953 21.932081 21.708336 21.408334 21.239755
20.904919 20.771449 21.033211 21.239655 21.224057 20.977037
20.537965 20.293581 20.394321 20.377944 20.205641 20.027995
19.751045 19.493984 19.350358 19.279552 19.249023 19.224539
19.248343 19.369491 19.355154 19.221166 19.181174 19.448289
19.728686 19.776400 19.805274 19.857702 19.951653 20.093180
20.331552 20.394823 20.206296 19.911616 19.825271 19.732626
19.544170 19.700819 19.834284 19.856205 19.946418 20.182052
20.248532 20.115231 20.034727 19.976019 19.913117 19.816143
19.829996 19.868580 20.063193 20.165127 20.202696 20.361799
20.454134 20.369287 20.090461 19.763744 19.528799 19.667055
19.993629 20.032606 19.996862 20.103659 20.155615 19.976979
19.690403 19.641901 19.831608 20.139662 20.341851 20.434433
20.384558 20.331870 20.272219 20.205314 20.316514 20.550616
20.867976 21.219398 21.408097 21.495856 21.556525 21.515512
21.440333 21.375040 21.332471 21.359966 21.400444 21.231857
21.058561 21.098183 21.044271 20.908863 21.000232 21.176580
21.360806 21.592715 21.472449 21.185351 21.147085 21.052126
20.867390 20.747843 20.614150 20.471144 20.387452 20.518698
20.681599 20.928030 21.030483 20.879263 20.778846 20.409795
20.074082 19.899517 19.600801 19.592528 19.946630 20.242250
20.523576 20.876274 20.892473 20.561734 20.335931 20.146468
20.021693 19.804690 19.587546 19.573175 19.579022 19.553995
19.554808 19.661202 19.756325 19.775296 19.798265 19.705609
19.511864 19.482261 19.561274 19.709342 19.780041 19.544092
19.273587 19.230352 19.261833 19.093550 19.125831 19.507581
19.702036 19.706150 20.009920 20.323797 20.479453 20.326867
20.166005 20.243732 20.594824 20.937229 21.123927 21.284668
21.523123 21.886740 22.064981 21.911991 21.662741 21.654077
21.503888 21.057199 20.864270 20.690145 20.614672 20.925361
21.249517 21.299695 20.932321 20.442910 20.238972 20.272018
20.376078 20.393276 20.302191 20.095509 19.683043 19.392747
19.293931 19.289565 19.270873 19.083325 19.149380 19.282954
19.273451 19.409047 19.654321 19.786935 19.837579 19.842007
19.934097 20.226310 20.455943 20.433508 20.408731 20.339751
20.019635 19.869325 19.921185 19.824564 19.857382 20.044569
20.093372 20.172815 20.315750 20.257581 20.131091 20.123888
20.144077 20.004107 19.659849 19.520024 19.900526 20.481330
20.461010 20.334865 20.476848 20.502466 20.412456 20.068828
19.659739 19.673540 20.029582 20.243437 20.233204 20.160102
20.238309 20.244288 20.060589 19.942028 19.986214 20.258912
20.353132 20.320549 20.482088 20.561520 20.630035 20.522150
20.312786 20.411206 20.572166 20.790890 21.181130 21.466139
21.623866 21.573797 21.540022 21.502875 21.244040 21.146848
21.215246 21.262844 21.132667 20.909576 20.895271 21.079966
21.195775 21.258721 21.150699 21.060593 21.274318 21.324474
21.014791 20.836030 20.855753 20.837711 20.762206 20.609800
20.583240 20.646713 20.686387 20.708783 20.776135 20.919073
20.844539 20.617120 20.465025 20.376086 20.044124 19.630950
19.831441 20.151328 20.378624 20.651391 20.761909 20.783743
20.676104 20.399239 20.262903 20.126387 19.917341 19.691330
19.531502 19.528072 19.472865 19.569520 19.536518 19.631355
19.748621 19.598443 19.574046 19.426114 19.223457 19.193372
19.238650 19.300557 19.423159 19.384762 19.293101 19.348056
19.124039 19.220999 19.571687 19.704565 19.698421 19.906324
20.037522 20.248997 20.469295 20.402286 20.322526 20.610754
20.939114 21.091196 21.166956 21.122495 21.372504 21.693490
21.550225 21.385286 21.401770 21.231830 20.864462 20.745135
20.681113 20.641912 20.785971 20.966851 21.033983 20.696661
20.325968 20.178479 20.132632 20.402268 20.706473 20.639587
20.274093 19.717927 19.344606 19.241838 19.199021 19.131427
18.944435 18.964925 19.236478 19.536481 19.702708 19.775060
19.906824 19.896049 19.850536 19.939918 20.334964 20.651072
20.485820 20.417240 20.368469 19.997813 19.834754 19.908334
19.953334 20.082911 20.118600 20.168438 20.391564 20.472857
20.352784 20.259622 20.364252 20.375613 20.082927 19.702863
19.757071 20.157178 20.509897 20.520914 20.288984 20.240411
20.243966 20.185159 19.886076 19.610589 19.853174 20.252068
20.387337 20.285126 20.257273 20.312473 20.202564 20.152129
20.208344 20.319272 20.578424 20.700529 20.565299 20.575848
20.670278 20.535985 20.478717 20.505688 20.491788 20.556326
20.862555 21.269330 21.420838 21.559075 21.567889 21.482612
21.377554 21.063097 20.968287 21.074767 21.252808 21.249547
20.942230 20.814911 20.986871 21.239377 21.208201 20.980179
20.868819 20.982649 21.018286 20.800949 20.699611 20.691655
20.729665 20.880360 20.882834 20.844780 20.936114 20.883952
20.722058 20.709444 20.921450 20.960386 20.633714 20.520545
20.559076 20.298329 20.075561 20.240932 20.398993 20.587430
20.695897 20.521330 20.587073 20.629794 20.376862 20.245833
20.072343 19.813323 19.578118 19.502174 19.597333 19.466041
19.476998 19.517856 19.552493 19.710190 19.529348 19.382086
19.206974 19.056542 19.087949 18.974364 19.095576 19.410822
19.472552 19.472081 19.530030 19.434715 19.511266 19.669563
19.704827 19.697435 19.831091 19.915566 20.115141 20.464718
20.615044 20.478055 20.580545 20.912777 20.985075 20.866834
20.678469 20.874974 21.269124 21.270281 21.286062 21.363867
21.186516 20.967886 20.844925 20.739530 20.680460 20.731778
20.859272 20.776915 20.526473 20.371082 20.273022 20.256027
20.485385 20.928737 20.956784 20.482906 19.967853 19.555587
19.265275 19.191979 19.090173 18.949594 18.981581 19.258192
19.634216 19.877602 19.924160 20.004163 20.114079 20.080480
20.125042 20.388231 20.719641 20.724755 20.610861 20.462580
20.133563 20.035174 19.987018 20.094611 20.334096 20.262806
20.395870 20.610847 20.601850 20.500155 20.328904 20.390847
20.382125 20.215629 20.029999 20.076389 20.371743 20.468555
20.383805 20.052292 19.840911 19.823294 19.713491 19.490482
19.453207 19.742152 19.964508 20.087084 20.041445 20.191856
20.423230 20.394219 20.521352 20.584997 20.587380 20.641411
20.729962 20.675402 20.704937 20.738344 20.403333 20.451092
20.731213 20.704966 20.637446 20.828533 21.159417 21.281888
21.295728 21.282005 21.176809 21.049239 20.894796 20.783352
20.952757 21.306998 21.200543 20.876731 20.888197 20.905926
21.014821 20.990508 20.772944 20.709349 20.783864 20.875715
20.854313 20.889994 20.796521 20.733790 20.965964 21.078307
21.084127 21.241139 21.198192 20.875548 20.672291 20.720523
20.894894 20.801977 20.635864 20.620813 20.496721 20.425879
20.582474 20.779347 20.850684 20.695628 20.332235 20.244209
20.208664 20.111763 20.106572 19.956173 19.724053 19.439339
19.418987 19.545773 19.506101 19.647362 19.780673 19.655758
19.533210 19.375498 19.219392 19.040975 18.889325 18.949256
19.061081 19.242355 19.473170 19.470384 19.378868 19.367822
19.935511 19.860765 19.707465 19.658670 19.749543 19.909348
20.059877 20.270841 20.581004 20.734951 20.717888 20.828280
20.992359 20.963294 20.625758 20.244742 20.473531 21.002397
21.166473 21.268322 21.370461 21.363314 21.218408 20.939896
20.808812 20.686423 20.596162 20.673965 20.665740 20.562762
20.467248 20.458442 20.557538 20.766046 21.055858 21.080090
20.723507 20.255906 19.845620 19.517589 19.405835 19.240196
18.998954 18.932823 19.183913 19.580272 19.866841 19.939749
19.966526 20.162107 20.469116 20.673873 20.765269 21.037933
21.056410 20.757935 20.573087 20.424868 20.270796 20.167219
20.154597 20.222996 20.200983 20.328592 20.495118 20.461593
20.455924 20.414615 20.441885 20.470719 20.322001 20.231108
20.080976 20.180308 20.371560 20.219018 19.840654 19.592703
19.616100 19.489972 19.311623 19.358096 19.619545 19.725495
19.715101 19.821750 20.012999 20.323837 20.634343 20.790987
20.757880 20.617708 20.592911 20.660518 20.625582 20.636575
20.593083 20.434638 20.515491 20.721487 20.790294 20.727593
20.835215 21.085711 21.166837 21.009661 20.844896 20.710287
20.571718 20.657877 20.666512 20.720000 20.919951 20.817281
20.775548 20.996456 21.051356 20.999601 20.970005 20.753869
20.625076 20.780168 20.981923 21.120405 21.255480 21.146221
20.908237 20.983804 21.190772 21.301698 21.350864 21.390909
21.228813 20.824991 20.591266 20.716159 20.839764 20.806207
20.691938 20.499480 20.436987 20.635574 20.876288 20.794451
20.549445 20.279788 20.058828 19.908061 19.949023 20.144933
20.028620 19.738671 19.495154 19.415890 19.408492 19.603716
19.948609 20.057795 19.942851 19.660438 19.438119 19.290461
19.233089 19.181304 19.366087 19.575843 19.465717 19.398006
19.279996 19.085360 18.969049 20.112984 19.978306 19.756546
19.711452 19.780004 19.892391 19.984984 20.133660 20.387992
20.606009 20.718792 20.826122 20.951194 20.956985 20.765208
20.439928 20.457488 20.859931 21.220805 21.359355 21.360916
21.354563 21.249298 20.981128 20.757158 20.529581 20.361530
20.389301 20.545336 20.601967 20.445118 20.496615 20.807741
20.980742 21.049095 21.108162 20.862532 20.394790 20.037108
19.871742 19.681434 19.429398 19.087368 18.893926 19.203424
19.536446 19.704034 19.887133 20.040715 20.249596 20.589634
20.831877 20.955124 21.164443 21.045973 20.708395 20.620277
20.527111 20.415487 20.411341 20.376017 20.207135 20.120534
20.012217 19.958423 20.032349 20.190267 20.453937 20.623402
20.650995 20.440781 20.215652 19.901795 19.781114 19.993481
19.985877 19.633197 19.552860 19.652343 19.523844 19.453521
19.563707 19.766693 19.769933 19.730350 19.869484 20.093963
20.288112 20.675316 20.823932 20.626860 20.481159 20.510406
20.685207 20.732422 20.574542 20.312043 20.371022 20.530060
20.521618 20.672285 20.794761 20.874320 21.064451 21.122731
20.919809 20.724522 20.640965 20.483960 20.409313 20.390149
20.480109 20.722933 20.816477 20.822138 20.939232 21.068989
21.023259 21.002688 20.891668 20.733888 20.848412 21.052974
21.269350 21.365049 21.241206 21.047763 21.071710 21.151191
21.103632 21.108892 21.268365 21.240001 20.843022 20.573570
20.539872 20.553288 20.613991 20.482526 20.387873 20.568696
20.710346 20.853066 20.675954 20.377832 20.206367 19.942022
19.788515 19.958435 20.231552 20.204551 19.932347 19.688900
19.578794 19.541996 19.822875 20.196047 20.273087 20.053186
19.768980 19.710949 19.703187 19.730568 19.665097 19.826625
19.935194 19.640203 19.371411 19.157533 18.907754 18.701759
20.151428 20.027886 19.844392 19.814574 19.833904 19.977095
19.985229 19.926920 20.107886 20.405109 20.551172 20.571483
20.763158 20.809778 20.704368 20.753682 20.817965 20.913166
21.272048 21.411939 21.270965 21.233958 21.182346 20.870079
20.474249 20.175111 20.040890 20.060140 20.284703 20.634275
20.657563 20.655555 20.743248 20.640205 20.753689 20.896008
20.696727 20.352293 20.056555 19.903014 19.575207 19.330786
19.173357 18.963309 19.249533 19.521812 19.653205 19.895461
20.017562 20.198343 20.514911 20.694505 20.774520 21.022088
20.932439 20.666600 20.547760 20.445151 20.406441 20.432433
20.447895 20.216523 20.061182 19.828177 19.665612 19.836790
20.022026 20.286271 20.416585 20.477417 20.353319 19.997943
19.731064 19.656881 19.729423 19.680138 19.463059 19.549858
19.658212 19.554289 19.504998 19.660252 19.823480 19.811493
19.947335 20.096110 20.282756 20.315447 20.468324 20.689564
20.638396 20.499037 20.439471 20.526541 20.468938 20.271682
20.092373 20.147523 20.274890 20.259797 20.419900 20.599213
20.552928 20.611504 20.770180 20.896467 20.815218 20.690707
20.612296 20.319049 20.228808 20.446538 20.805463 20.982944
20.765924 20.682791 20.892238 20.837577 20.604552 20.630690
20.481754 20.461916 20.872215 21.192346 21.214851 21.006724
20.935558 20.988107 20.958186 20.932530 20.967517 21.119620
21.058507 20.748686 20.528936 20.386611 20.317557 20.442459
20.449266 20.336321 20.440508 20.457887 20.509600 20.492959
20.338089 20.145095 19.802746 19.726897 19.889711 19.965543
20.029098 20.016190 19.992739 19.916201 19.938346 20.144249
20.416756 20.521913 20.089129 19.809478 19.945677 19.962162
19.961327 19.878461 19.804496 19.871360 19.725975 19.431093
19.084982 18.734166 18.557734 20.100443 19.991958 19.787296
19.656346 19.733643 19.953158 20.021932 20.118898 20.315005
20.424615 20.557927 20.610382 20.647894 20.549331 20.581358
20.898251 20.935645 20.859850 21.075011 21.325847 21.238461
21.261620 21.315207 20.982691 20.451390 20.075058 19.876641
19.831023 20.163817 20.528913 20.736243 20.791147 20.557579
20.384789 20.518936 20.448702 20.188136 19.948486 19.763509
19.730642 19.441525 19.177823 19.118276 19.086028 19.418031
19.725523 19.768770 19.831509 19.950209 20.112461 20.580345
20.856073 20.739249 20.798557 20.669331 20.410312 20.349235
20.333001 20.328194 20.469899 20.502479 20.327942 20.135666
19.901605 19.871524 19.827062 19.839650 20.055163 20.118268
20.236876 20.068474 19.727183 19.760833 19.788926 19.725044
19.655914 19.551000 19.638039 19.697309 19.628842 19.613267
19.594588 19.535629 19.564457 19.788445 19.932309 19.963834
19.888640 19.961973 20.323979 20.510386 20.413534 20.371918
20.490126 20.435303 20.240894 20.081764 19.906893 19.981809
20.117667 20.156784 20.241769 20.243797 20.296284 20.443135
20.716890 20.692363 20.515925 20.511917 20.290302 20.204488
20.537812 20.883452 21.012409 20.829005 20.775844 20.998659
20.919478 20.583619 20.393432 20.124430 20.155285 20.678986
20.974084 21.098567 21.030014 21.066346 21.039588 20.914436
20.897772 20.886012 20.972383 20.891340 20.705241 20.525507
20.296165 20.119099 20.293743 20.460484 20.299457 20.194705
20.206015 20.246823 20.301052 20.275998 20.021735 19.781074
19.861165 19.943263 19.835575 19.770526 19.815745 20.027819
20.178043 20.370175 20.554385 20.725639 20.801900 20.432898
20.100643 20.054470 20.038079 20.112488 20.141553 19.987751
19.952011 19.740767 19.443686 19.178414 18.882988 18.766323
20.019978 19.893833 19.692282 19.644692 19.738532 19.812660
19.993624 20.282590 20.439989 20.551620 20.601796 20.511623
20.544593 20.519184 20.588412 20.769772 20.779222 20.861711
21.025375 21.287456 21.163380 21.021305 21.276959 21.301507
20.847652 20.312693 19.925034 19.857919 20.227296 20.445038
20.596447 20.679116 20.498578 20.447766 20.386754 20.157571
19.916802 19.710571 19.471628 19.343098 19.257176 19.003155
18.864152 19.092761 19.449351 19.583163 19.634753 19.801609
20.020845 20.168873 20.563181 20.890133 20.758284 20.705799
20.550571 20.209541 20.129594 20.153015 20.155750 20.434105
20.657660 20.600217 20.450831 20.244855 20.164841 19.868947
19.784613 19.970340 19.999398 20.086922 19.919095 19.671250
19.820011 19.915956 19.779157 19.721845 19.587434 19.588324
19.636465 19.561202 19.606572 19.502407 19.294316 19.407967
19.601430 19.538262 19.448293 19.459328 19.655349 20.024366
20.271103 20.353357 20.243139 20.338900 20.573699 20.399645
20.115273 19.892160 19.911775 19.997423 20.059274 20.122654
20.091858 20.204512 20.344333 20.497432 20.506146 20.417969
20.402510 20.170543 20.071208 20.454120 20.634465 20.693712
20.757803 20.836295 20.976147 20.859291 20.627425 20.396622
20.142999 20.145322 20.449222 20.641505 20.818280 20.986995
21.097219 21.183363 21.081102 20.804377 20.818154 20.835920
20.676234 20.588944 20.465022 20.279868 20.028449 19.944902
20.015272 20.152183 20.260205 20.248693 20.261629 20.263311
20.193789 19.958724 19.856137 20.116960 20.120286 19.878617
19.730551 19.753104 20.041050 20.323554 20.574018 20.772366
20.884042 20.886580 20.538130 20.238109 20.180583 20.258243
20.381437 20.316485 20.060399 19.880269 19.694006 19.465183
19.344795 19.223494 19.170267 19.945587 19.879950 19.745224
19.737535 19.751867 19.685159 19.939439 20.330425 20.442626
20.472951 20.470323 20.405294 20.520428 20.660996 20.652208
20.709078 20.869485 20.980232 21.052017 21.252686 21.099878
20.865319 21.194067 21.361064 20.977861 20.405433 19.943020
19.931087 20.271948 20.486393 20.477523 20.412989 20.393527
20.310412 20.164907 20.096925 19.856586 19.594668 19.346007
18.990618 18.844474 18.745921 18.636227 18.762930 18.931367
19.076538 19.381097 19.717313 20.030228 20.207859 20.409607
20.627325 20.652456 20.677075 20.652789 20.385779 20.190825
20.191312 20.050913 20.118926 20.402121 20.491176 20.473007
20.325725 20.024628 19.912833 20.112396 20.167795 20.160397
20.110007 19.871301 19.732269 19.801358 19.861714 19.716921
19.570121 19.521981 19.619385 19.681030 19.587026 19.590301
19.571288 19.481972 19.578980 19.560992 19.328492 19.187150
19.317464 19.671709 20.056513 20.367874 20.388697 20.162899
20.215902 20.520003 20.445842 20.239602 20.051978 19.803279
19.798382 19.997347 19.948918 19.741680 19.888345 20.136844
20.211962 20.158461 20.135928 20.134648 19.991762 20.024353
20.296244 20.282111 20.168049 20.224050 20.374731 20.491103
20.400237 20.398512 20.485305 20.278957 20.117446 20.330247
20.461644 20.545259 20.821962 20.925655 21.153426 21.283679
20.849430 20.666186 20.620036 20.508000 20.381449 20.189428
20.073125 19.898669 19.694576 19.548771 19.758522 20.149229
20.282850 20.376227 20.379728 20.166511 19.924425 19.804479
20.028350 20.069121 19.883261 19.838033 19.931978 20.272553
20.572567 20.809287 20.999180 21.031947 20.888426 20.449231
20.283138 20.385767 20.333852 20.441089 20.370462 19.964185
19.788498 19.778540 19.688247 19.557841 19.386094 19.310596
19.841041 19.898119 19.797586 19.622687 19.583245 19.564173
19.915329 20.416701 20.528916 20.368699 20.269100 20.416071
20.556599 20.610053 20.590817 20.740687 20.906177 20.752543
20.768635 20.982508 21.026400 21.063986 21.303033 21.316361
20.852200 20.246716 19.937057 20.002953 20.192978 20.394691
20.323068 20.187009 20.219071 20.090891 20.095070 20.038362
19.716382 19.499867 19.344107 19.056288 18.779139 18.650628
18.456260 18.335858 18.489007 18.966311 19.351309 19.545805
19.900060 20.221077 20.351058 20.566292 20.816152 20.765204
20.658328 20.413660 20.246311 20.271222 20.085216 19.898644
19.938482 20.088330 20.117703 20.030055 19.907722 20.086598
20.325630 20.341134 20.374276 20.214389 19.966036 19.833247
19.756151 19.780190 19.638127 19.430246 19.562187 19.811037
19.805782 19.585575 19.534837 19.697943 19.765762 19.612749
19.288117 19.171553 19.200855 19.306511 19.705457 20.256912
20.632904 20.425742 20.157369 20.187776 20.450897 20.637490
20.438630 20.149451 19.885229 19.906217 20.037682 19.923221
19.772510 19.895541 20.030863 19.940994 19.785759 19.787186
19.986985 20.083417 20.118372 20.162741 20.118036 19.989592
19.892438 20.028241 20.124735 20.143077 20.426865 20.708411
20.559685 20.213071 20.211225 20.451827 20.648003 20.878731
20.919943 20.959750 21.049248 20.698727 20.389518 20.324947
20.177405 19.992602 19.916666 19.831125 19.661017 19.490315
19.360434 19.517052 19.897785 20.233434 20.378149 20.376336
20.294932 20.040286 19.798214 19.820481 19.924406 19.853150
19.828094 19.991798 20.334263 20.761719 21.041731 21.178211
21.086552 20.788357 20.526503 20.517506 20.748157 20.633772
20.592476 20.508554 20.193920 20.091008 19.974307 19.921877
19.738851 19.481690 19.397882 19.879648 19.943357 19.869213
19.788919 19.840590 19.762729 19.959680 20.337659 20.516816
20.487743 20.298278 20.247601 20.335682 20.454139 20.578788
20.795246 20.875175 20.688427 20.601961 20.691755 20.859309
20.957325 21.105579 21.185310 20.730720 20.119745 19.869693
19.967536 20.058662 20.133395 20.179199 20.174760 20.134379
19.827505 19.832915 19.901626 19.646997 19.469551 19.369576
19.145428 18.815034 18.578393 18.429448 18.384128 18.603786
19.127354 19.389332 19.488541 19.838857 20.206654 20.409756
20.516032 20.640789 20.660339 20.527622 20.396004 20.321109
20.299908 20.234951 20.021473 19.863690 19.880130 19.973891
20.099324 20.113620 20.207056 20.219269 20.313474 20.516248
20.344117 20.149251 20.072424 20.035439 20.022601 19.795153
19.457294 19.514038 19.712071 19.596224 19.382133 19.424733
19.711257 19.783675 19.458268 19.087121 19.164121 19.414006
19.409536 19.610300 20.145167 20.561490 20.477348 20.171541
20.049643 20.254848 20.516519 20.461514 20.304490 20.238375
20.318846 20.342345 20.118111 19.970267 20.059998 20.038234
19.957213 19.851768 19.775197 20.037552 20.298746 20.225757
20.019804 20.031543 20.019333 19.865456 19.924198 19.896780
19.998563 20.391632 20.746500 20.808175 20.332353 20.067400
20.405896 20.716206 20.899112 20.863076 20.630168 20.515135
20.277394 20.168410 20.195386 20.017830 19.783644 19.653282
19.623747 19.596892 19.519130 19.328977 19.354737 19.696449
20.032863 20.230458 20.408197 20.492270 20.246643 19.959850
19.857128 19.873203 19.760583 19.814513 20.049772 20.279852
20.676572 20.916683 21.013417 21.011900 20.849869 20.738189
20.778156 21.032018 20.878380 20.540567 20.514061 20.569307
20.570292 20.300843 19.921130 19.642275 19.640539 19.715976
19.993854 19.996108 19.856691 19.828396 19.994097 19.991573
19.972906 20.011419 20.376538 20.627674 20.407138 20.161675
20.124097 20.431907 20.706181 20.847611 20.859879 20.680807
20.597606 20.586649 20.596179 20.655030 20.850716 20.878370
20.334721 19.892480 19.775885 19.878683 19.932835 19.763282
19.906889 20.070564 19.852311 19.487062 19.474867 19.774836
19.756569 19.549805 19.477843 19.288221 18.868957 18.658626
18.760198 18.885340 19.005807 19.092966 19.085869 19.323369
19.816703 20.189446 20.397497 20.291188 20.153462 20.295195
20.348987 20.498825 20.662878 20.601027 20.456592 20.188982
19.987349 19.883049 19.905909 20.100040 20.156572 20.240821
20.184178 20.279815 20.653728 20.470852 20.213528 20.309578
20.306034 20.107821 19.850313 19.629919 19.672773 19.628073
19.439628 19.333538 19.474249 19.778263 19.694536 19.408431
19.176812 19.140197 19.414163 19.481828 19.584223 20.113279
20.514042 20.540469 20.369851 20.156754 20.071974 20.165280
20.264427 20.313089 20.394776 20.590045 20.614049 20.302435
20.093307 20.052202 19.964108 19.978752 19.898393 19.887244
20.092648 20.225732 20.095298 19.846205 19.889160 19.935396
19.929705 19.972479 19.903583 20.042176 20.340644 20.634503
20.748731 20.413922 20.185606 20.402065 20.655198 20.840625
20.737169 20.382684 20.229116 20.133470 20.153297 20.125838
19.932392 19.739344 19.531621 19.602334 19.704419 19.589311
19.229474 19.142036 19.511819 19.659296 19.965521 20.444638
20.541588 20.350762 20.183764 19.988215 19.872565 19.847825
19.875242 19.969526 20.147087 20.553825 20.831993 20.939773
20.984625 20.889504 20.752687 20.839703 21.072958 20.844394
20.437192 20.412611 20.571038 20.681741 20.430628 19.974541
19.852750 19.959180 20.012555 20.081342 20.026813 19.713764
19.571041 19.823346 19.835066 19.719858 19.875871 20.349669
20.460956 20.272908 20.287682 20.264996 20.463653 20.660901
20.702620 20.728805 20.711646 20.709718 20.569236 20.546761
20.697764 20.725148 20.534285 20.111361 19.780154 19.774923
19.875511 19.892067 19.823077 19.863901 19.865853 19.569107
19.365978 19.520656 19.841598 19.915395 19.765661 19.630833
19.367447 19.043249 19.009425 19.233836 19.360884 19.323350
19.168813 18.968512 19.129703 19.581476 19.951034 20.134024
20.015070 19.864238 20.010184 20.288459 20.605002 20.791232
20.745422 20.577215 20.332287 20.122888 19.918103 19.744592
19.783987 19.929646 20.071943 20.091610 20.300383 20.591263
20.389287 20.177428 20.300029 20.360674 20.195865 19.959830
19.768371 19.769559 19.550711 19.270723 19.281368 19.514457
19.692645 19.499183 19.318109 19.128256 18.866387 19.146554
19.491717 19.628121 20.189467 20.481924 20.370517 20.246658
20.121996 20.071080 20.086734 20.110755 20.157820 20.385695
20.574104 20.622553 20.457358 20.331822 20.237356 19.997476
19.902518 19.795824 19.796994 19.957803 20.035441 19.935078
19.780550 19.761220 19.851623 20.136521 20.194310 20.101622
20.108511 20.168867 20.437554 20.528979 20.363522 20.322201
20.341177 20.405316 20.482493 20.343939 20.251078 20.279007
20.216738 20.224886 20.271849 20.000304 19.768608 19.778400
19.652371 19.449970 19.322360 19.326626 19.376297 19.484026
19.496382 19.682072 20.038811 20.254255 20.319434 20.241842
20.075906 19.997636 20.019078 19.877637 19.777042 19.924687
20.456544 20.825919 20.838932 20.845477 20.815151 20.723071
20.908126 21.088104 20.940099 20.692219 20.463079 20.554206
20.637368 20.416782 20.242571 20.255886 20.197046 20.100095
19.895640 19.821230 19.659339 19.636642 19.711070 19.569910
19.473904 19.895144 20.249258 20.106130 20.024014 20.255336
20.368262 20.419286 20.443510 20.489196 20.693595 20.860522
20.785528 20.520957 20.552167 20.666865 20.602008 20.487346
20.333100 20.108681 19.923513 19.929124 20.030643 20.043269
19.929085 19.750311 19.506165 19.345949 19.572410 20.039737
20.084357 19.836484 19.594327 19.306189 19.314911 19.381012
19.520679 19.671436 19.703203 19.674004 19.322875 19.185799
19.431243 19.833380 20.077536 19.857347 19.651399 19.829334
20.223018 20.541412 20.574656 20.496472 20.537153 20.520668
20.385235 20.074118 19.738033 19.664095 19.952354 20.299275
20.385001 20.416000 20.355670 20.163372 20.103604 20.230244
20.353000 20.250704 20.000258 19.867590 19.801250 19.584477
19.300379 19.199787 19.323322 19.471839 19.487132 19.320690
19.035781 18.841376 19.166837 19.538376 19.645895 20.115699
20.272313 20.078651 20.037442 20.090675 20.204119 20.128788
20.000539 20.054040 20.323056 20.438786 20.422157 20.297901
20.195828 20.301520 20.151110 19.891267 19.664532 19.451352
19.459455 19.640222 19.763485 19.699233 19.600659 19.690166
20.038647 20.178326 20.214955 20.144061 19.977090 20.091737
20.229732 20.162884 20.296349 20.357131 20.233209 20.192326
20.095325 20.268281 20.257297 20.025423 20.192333 20.383099
20.091293 19.900433 19.995022 19.539589 19.117626 19.274076
19.589151 19.701512 19.672728 19.743038 19.653147 19.740704
20.136285 20.305424 20.215642 20.164957 20.102993 19.992728
19.805692 19.721532 19.958305 20.421205 20.703584 20.738252
20.874098 20.961081 20.944217 21.130700 21.209535 21.066816
20.997828 20.888201 20.758204 20.579653 20.412236 20.423324
20.450648 20.216059 19.999202 19.413175 19.404376 19.441575
19.631564 19.707466 19.432152 19.296153 19.554891 19.786725
19.792694 19.628701 19.753618 20.057325 20.248488 20.154000
20.158220 20.548909 20.726095 20.598726 20.427785 20.454322
20.522325 20.580978 20.609684 20.590566 20.416702 20.083866
19.971022 20.092699 19.975332 19.726449 19.589203 19.526741
19.438528 19.576318 20.029360 20.207689 20.071518 19.703079
19.409193 19.587465 19.608822 19.517010 19.636787 19.725881
19.695929 19.421570 19.273770 19.484447 19.927153 20.139998
19.934039 19.684932 19.785258 20.093992 20.378040 20.529548
20.482984 20.481233 20.467472 20.487015 20.343634 19.963444
19.790516 20.148510 20.668881 20.719440 20.517171 20.376250
20.180385 20.055664 20.044091 20.092173 20.092179 20.086486
20.050561 19.816378 19.705019 19.571533 19.302729 19.268316
19.505966 19.800303 19.637840 19.236635 19.113955 19.377821
19.575285 19.612379 19.968482 20.064684 19.854403 19.885987
20.153910 20.227647 20.054852 19.983019 19.980793 20.137491
20.256484 20.162438 20.052637 19.978951 20.205606 20.332256
20.050164 19.725152 19.384791 19.142461 19.298520 19.475462
19.340705 19.337909 19.600076 19.896707 19.963677 19.962586
19.934437 19.847207 19.959631 20.112840 20.052467 20.078051
20.182707 20.231606 20.180816 20.090853 20.226322 20.071104
19.825373 20.079157 20.270612 20.097720 20.043121 19.972048
19.562093 19.370624 19.570024 19.704613 19.739415 19.727406
19.845749 19.726541 19.634985 19.976523 20.184102 20.092731
20.098393 20.147112 19.965031 19.732995 19.812699 20.153029
20.474796 20.840454 21.065414 21.113052 21.089290 21.151282
21.229110 21.249012 21.127129 21.101020 21.094020 20.788044
20.396647 20.322281 20.514372 20.514733 20.284765 20.115500
19.080805 19.140101 19.157209 19.248495 19.462185 19.319501
19.071190 19.116754 19.272359 19.430526 19.437297 19.479007
19.812199 20.196964 20.060862 19.918480 20.272596 20.502011
20.468098 20.418513 20.438879 20.540433 20.627743 20.595314
20.677113 20.599426 20.258797 20.088637 20.018870 19.797064
19.607652 19.671149 19.795410 19.679658 19.658476 19.794657
19.969699 20.049116 19.836972 19.714767 19.829245 19.816033
19.650780 19.686318 19.534302 19.307130 19.293836 19.307987
19.505155 19.846795 19.974803 20.004461 19.856620 19.709189
19.916792 20.188603 20.356606 20.295244 20.217079 20.309730
20.594179 20.660718 20.261389 19.909881 20.065268 20.408850
20.443220 20.466018 20.529168 20.367486 20.143614 20.007287
20.093057 20.257995 20.278296 19.980956 19.615316 19.654125
19.614456 19.384434 19.317929 19.583206 19.968641 19.796010
19.316904 19.300481 19.621596 19.655571 19.664491 19.889966
19.942957 19.762927 19.691049 19.923341 20.052522 20.000325
19.973524 20.000328 20.058209 19.920817 19.766467 19.787702
19.984387 20.220906 20.315516 20.102531 19.780754 19.469033
19.169257 19.139295 19.118620 19.076573 19.201864 19.521977
19.840971 19.850984 19.680125 19.596076 19.616181 19.879355
19.975161 19.912017 20.014421 19.989680 19.934119 19.858833
19.746667 19.705270 19.740431 19.818106 19.896281 20.035902
20.061952 19.972278 19.893087 19.727842 19.668670 19.639267
19.592047 19.647155 19.612759 19.695695 19.666643 19.462118
19.573048 19.878493 19.898489 19.900184 20.070445 19.969902
19.890047 20.148096 20.348012 20.503267 20.987292 21.348105
21.312246 21.280991 21.343918 21.236058 21.135393 21.062040
20.983031 20.903215 20.703273 20.400528 20.477729 20.642654
20.476684 20.302842 20.173504 19.091255 19.134460 19.164319
19.213289 19.312367 19.227442 18.986164 19.032627 19.130158
19.241083 19.470846 19.636299 19.866276 20.109824 20.106779
19.959687 20.017289 20.203701 20.348334 20.367571 20.389706
20.508941 20.515954 20.517920 20.633355 20.493983 20.188799
20.123083 19.944485 19.592395 19.561743 19.883745 19.956329
19.806698 19.668140 19.583168 19.801337 19.933929 19.796654
19.754928 19.830831 19.795290 19.758172 19.790369 19.603879
19.304887 19.345582 19.521704 19.621300 19.799518 20.024629
19.983967 19.584512 19.337705 19.692104 20.149407 20.173307
19.958531 19.985211 20.236739 20.636056 20.679373 20.288423
20.114314 20.071900 20.138177 20.243687 20.400238 20.491866
20.269443 20.052325 20.128530 20.397450 20.515776 20.384235
19.949700 19.705798 19.899113 19.737102 19.399190 19.319513
19.512749 19.688921 19.430304 19.116641 19.266102 19.682233
19.878608 19.956768 19.943592 19.891768 19.756084 19.667895
19.859468 20.055339 20.098299 20.002745 20.040350 19.984299
19.600499 19.353499 19.405643 19.720368 19.946843 20.067268
20.034587 19.737426 19.411842 19.181008 18.950489 18.829648
19.010143 19.139542 19.310218 19.687979 19.836133 19.656762
19.533309 19.472346 19.653444 19.775838 19.725888 19.830212
19.815529 19.636610 19.452018 19.246956 19.166000 19.347249
19.714049 19.890262 19.918507 20.005303 19.974510 19.900407
19.820739 19.802842 19.650901 19.484661 19.404010 19.369622
19.477844 19.424342 19.223984 19.351052 19.716994 19.915206
20.034406 20.062115 19.951975 20.020239 20.299754 20.363491
20.395209 20.827533 21.245382 21.328516 21.376015 21.350047
21.076767 20.984080 21.048811 20.984558 20.847204 20.762650
20.567228 20.534141 20.578148 20.349204 20.145195 20.020768
19.369783 19.322336 19.393734 19.385694 19.225531 19.131335
19.098986 19.208597 19.183342 19.164799 19.329804 19.562238
19.627488 19.714593 19.941612 19.849963 19.724576 19.875524
20.037603 20.185512 20.306627 20.369806 20.391085 20.459961
20.514184 20.318538 20.016828 19.836874 19.778548 19.655717
19.698680 19.928083 19.793334 19.660830 19.620478 19.674207
19.934118 19.960671 19.668043 19.612102 19.781675 19.736806
19.733266 19.784879 19.704311 19.463744 19.462018 19.689809
19.826659 19.929914 20.034964 19.846075 19.475883 19.334605
19.685819 20.136262 20.136803 19.947613 20.102657 20.363245
20.486472 20.447402 20.195765 20.171255 20.067389 20.127557
20.482114 20.641550 20.458533 20.042588 19.946212 20.197038
20.490659 20.621499 20.507205 20.177392 20.158896 20.419118
20.140620 19.655011 19.486433 19.519767 19.479956 19.166172
19.059090 19.266947 19.534027 19.887234 20.085599 19.948001
19.720809 19.616398 19.571665 19.688489 19.903103 19.935687
19.993643 20.070719 19.799500 19.522950 19.338656 19.223267
19.361516 19.529926 19.826836 19.916248 19.672169 19.347908
19.066284 18.816400 18.748421 18.929324 19.056345 19.228906
19.663216 19.858268 19.576795 19.539952 19.658630 19.585344
19.495491 19.481202 19.471302 19.379100 19.237551 19.023199
18.884867 19.053748 19.250741 19.534671 19.890692 19.966162
19.974315 20.009473 19.938886 19.766255 19.690968 19.620106
19.350657 19.131258 19.167968 19.351257 19.415147 19.359937
19.481941 19.707882 20.049296 20.310112 20.205271 20.082706
20.084058 20.256964 20.253063 20.311957 20.662305 20.814957
21.000796 21.126667 20.959978 20.685188 20.647330 20.789167
20.837894 20.899639 20.924876 20.661537 20.520982 20.453374
20.142569 19.983536 19.959309 19.567782 19.448353 19.411455
19.328678 19.191162 19.223742 19.224430 19.323950 19.249309
19.164019 19.346674 19.502118 19.392619 19.389344 19.616454
19.491133 19.393725 19.675238 19.954506 20.034970 20.121614
20.310372 20.543149 20.495318 20.251542 20.118896 19.979494
19.773043 19.801977 19.925915 19.936972 19.896535 19.681345
19.640802 19.809444 19.984616 19.950334 19.727178 19.523730
19.674522 19.869715 19.840869 19.868976 19.858453 19.777980
19.703860 19.707601 19.754959 19.968974 20.086893 19.995724
19.943844 19.853844 19.617904 19.564167 19.804339 19.993639
19.990455 20.170056 20.476265 20.474471 20.373960 20.186182
19.960704 19.918892 20.229182 20.725395 20.850706 20.454354
20.104778 20.092653 20.112981 20.259805 20.528772 20.449711
20.269481 20.454266 20.706000 20.418386 19.974965 19.757070
19.559389 19.393460 19.173046 19.129686 19.248506 19.395548
19.565057 19.638752 19.559263 19.444873 19.491372 19.448163
19.467502 19.614470 19.575285 19.632932 19.701607 19.387928
19.288396 19.321098 19.171564 19.230293 19.410286 19.643580
19.578244 19.414215 19.244136 18.918386 18.707755 18.647182
18.761640 18.889798 19.070613 19.539369 19.843895 19.746970
19.700947 19.868526 19.755188 19.479068 19.433943 19.353909
19.128247 18.962376 18.837740 18.832342 19.188473 19.441374
19.582379 19.808058 19.894443 19.832208 19.810844 19.831679
19.742827 19.631747 19.411730 19.166767 19.149774 19.236123
19.441980 19.624092 19.707407 19.804160 19.891438 20.158552
20.283649 20.135327 20.124601 20.214410 20.263477 20.194672
20.322378 20.437554 20.350321 20.567647 20.769449 20.709951
20.484741 20.446188 20.641258 20.691392 20.808415 20.903898
20.772072 20.726546 20.430661 19.971487 19.804105 19.751431
19.451122 19.385438 19.232309 19.145134 19.203244 19.230716
19.122615 19.237650 19.258225 19.190388 19.403660 19.508152
19.277813 19.145115 19.254836 19.207356 19.203052 19.553604
20.049465 20.148371 20.142977 20.398873 20.625119 20.428393
20.134534 20.034701 20.098336 20.157694 20.250046 20.273735
20.056913 19.932436 19.883789 19.914358 19.983250 20.124919
20.034312 19.754293 19.597177 19.718520 19.878244 19.979434
20.135015 20.053139 19.979041 20.022574 20.099808 20.010451
20.045101 20.175542 20.143846 20.200564 20.037355 19.739168
19.584860 19.680872 19.884994 20.059956 20.245289 20.406843
20.389108 20.424921 20.361563 20.032335 20.038558 20.403520
20.687682 20.642488 20.459642 20.318583 20.182567 20.090957
20.287751 20.454313 20.395240 20.289696 20.389547 20.650773
20.516062 20.150328 19.856192 19.592179 19.362006 19.263281
19.214115 19.091537 19.163138 19.301700 19.225253 19.091513
19.265142 19.500815 19.474242 19.463511 19.417196 19.387756
19.310399 19.137633 18.972452 18.981196 19.067288 18.967615
18.958818 19.207652 19.421685 19.359565 19.275253 19.139096
18.872757 18.725396 18.557326 18.486395 18.602550 18.792426
19.214281 19.727692 19.916778 19.833943 19.878308 19.869030
19.782715 19.613489 19.441964 19.225332 18.942877 18.960268
19.111861 19.384975 19.555272 19.565707 19.684707 19.769945
19.745208 19.738911 19.672712 19.612877 19.535115 19.298717
19.160987 19.042078 19.083972 19.413296 19.678908 19.942162
20.113951 20.151825 20.240414 20.155951 20.043414 20.125260
20.301416 20.338840 20.236127 20.334490 20.318177 20.323001
20.487872 20.584239 20.634262 20.476407 20.525006 20.731989
20.785094 20.795487 20.793687 20.789324 20.721703 20.326739
19.803503 19.598266 19.582399 19.462074 19.446581 19.403751
19.455770 19.403281 19.179202 19.108333 19.304653 19.243188
19.068899 19.270839 19.301535 19.007187 18.930349 19.079018
19.187651 19.246619 19.562237 20.149907 20.379662 20.420861
20.650898 20.806271 20.685397 20.478341 20.275925 20.372907
20.568210 20.663491 20.676962 20.483614 20.275901 20.133671
20.072372 20.014540 19.987845 20.011185 20.007549 19.907055
19.976892 20.026915 20.116199 20.400092 20.364521 20.222515
20.277199 20.577676 20.390333 20.008174 20.004536 20.115987
20.133573 19.879996 19.872034 19.932928 19.963255 20.160992
20.428392 20.533573 20.521891 20.416437 20.425878 20.418648
20.200097 20.172037 20.365679 20.409306 20.379003 20.363870
20.131811 19.970192 20.018945 20.250366 20.316284 20.350079
20.330021 20.320574 20.508913 20.520259 20.158178 19.703553
19.570049 19.556170 19.461705 19.374021 19.193887 19.163043
19.326681 19.291250 19.098139 19.202604 19.476081 19.524345
19.389012 19.248117 19.208177 19.134948 19.095635 19.031309
18.968481 18.862561 18.696213 18.767599 19.129205 19.406574
19.419820 19.384519 19.228364 18.860669 18.678176 18.520660
18.347906 18.459472 18.643735 18.843197 19.346787 19.676860
19.692946 19.766073 19.780535 19.827789 19.649938 19.463638
19.297848 18.922690 18.948357 19.306852 19.552636 19.589128
19.492206 19.575708 19.744147 19.730429 19.738231 19.705001
19.528489 19.421828 19.301856 19.045484 18.818548 18.921788
19.255583 19.584268 20.114092 20.299292 20.265358 20.287771
20.095916 20.106127 20.287411 20.460920 20.607193 20.552820
20.485973 20.463221 20.537228 20.715763 20.717235 20.483102
20.422048 20.649034 20.743954 20.859325 20.961961 20.991866
20.898028 20.542157 20.214497 19.923450 19.635431 19.548445
19.637795 19.679845 19.740423 19.840191 19.776839 19.302929
18.999436 19.343418 19.390871 19.039561 19.123958 19.153545
18.970914 18.946801 19.161120 19.449771 19.572707 19.845521
20.226280 20.457375 20.601553 20.785197 21.038252 21.116413
20.953757 20.782219 20.813127 20.883532 20.939834 21.019364
20.889238 20.507713 20.212417 20.130096 20.167068 20.044332
20.078191 20.319414 20.282849 20.313316 20.314709 20.441813
20.679571 20.610503 20.441957 20.501391 20.684203 20.396833
19.926789 19.789645 20.060573 20.187720 20.138588 20.202071
20.192507 20.199631 20.393347 20.656541 20.766306 20.880538
20.775406 20.550692 20.345681 20.211849 20.161555 20.113610
20.150508 20.184967 20.047853 19.693415 19.643387 19.771396
19.920695 20.105858 20.266325 20.278152 20.252978 20.337307
20.289430 19.893681 19.480464 19.499899 19.592405 19.528335
19.449898 19.235407 19.099895 19.321994 19.433674 19.206334
19.189614 19.374745 19.289312 19.205977 19.277719 19.219266
19.184183 19.370157 19.324589 19.111962 18.815884 18.700827
18.972102 19.300067 19.561441 19.589563 19.475409 19.275441
18.856304 18.640861 18.541021 18.549629 18.723068 18.725543
18.622309 18.761943 19.123846 19.255368 19.366980 19.558108
19.554739 19.442966 19.334426 19.096029 18.859522 19.019064
19.412549 19.613251 19.535624 19.481088 19.619419 19.696395
19.742079 19.856746 19.953294 19.788314 19.600092 19.493039
19.080700 18.817521 19.007819 19.281399 19.494278 19.962257
20.265818 20.271760 20.232728 20.136047 20.145700 20.262418
20.519799 20.795325 20.815800 20.720855 20.627667 20.528107
20.655637 20.708352 20.447731 20.499519 20.782973 20.768666
20.779592 20.934540 21.049592 20.991702 20.633612 20.391195
20.259417 19.856647 19.623945 19.752209 19.854589 19.896960
19.830555 19.728145 19.292849 19.028945 19.335714 19.386458
19.082306 19.068468 19.145878 19.105348 19.087500 19.318617
19.683858 19.800253 19.998514 20.134378 20.319621 20.648607
20.891670 21.093538 21.132781 21.144184 21.247588 21.299136
21.324404 21.398664 21.264494 21.046111 20.728556 20.347712
20.193238 20.355189 20.424672 20.390743 20.463375 20.303628
20.216088 20.349774 20.593335 20.683377 20.718164 20.807707
20.681587 20.401258 20.207860 20.053056 19.939093 20.156455
20.335160 20.455069 20.519325 20.326024 20.093733 20.220995
20.523840 20.726958 20.920965 20.826523 20.564430 20.266946
20.146541 20.112209 19.979669 20.121207 20.124124 19.676689
19.145640 19.241454 19.600983 19.786903 20.111463 20.398182
20.354899 20.182291 20.115340 19.997603 19.733787 19.526303
19.520218 19.541968 19.541748 19.433719 19.097260 18.842814
19.103576 19.306415 19.209301 19.208178 19.150229 18.995680
18.993559 19.255258 19.315910 19.201879 19.335399 19.399121
19.249958 18.986999 18.965587 19.181935 19.346245 19.577545
19.669731 19.434031 19.102305 18.900089 18.698639 18.517611
18.626510 18.764660 18.642835 18.504866 18.421800 18.665332
18.882137 18.945631 19.201870 19.092225 19.040308 19.158455
18.868525 18.766420 19.087013 19.389756 19.472279 19.379785
19.481358 19.651348 19.708130 19.848165 19.955240 20.046932
19.917288 19.669754 19.620828 19.199224 18.790302 19.020044
19.340640 19.431193 19.752314 20.126613 20.271190 20.288165
20.177067 20.049007 20.163733 20.445082 20.634797 20.862776
21.016679 20.926881 20.588271 20.404185 20.506186 20.504726
20.629529 20.810335 20.675491 20.647449 20.819321 20.965745
21.044697 20.747160 20.492765 20.297387 19.954416 19.861307
19.690383 19.807797 19.894580 19.837332 19.627433 19.301198
19.225698 19.272972 19.204288 19.128974 19.083300 19.104468
19.054887 19.033537 19.390278 19.822926 19.967136 20.067992
20.155181 20.348585 20.774348 21.004319 21.070217 21.143150
21.241317 21.479047 21.671610 21.788722 21.764564 21.461011
21.278272 21.042511 20.602504 20.481449 20.678286 20.647927
20.464025 20.316979 20.013963 19.836886 20.094037 20.472359
20.530511 20.684278 20.828357 20.599929 20.253835 20.116500
20.186978 20.127905 20.133232 20.229159 20.347657 20.470513
20.194621 19.789800 19.886555 20.200154 20.444088 20.552753
20.429447 20.277229 20.103849 20.021672 19.968981 19.790140
19.774963 19.792384 19.343887 18.804722 18.917945 19.537890
19.987312 20.257649 20.498886 20.615419 20.413416 20.136761
19.952265 19.818525 19.730294 19.521768 19.448751 19.428774
19.322956 18.969623 18.661816 18.855325 19.041265 19.179072
19.168610 18.882093 18.786030 18.902273 19.230344 19.353790
19.175266 19.185291 19.361937 19.406219 19.355482 19.333550
19.319484 19.433817 19.631038 19.625663 19.329052 18.997914
18.838123 18.644210 18.550917 18.585858 18.571974 18.490492
18.387328 18.278763 18.389047 18.635189 18.638657 18.822672
18.935689 18.897742 18.908259 18.683128 18.686004 19.036202
19.307821 19.304687 19.277578 19.499571 19.693748 19.833150
19.911001 20.019347 20.044867 19.830066 19.683776 19.444504
19.047072 18.883306 18.985048 19.192303 19.408694 19.714621
20.012922 20.224949 20.239546 20.052256 19.945240 20.203596
20.502231 20.552135 20.854536 21.108137 21.140057 20.894445
20.520047 20.456570 20.616949 20.948701 21.056157 20.939096
20.928234 20.863855 20.967660 21.051252 20.697176 20.442460
20.236726 19.997608 19.972512 19.418713 19.526960 19.632653
19.619709 19.542988 19.463032 19.357986 19.237462 19.140274
18.989611 18.945037 18.977277 18.875746 18.882571 19.308444
19.754329 19.930303 20.067829 20.217036 20.408694 20.682222
20.707180 20.760127 21.115068 21.507592 21.882153 21.995209
21.904018 21.823267 21.661830 21.360519 20.925218 20.689789
20.723023 20.738091 20.534428 20.314228 20.074489 19.833933
19.780843 20.022057 20.420049 20.503785 20.536154 20.556410
20.272072 19.898773 19.905028 20.108429 20.094362 19.965604
20.068249 20.315523 20.312311 20.053617 19.781404 19.745090
19.901216 20.100854 20.225395 20.204731 20.225433 20.112087
19.909102 19.809965 19.547923 19.290393 19.284590 19.207167
18.950429 18.943021 19.418717 19.859353 20.068566 20.266020
20.583400 20.601458 20.370693 20.195669 19.874952 19.631098
19.401631 19.362655 19.365611 19.238424 18.958093 18.694120
18.833474 19.000021 19.129826 19.126857 18.816244 18.687233
18.839541 19.126831 19.280901 19.226740 19.279490 19.354701
19.379972 19.506425 19.685559 19.540162 19.558441 19.694001
19.555705 19.296402 18.969002 18.695865 18.508084 18.541340
18.667775 18.638600 18.538005 18.367223 18.200373 18.310539
18.567656 18.516695 18.568977 18.925973 18.936076 18.732133
18.560181 18.648828 19.142073 19.522047 19.466079 19.418722
19.539391 19.628213 19.757007 19.913410 20.084084 19.949846
19.635339 19.510403 19.212389 18.948351 18.920228 18.820154
18.955277 19.365308 19.677196 19.966726 20.120419 20.075460
20.133788 20.210905 20.323612 20.466823 20.595073 20.892951
21.067039 21.279773 21.290353 20.890632 20.676028 20.996946
21.406229 21.429844 21.423907 21.360772 21.027436 20.886249
20.899219 20.752999 20.592313 20.387026 20.148394 20.036056
19.177751 19.196185 19.228584 19.271986 19.300654 19.414094
19.495054 19.430982 19.128462 18.758816 18.797457 18.862497
18.802116 18.932410 19.215819 19.459987 19.636834 19.781853
19.944904 20.149425 20.291884 20.366165 20.523849 20.995631
21.622002 22.100931 22.078722 21.814883 21.665280 21.541460
21.384226 21.077164 20.839791 20.750282 20.661583 20.549992
20.339177 20.006376 19.861273 19.946205 20.114357 20.375754
20.554601 20.557815 20.507911 20.198316 19.891107 19.811377
19.827127 19.890658 19.881566 20.032095 20.144857 20.138484
20.106954 19.981645 19.916703 19.925809 20.138142 20.242533
20.166917 20.205170 20.126588 19.863328 19.658577 19.431615
19.239646 19.316516 19.374395 19.135810 19.089367 19.360896
19.540054 19.647979 19.910849 20.371558 20.446051 20.126835
19.957323 19.789860 19.675558 19.448196 19.335924 19.566196
19.554872 19.256711 19.082599 19.041217 18.942677 18.979124
19.021992 18.851471 18.815878 18.898912 18.941396 19.016804
19.145096 19.286144 19.320054 19.408986 19.607396 19.852623
19.785709 19.702841 19.701019 19.511967 19.222013 18.875786
18.626421 18.570956 18.616977 18.772910 18.712978 18.532554
18.395049 18.185387 18.228802 18.487460 18.413555 18.358817
18.703609 18.772703 18.612760 18.584770 18.758162 19.217085
19.536166 19.609630 19.660792 19.609353 19.511721 19.485080
19.630463 19.629335 19.435888 19.327837 19.148960 18.962723
18.836958 18.617629 18.631235 19.036692 19.427269 19.681876
19.970548 20.089326 20.134607 20.347154 20.404690 20.385986
20.378527 20.428332 20.772888 21.058367 21.379574 21.493702
21.243817 20.994822 21.151486 21.408519 21.511314 21.571982
21.354423 21.077079 20.866842 20.722549 20.596543 20.572411
20.418244 20.111784 19.980154 18.914051 19.010675 19.138203
19.251832 19.162323 19.207502 19.422304 19.409016 19.028103
18.556519 18.566559 18.666837 18.796147 19.074045 19.238214
19.396490 19.571958 19.607919 19.687536 19.896514 20.078039
20.248593 20.594635 21.069742 21.491354 21.751136 21.656675
21.475764 21.312300 21.257263 21.471406 21.572167 21.302155
20.938313 20.738719 20.763125 20.606558 20.348118 20.228022
20.189845 20.320683 20.504435 20.596224 20.588072 20.592668
20.440821 20.317997 19.969027 19.722727 19.782509 19.867916
20.109823 20.117606 19.999545 20.067547 20.091588 20.035354
19.969064 20.185996 20.307413 20.067805 19.946379 19.933823
19.782552 19.514356 19.422352 19.488477 19.567339 19.555899
19.339828 19.240277 19.356016 19.476610 19.425359 19.464756
19.831956 20.008300 19.803855 19.653171 19.797208 19.945875
19.806890 19.703263 19.893907 19.878495 19.533222 19.331118
19.186568 18.903968 18.812839 18.847916 18.791162 18.868219
18.997007 18.863926 18.818530 19.034525 19.218443 19.332027
19.552042 19.793429 19.916799 19.878818 19.691761 19.574536
19.212571 18.796639 18.649059 18.536174 18.742465 18.906054
18.930538 18.876616 18.735244 18.614256 18.407879 18.329732
18.349069 18.276845 18.324411 18.591943 18.788790 18.793885
18.688575 18.861431 19.220075 19.307123 19.441860 19.571960
19.477929 19.360578 19.285749 19.242272 19.115060 19.048341
19.097933 19.005897 18.895276 18.838931 18.647789 18.748108
19.112004 19.446312 19.669504 19.873629 20.059455 20.216691
20.294135 20.135389 20.194373 20.397072 20.453598 20.670286
20.974702 21.251339 21.434848 21.382713 21.089114 20.975582
21.199591 21.390683 21.319775 21.048460 20.907027 20.743978
20.488883 20.308433 20.256356 20.158803 19.878702 19.698736
18.603322 18.700242 18.852390 19.067326 19.151216 19.226033
19.396835 19.352690 18.949198 18.584939 18.548373 18.585633
18.860693 19.101538 19.200032 19.393025 19.561711 19.640030
19.618153 19.673703 19.931352 20.248949 20.713497 21.143282
21.297529 21.305780 21.292610 21.302662 21.293884 21.392623
21.621969 21.767097 21.522011 21.147881 20.951507 21.019946
20.908417 20.714385 20.615826 20.570696 20.628083 20.564281
20.486308 20.524769 20.683295 20.649479 20.523658 20.215391
19.932722 19.841725 19.866398 20.064802 20.227893 20.096416
20.024717 20.146976 20.140937 20.044730 20.051299 20.103990
19.900047 19.597339 19.480063 19.490301 19.453456 19.451113
19.503585 19.567260 19.596271 19.565586 19.479501 19.402606
19.383006 19.255932 19.213696 19.505841 19.858119 19.890234
19.851236 20.008646 20.014385 20.040771 20.186233 20.095550
19.790197 19.433743 19.241194 19.192820 18.997649 18.726602
18.531110 18.571227 18.900845 19.106502 19.026131 18.973897
19.072515 19.261091 19.428085 19.633260 19.894351 19.956912
19.727015 19.476786 19.247360 18.795506 18.581768 18.627721
18.700178 18.963367 19.043454 18.961012 18.977649 18.919665
18.655240 18.346159 18.313312 18.174730 18.204996 18.478248
18.632933 18.771429 18.877305 18.928905 19.084771 19.299446
19.270728 19.360017 19.374631 19.122825 18.983503 18.993935
18.937847 18.904647 18.932114 18.964802 19.011047 19.077521
19.157942 19.031257 19.019488 19.238724 19.460252 19.428070
19.511329 19.815531 20.050087 19.989892 19.828628 20.085852
20.408954 20.675932 20.841304 20.956713 21.143211 21.308582
21.225288 21.060080 21.074755 21.222338 21.198188 21.068095
21.037216 20.780773 20.507969 20.330146 20.183970 20.033501
19.791218 19.585514 19.488952 18.365238 18.355202 18.389402
18.623286 18.923108 19.051104 19.230604 19.320364 19.017362
18.774905 18.763557 18.881717 19.070918 19.027245 18.957470
19.115694 19.321256 19.459877 19.456322 19.444421 19.709419
20.149710 20.663364 21.105656 21.147492 21.207927 21.427367
21.390826 21.382287 21.528504 21.613521 21.771437 21.495057
21.195140 21.326199 21.427661 21.276391 20.931194 20.803080
20.872546 20.771173 20.533816 20.537919 20.637454 20.743734
20.805441 20.664656 20.342254 20.052333 19.845433 19.899436
20.094296 20.292091 20.364961 20.139537 20.114131 20.197654
20.152847 20.069761 19.866572 19.640442 19.411015 19.231423
19.150512 19.274820 19.376329 19.324738 19.303023 19.307416
19.421512 19.415551 19.405885 19.364213 19.324150 19.538629
19.785827 19.967898 19.935660 19.988721 20.120784 20.057528
20.086101 20.172030 19.996514 19.536529 19.161908 19.116124
19.164800 18.856049 18.467920 18.250732 18.378157 18.945881
19.298139 19.278913 19.183238 19.109238 19.179795 19.439224
19.717701 19.939855 19.853212 19.499416 19.251187 18.900922
18.529241 18.593677 18.784464 18.896518 18.949549 18.940590
18.955468 18.918013 18.733401 18.416802 18.145773 18.072204
18.036147 18.247644 18.566081 18.703241 18.733188 18.776467
19.012979 19.167932 19.212202 19.089950 19.123303 19.111093
18.861309 18.832070 18.823050 18.809361 18.843022 18.801763
18.810239 19.012283 19.191202 19.194722 19.047564 18.940191
19.120182 19.301972 19.206421 19.275261 19.519197 19.735541
19.742865 19.707606 19.964883 20.195252 20.552515 20.949180
20.988232 21.071644 21.196512 21.079629 21.114579 21.245305
21.240288 21.082865 21.115113 21.230173 20.965493 20.642303
20.326031 20.151090 20.103230 19.813088 19.601195 19.586190
18.298743 18.156880 18.111219 18.387644 18.527799 18.622963
18.918698 19.088474 18.998459 18.812008 18.938902 19.186845
19.217804 19.019537 18.819233 18.912441 19.063049 19.242298
19.360290 19.462276 19.617920 19.848272 20.341058 20.933629
21.196113 21.243313 21.422575 21.334773 21.275617 21.490351
21.445579 21.501043 21.471551 21.324433 21.659180 21.895262
21.586119 21.168592 21.018062 20.979002 20.786479 20.722594
20.811870 20.851267 20.969254 20.962048 20.749097 20.449425
20.138203 19.976384 20.056449 20.210706 20.325020 20.272030
19.838887 19.734590 20.003576 20.104423 20.160203 19.843899
19.470661 19.369516 19.196852 19.039180 19.072804 19.146376
19.214769 19.066360 18.898755 19.145733 19.248244 19.277644
19.134973 19.182536 19.665768 19.810388 19.863880 19.978746
20.100499 20.124843 20.138012 20.125593 19.971222 19.716206
19.364158 19.100874 19.025630 18.971143 18.671101 18.382886
18.368907 18.508867 18.857416 19.210081 19.203376 19.105005
19.026372 19.112260 19.505373 19.790110 19.834963 19.672713
19.308242 19.025314 18.849317 18.614677 18.674874 18.869943
18.858079 18.737877 18.731870 18.782397 18.722333 18.517628
18.291132 18.271101 18.251660 18.298087 18.456313 18.539054
18.714061 18.853589 18.828042 19.001557 19.145785 19.094804
18.968448 18.975905 18.986915 18.980251 19.042024 18.932615
18.886348 18.965230 18.922759 18.828690 18.951986 19.052709
18.979072 18.947144 18.745178 18.724140 19.061445 19.155147
19.259912 19.476576 19.562723 19.662527 19.765294 19.854422
20.052570 20.456164 20.963355 21.162437 21.072999 20.999740
21.075639 21.198492 21.268175 21.234570 21.111332 21.230215
21.292558 21.110254 20.959201 20.630747 20.344448 20.243846
20.035973 19.878226 19.858205 18.267732 18.084920 18.094026
18.401011 18.435242 18.501303 18.793229 18.892621 18.767477
18.682623 18.902640 19.137496 19.200693 19.117980 18.924248
18.899948 19.103959 19.371921 19.475324 19.602443 19.588285
19.731199 20.266960 20.832608 21.223142 21.213059 21.285303
21.368986 21.344683 21.553326 21.440700 21.164290 21.273566
21.461844 21.849010 22.041049 21.660987 21.257415 21.028473
20.988679 20.935675 20.966552 21.021805 21.057743 21.075192
20.924384 20.797995 20.566441 20.390421 20.355769 20.345387
20.397495 20.329442 20.122968 19.733844 19.607478 19.829588
19.857714 19.841346 19.684215 19.506050 19.378289 19.203905
19.200376 19.322566 19.306639 19.186871 19.016209 18.773393
19.003236 19.331313 19.231742 18.904814 19.047778 19.461508
19.579856 19.755378 19.931521 19.945795 19.913408 20.075918
20.014341 19.678468 19.439993 19.311233 19.247423 19.069285
18.819862 18.625418 18.450736 18.403914 18.453706 18.642887
18.905094 19.023611 19.017613 18.908011 19.079567 19.477239
19.747283 19.779762 19.434220 19.030487 18.923190 18.875286
18.837027 19.030269 19.061270 18.903525 18.763227 18.547777
18.427777 18.461829 18.470243 18.470073 18.466282 18.429238
18.464991 18.616888 18.688511 18.762906 18.837923 18.794053
18.977575 19.126171 19.116850 19.198734 19.187568 19.048771
19.071436 19.081858 19.055327 19.098408 19.055599 18.987711
19.068440 19.157386 19.051471 18.954799 18.985215 18.825650
18.762600 19.050711 19.164292 19.314374 19.530000 19.539612
19.652263 19.887021 20.004882 20.187085 20.524039 20.920220
21.166009 21.075657 21.055932 21.250526 21.388980 21.467315
21.402911 21.200185 21.172786 21.248767 21.120518 20.978951
20.927289 20.742285 20.485781 20.189541 20.005525 20.008373
18.432020 18.272318 18.310662 18.466618 18.495863 18.569874
18.588722 18.658887 18.608208 18.601779 18.836573 19.012313
19.086300 19.097738 18.959046 18.926801 19.146850 19.370912
19.581961 19.783543 19.825326 19.964764 20.412975 20.796994
20.926415 20.894797 20.928283 21.226470 21.353477 21.399276
21.445994 21.254219 21.203156 21.460690 21.733243 21.757073
21.593082 21.405205 21.257517 21.241339 21.273734 21.298258
21.241957 21.149812 20.993753 20.929664 20.954928 20.778140
20.757290 20.652303 20.568114 20.581445 20.317854 20.167498
19.970241 19.793706 19.708701 19.392004 19.306730 19.416273
19.434984 19.354046 19.347111 19.474703 19.599027 19.561619
19.285709 18.966232 18.804579 18.978235 19.118965 19.035252
18.976468 19.198479 19.443951 19.504714 19.652525 19.739152
19.728446 19.847944 20.052550 19.936740 19.664792 19.590844
19.534729 19.303937 19.135620 18.949247 18.645843 18.436254
18.263270 18.219020 18.523017 18.910806 19.076379 18.954408
18.750692 18.976823 19.264992 19.513991 19.663587 19.144551
18.825189 18.916270 18.863746 18.877772 19.108656 19.056551
18.783333 18.664726 18.367662 18.288922 18.393567 18.387278
18.589814 18.720139 18.572153 18.541415 18.704534 18.852679
18.916240 18.754246 18.618369 18.887240 19.123877 19.208958
19.341759 19.273907 19.079293 19.066276 19.069483 19.154154
19.202592 19.022256 18.916124 19.177002 19.493124 19.367893
19.198876 19.068967 18.928104 18.856120 18.864414 19.055714
19.325762 19.448173 19.469464 19.748594 20.011176 20.058343
20.252408 20.588377 20.871591 20.996079 21.035884 21.282205
21.529944 21.598701 21.619432 21.505314 21.249350 21.062882
21.166325 21.163461 20.921781 20.984967 21.080636 20.788826
20.349412 20.107876 20.071446 18.682609 18.521606 18.414247
18.428786 18.375645 18.413009 18.542616 18.670910 18.630043
18.622482 18.802743 18.930695 19.066103 19.188092 19.109708
19.094260 19.287001 19.628939 19.946893 20.127194 20.329883
20.405307 20.473885 20.575319 20.587488 20.528822 20.602110
20.946642 21.103878 21.062070 21.139084 21.198161 21.181975
21.305210 21.530327 21.712294 21.646813 21.600748 21.657844
21.480717 21.330738 21.378768 21.278480 21.120475 21.111908
21.170125 21.163939 21.069883 20.953406 20.718955 20.682847
20.665374 20.389193 20.140748 19.818902 19.586668 19.479320
19.208575 19.174629 19.276553 19.221249 19.162229 19.312561
19.545817 19.525936 19.439793 19.330587 19.081783 18.783410
18.704537 18.711852 18.748951 18.817526 19.042512 19.354785
19.445814 19.513608 19.610421 19.782775 19.900301 19.885379
19.854926 19.795442 19.782962 19.788459 19.414622 19.118060
19.016031 18.812495 18.598702 18.327207 18.224401 18.454024
18.911785 19.091310 18.905959 18.702291 18.856388 19.090906
19.221542 19.310810 19.082755 18.858402 18.801939 18.854332
18.914651 18.990217 18.823020 18.437203 18.258427 18.156234
18.233056 18.283636 18.142406 18.338097 18.585258 18.538866
18.625890 18.815028 18.919160 18.920192 18.658192 18.568276
18.989455 19.230837 19.234443 19.197906 19.062260 19.068546
19.207615 19.300985 19.245310 19.046823 18.925893 18.922696
19.106183 19.422379 19.496920 19.483723 19.295699 19.166619
19.129443 18.904936 19.022476 19.446002 19.546025 19.551337
19.913400 20.144243 20.220806 20.520858 20.753204 20.766013
20.899058 21.073221 21.278922 21.487269 21.644713 21.668594
21.477640 21.250111 21.010045 21.055901 21.200583 21.128468
20.990288 20.953691 20.804532 20.441221 20.132066 20.004222
18.798421 18.756884 18.513287 18.347480 18.255768 18.261666
18.585897 18.823220 18.766567 18.779142 18.876507 18.936066
19.217293 19.532859 19.605781 19.611996 19.749871 20.090098
20.216473 20.252174 20.589470 20.689932 20.489650 20.358913
20.360823 20.275581 20.384498 20.685087 20.841368 20.905529
20.894497 20.986785 21.078405 21.081922 21.344357 21.816195
21.890543 21.825742 21.767097 21.519671 21.334469 21.410987
21.458908 21.390572 21.406998 21.311346 21.310160 21.314525
21.116000 20.770507 20.610532 20.651729 20.391768 20.008973
19.613787 19.251953 19.124472 19.113169 19.075852 19.074424
19.073764 19.113404 19.388924 19.579611 19.513586 19.370976
19.306201 19.218920 18.783138 18.457389 18.483887 18.531015
18.447413 18.583013 19.010355 19.259414 19.402911 19.535105
19.727385 19.751869 19.691110 19.792058 19.798648 19.834858
19.832789 19.428182 19.065979 18.942235 18.745001 18.514115
18.401045 18.317096 18.403817 18.690034 18.815597 18.805836
18.734916 18.791120 18.923437 19.009083 19.047670 19.022793
18.868788 18.739221 18.772722 18.788740 18.741105 18.527394
18.260277 18.095475 18.005077 18.036537 18.094766 18.096314
18.296278 18.374318 18.408316 18.601461 18.829160 19.030325
18.983354 18.761728 18.827789 19.194261 19.307897 19.249348
19.195505 19.091564 19.072304 19.137354 19.223611 19.182225
18.948664 18.862312 18.842804 18.931674 19.157691 19.389851
19.481610 19.259255 19.224112 19.283610 19.158596 19.276732
19.702330 19.805069 19.757860 19.937866 20.182916 20.549845
20.792537 20.719402 20.648733 20.734340 20.946678 21.172419
21.305379 21.665157 21.724124 21.499249 21.296304 20.988804
20.989783 21.148085 21.151383 21.094487 20.934016 20.737802
20.468760 20.067130 19.886986 18.860650 18.794077 18.543992
18.427041 18.401220 18.362844 18.526189 18.808233 18.886623
19.056363 19.279396 19.196835 19.358738 19.753899 19.981895
19.983821 20.062878 20.294065 20.280011 20.325765 20.702130
20.722654 20.473532 20.295077 20.200043 20.086599 20.096233
20.424456 20.719434 20.909498 20.927759 20.962568 21.146150
21.256055 21.324986 21.602201 21.889555 21.996269 21.848644
21.731807 21.783300 21.863647 21.973386 21.971101 21.822532
21.522185 21.569119 21.735059 21.474377 20.920178 20.641083
20.555546 20.126405 19.797517 19.497698 19.030955 18.699001
18.815773 18.983112 18.898858 18.800738 18.989900 19.397508
19.574025 19.604260 19.445604 19.355724 19.309919 18.955118
18.545339 18.428058 18.420824 18.141755 18.133615 18.580735
18.988260 19.181752 19.236097 19.526688 19.783751 19.821983
19.869050 19.964855 20.037580 19.835787 19.432807 19.085505
18.836880 18.529171 18.315458 18.394506 18.397543 18.446312
18.552171 18.580343 18.751570 18.835735 18.909578 19.043133
18.992481 18.831420 18.764616 18.684833 18.746775 18.864199
18.742620 18.561365 18.349363 18.273654 18.224560 18.026136
17.909257 18.064991 18.215264 18.257965 18.342216 18.559863
18.760146 18.815852 18.971100 19.117720 19.036319 19.092605
19.287538 19.351181 19.337409 19.424864 19.409559 19.247540
19.099747 19.141778 19.274214 19.167159 18.961526 18.700878
18.864930 19.219237 19.315208 19.249142 19.136403 19.275939
19.368854 19.349611 19.432697 19.751388 19.947383 19.854140
19.841769 20.138664 20.556944 20.586439 20.454921 20.593197
20.728077 20.916916 21.066667 21.124722 21.550812 21.681815
21.489950 21.281664 20.938690 20.782642 20.835646 20.841628
20.951330 21.021535 20.804461 20.449022 20.158511 20.075531
19.008950 18.893789 18.644353 18.566913 18.605526 18.465454
18.533670 18.833283 18.911580 19.111320 19.374602 19.410418
19.448413 19.687862 19.927879 19.911136 20.039371 20.368380
20.457585 20.448911 20.576339 20.628674 20.539542 20.362000
20.207482 19.921170 19.806324 20.034846 20.326374 20.682352
20.969243 21.081577 21.269829 21.616111 21.639526 21.552374
21.725516 21.884453 21.872400 21.949621 22.095745 22.151149
22.229713 22.247336 22.072468 21.918814 22.005965 22.093546
21.796511 21.303118 20.926120 20.420101 19.879695 19.603567
19.305963 18.955790 18.699602 18.816461 18.994590 18.721251
18.441548 18.597925 19.051050 19.323181 19.331581 19.335206
19.272118 19.184765 19.087239 18.708942 18.420962 18.250091
17.931846 17.925775 18.263084 18.788675 19.006269 18.916351
19.287862 19.718942 19.798500 19.731888 19.743728 19.734266
19.519424 19.276606 19.009087 18.740623 18.308568 18.037726
18.153696 18.311519 18.442044 18.515273 18.561025 18.770995
18.958271 19.011551 19.124588 19.017898 18.733252 18.552522
18.482524 18.721155 18.987036 18.972320 18.734520 18.327118
18.173439 18.115239 18.006857 17.968598 18.225720 18.413607
18.266149 18.398801 18.736642 18.938751 18.957590 19.015671
19.202319 19.297767 19.331614 19.403632 19.488068 19.538137
19.614906 19.503385 19.314301 19.319995 19.472418 19.587127
19.542332 19.255367 18.824044 18.959113 19.255038 19.205965
18.984126 18.829546 19.145152 19.440055 19.469166 19.513602
19.740926 19.855467 19.845082 19.962458 20.106049 20.296844
20.297270 20.215144 20.453624 20.777432 20.969385 21.110749
21.149430 21.342362 21.632285 21.476357 21.166486 20.918750
20.677332 20.718406 20.904817 20.906631 20.914183 20.910369
20.643083 20.503837 20.532395 18.993508 18.923570 18.785549
18.700804 18.801585 18.872116 18.872121 18.869933 18.885320
19.064653 19.333334 19.514965 19.608156 19.744572 19.791309
19.788159 19.936804 20.177587 20.408255 20.483207 20.436911
20.473318 20.443047 20.323795 20.341258 20.076862 19.794901
19.842932 20.041953 20.526280 21.143616 21.474669 21.600306
21.814305 21.832759 21.749128 21.885026 21.844482 21.755241
21.944232 22.158216 22.317168 22.280327 22.127517 22.001121
21.998100 22.052048 21.989826 21.806722 21.535026 21.105671
20.501747 19.926565 19.520983 19.256825 19.168265 19.068402
18.943888 18.902660 18.576460 18.236887 18.367358 18.674628
18.784133 18.682436 18.762769 18.841826 18.767286 18.810346
18.612590 18.320867 18.084595 17.885310 17.996787 18.270420
18.735946 19.044416 18.892044 19.045142 19.443729 19.570773
19.473245 19.312540 19.317439 19.125731 18.848585 18.821735
18.682221 18.127743 17.767145 17.863407 18.043538 18.233793
18.340854 18.386188 18.581898 18.854998 18.921716 18.863191
18.763481 18.573767 18.358980 18.376536 18.624099 18.941576
19.201942 19.010933 18.430687 18.020669 17.838559 17.859689
18.130646 18.468042 18.487170 18.440115 18.691059 18.897096
19.072703 19.232397 19.317572 19.387966 19.441220 19.500551
19.611658 19.654397 19.602554 19.541143 19.499993 19.447371
19.496360 19.700724 19.714401 19.578111 19.374624 19.057447
19.032086 18.993254 18.903639 18.759986 18.465794 18.617653
19.054475 19.338566 19.525055 19.665870 19.620243 19.709122
19.973605 20.017667 20.101876 20.129607 20.047612 20.220807
20.590487 20.889785 21.074158 21.231891 21.261794 21.574051
21.659312 21.232345 21.007810 20.997963 21.010746 21.137226
21.207653 21.127539 21.080857 20.943975 20.789666 20.752054
18.749183 18.795111 18.892742 18.889839 18.975606 19.318660
19.342950 19.013064 18.905401 19.116073 19.412005 19.533343
19.648007 19.690454 19.620702 19.629971 19.779652 20.033370
20.354146 20.519054 20.346674 20.109450 20.060236 20.131594
20.300717 20.287489 20.029619 20.028762 20.234103 20.559389
21.022976 21.438659 21.685531 21.840802 21.926609 21.934068
22.008426 21.883199 21.775767 21.919782 22.179281 22.361949
22.146513 21.868796 21.813552 21.719743 21.677304 21.714925
21.540286 21.377363 21.170616 20.688741 20.107277 19.659662
19.448793 19.428876 19.369509 19.151632 18.873540 18.588606
18.330677 18.392341 18.467631 18.296779 18.209239 18.308479
18.398189 18.475548 18.527848 18.341665 18.305268 18.175007
17.858989 17.982152 18.316693 18.646911 18.897930 18.866814
19.012570 19.320696 19.469696 19.342185 19.023552 19.011893
18.894534 18.639268 18.647480 18.589766 18.257033 17.963349
17.880305 17.879948 18.062593 18.301173 18.395746 18.475788
18.630908 18.802648 18.757250 18.609669 18.320337 18.067778
18.299732 18.558078 18.867689 19.197320 19.048425 18.669393
18.133780 17.858340 18.141012 18.420285 18.573924 18.577120
18.725488 19.055165 19.193590 19.282630 19.465537 19.595949
19.515904 19.436078 19.506495 19.640770 19.727943 19.626353
19.439025 19.442487 19.630572 19.712432 19.715625 19.740801
19.738249 19.533726 19.264846 19.176305 18.979633 18.856618
18.787626 18.560881 18.459585 18.752873 19.167108 19.436061
19.614208 19.656959 19.673182 19.851540 19.921383 19.979386
20.068044 19.991339 20.048080 20.446229 20.908460 21.054104
21.189833 21.419453 21.691062 21.712996 21.319248 21.086030
21.127036 21.174147 21.268302 21.399194 21.453892 21.355265
21.228978 21.056142 20.907263 18.949063 18.881042 18.876139
18.848559 18.914230 19.203057 19.263954 19.039623 19.002685
19.283935 19.474090 19.584184 19.661969 19.477063 19.286436
19.300032 19.498866 19.845270 20.169479 20.274295 20.001060
19.632896 19.656178 19.868899 20.150393 20.326678 20.247567
20.289537 20.384019 20.537262 20.815126 21.277763 21.699434
21.931956 22.024815 21.985845 22.037030 21.967096 21.794650
21.849241 22.094080 22.161618 22.026000 21.909998 21.755055
21.507486 21.438584 21.499272 21.338845 21.260024 21.088203
20.496455 20.093810 20.010975 19.828310 19.517956 19.371717
19.285719 18.995036 18.668452 18.367454 18.309776 18.345347
18.191433 18.120315 18.223790 18.256645 18.365472 18.539895
18.480903 18.422154 18.292411 18.101727 18.146099 18.362704
18.557214 18.677102 18.811234 19.145331 19.357476 19.325610
19.072098 18.681842 18.604186 18.491658 18.288507 18.266239
18.235647 18.173446 18.194746 18.093313 17.974455 18.242082
18.519011 18.597946 18.473995 18.395634 18.505711 18.558555
18.612877 18.347579 17.998522 18.200107 18.495884 18.709502
18.900494 18.808936 18.724235 18.365404 18.135354 18.450171
18.560246 18.576135 18.800933 19.190499 19.377395 19.251818
19.253814 19.408682 19.469860 19.409989 19.452175 19.585853
19.569329 19.660454 19.780325 19.614558 19.434591 19.558150
19.770871 19.798427 19.930776 20.075384 19.822787 19.548492
19.364760 19.252437 19.244042 19.066353 18.841646 18.756846
18.915094 19.245933 19.495144 19.654333 19.855740 19.961627
19.954006 19.843211 19.895837 20.059956 20.007741 20.058261
20.497046 21.027578 21.264583 21.377275 21.571786 21.691800
21.542070 21.270318 21.214733 21.171440 21.171568 21.370507
21.504519 21.621669 21.622318 21.464142 21.320041 21.236754
19.524723 19.166670 18.888582 18.854261 18.872571 18.966163
18.997259 18.940142 18.941841 19.195359 19.336967 19.495174
19.666280 19.508732 19.188172 19.033221 19.103765 19.460286
19.764974 19.952672 19.858568 19.581178 19.649022 19.754717
20.015537 20.372685 20.542059 20.626106 20.694871 20.843139
21.124333 21.576326 21.878280 21.948671 21.923167 21.879888
21.857305 21.720350 21.547823 21.654803 21.861435 21.923574
22.035851 22.033033 21.797519 21.552983 21.429393 21.401869
21.445949 21.245041 20.804703 20.356470 20.143859 20.256450
20.136336 19.672831 19.260452 19.102817 19.066226 18.837885
18.498791 18.358371 18.331566 18.244177 18.175002 18.183266
18.201158 18.354824 18.631981 18.763969 18.697356 18.589560
18.532926 18.452758 18.495283 18.573683 18.577546 18.607584
18.812274 18.972059 18.813686 18.430279 18.204463 18.206431
18.027682 17.870712 17.862390 17.842502 17.821687 18.022605
18.071638 18.051687 18.325187 18.432341 18.489961 18.353172
18.237457 18.257402 18.257116 18.401173 18.317448 18.087936
18.152849 18.436874 18.662296 18.681331 18.573576 18.506530
18.428634 18.401903 18.500596 18.560880 18.687340 18.957272
19.263314 19.369151 19.202395 19.182110 19.158332 19.145376
19.320200 19.479580 19.617190 19.598860 19.567269 19.701242
19.614329 19.364980 19.503671 19.777419 19.886714 20.171959
20.322292 20.066639 19.766538 19.492423 19.380801 19.457203
19.340358 19.228527 19.231339 19.184152 19.245927 19.338089
19.461204 19.813084 20.035628 19.951268 19.806767 19.677003
19.693951 19.800529 20.041135 20.581638 21.033747 21.257478
21.417829 21.519178 21.601458 21.508358 21.329325 21.220860
21.011792 21.040798 21.394331 21.567115 21.658622 21.736485
21.670481 21.520663 21.413314 19.706296 19.429896 19.072819
18.943098 18.964185 18.958607 19.021787 19.051606 18.868805
18.950258 19.202062 19.439517 19.593365 19.441972 19.050330
18.837986 18.932410 19.253011 19.488430 19.738794 19.866752
19.737678 19.791577 19.895115 20.000439 20.368593 20.820882
20.993441 21.154500 21.228130 21.478061 21.809352 21.804256
21.680180 21.629437 21.626773 21.490708 21.450255 21.443076
21.564871 21.757014 21.849571 22.016600 22.004937 21.757560
21.547301 21.441637 21.328422 21.317157 21.084765 20.561308
20.288175 20.227816 20.144966 19.990812 19.665376 19.249181
19.068706 19.128661 19.003312 18.720084 18.534393 18.439767
18.363088 18.226802 18.186863 18.234999 18.390290 18.617918
18.835699 18.965929 18.886207 18.703725 18.471252 18.514044
18.604025 18.398325 18.314714 18.347698 18.384156 18.412197
18.125679 17.843496 17.805907 17.706161 17.543870 17.520184
17.709131 17.771221 17.760258 17.766505 17.893893 18.209427
18.391610 18.325589 18.218562 18.235728 18.256877 18.196179
18.200121 18.248176 18.113577 18.111210 18.423509 18.673038
18.505694 18.339080 18.378189 18.429016 18.528618 18.721819
18.813347 18.920907 19.051987 19.144812 19.326635 19.371003
19.297056 19.108011 19.085555 19.271072 19.369459 19.519465
19.715224 19.739898 19.731742 19.591357 19.418962 19.554348
19.705357 19.762526 20.116239 20.361652 20.279547 20.081171
19.831306 19.597727 19.367530 19.353878 19.455041 19.489474
19.383464 19.168214 19.067525 19.218581 19.553049 19.649433
19.616150 19.490743 19.141719 19.100030 19.418887 19.985109
20.668744 21.016736 21.175385 21.289482 21.257350 21.407907
21.510004 21.291322 20.973287 20.673241 20.827553 21.327619
21.456204 21.404787 21.402965 21.437168 21.372800 21.240294
19.490681 19.377300 19.157813 19.066895 19.116691 19.102564
19.162318 19.228373 18.951904 18.956813 19.308568 19.465283
19.481388 19.408806 19.069930 18.903872 19.063545 19.145311
19.273657 19.642401 19.808876 19.672336 19.742215 19.987621
20.084453 20.435558 20.925096 21.070445 21.198494 21.262374
21.479883 21.675212 21.595305 21.529095 21.459973 21.406807
21.403264 21.537163 21.579321 21.541756 21.828745 21.995269
21.933630 21.891224 21.613208 21.400398 21.328873 21.116527
21.004597 20.862068 20.506613 20.182110 20.124620 19.943578
19.706543 19.516723 19.226905 19.064417 18.981251 18.876444
18.719489 18.583750 18.561191 18.470260 18.398167 18.474264
18.479705 18.438145 18.464950 18.769520 19.009321 18.914601
18.795784 18.612316 18.598084 18.599288 18.380148 18.347733
18.253593 18.231701 18.323400 18.027254 17.728843 17.597814
17.583111 17.537637 17.524028 17.689798 17.706002 17.763927
17.786605 17.730805 17.988047 18.338391 18.275172 18.135279
18.300958 18.394257 18.298623 18.193442 18.222090 18.224671
18.185680 18.326098 18.418642 18.262489 18.169462 18.313742
18.367405 18.563214 18.935516 18.995235 18.940879 18.953885
19.038943 19.289932 19.426075 19.422866 19.412329 19.291259
19.164943 19.124852 19.298585 19.635308 19.793025 19.850571
19.762113 19.645389 19.584659 19.670978 19.848092 20.057148
20.174117 20.185182 20.282366 20.210448 19.893379 19.384102
19.288468 19.405856 19.528159 19.549784 19.283242 19.162318
19.185812 19.199510 19.237560 19.246245 19.063431 18.882457
19.098428 19.656429 20.284805 20.771739 21.044756 21.118649
21.090991 21.094413 21.348270 21.444046 21.169554 20.896832
20.676359 20.839836 21.158901 21.211978 21.172681 21.080392
21.015984 21.021253 21.000181 19.296187 19.215307 19.119629
19.147216 19.180370 19.182524 19.224106 19.231609 18.990996
19.031425 19.341628 19.413787 19.381324 19.407559 19.282653
19.148234 19.072731 18.915652 19.119498 19.649171 19.798130
19.692793 19.818094 19.982275 20.130076 20.489036 20.777513
20.812987 20.988863 21.258815 21.279779 21.223672 21.308810
21.362491 21.292965 21.251374 21.331939 21.528245 21.705523
21.646824 21.812056 21.968608 21.781389 21.687799 21.538913
21.401385 21.225421 21.032577 20.964561 20.798800 20.630341
20.270583 19.992581 19.866562 19.673818 19.495300 19.311689
19.087248 18.926545 18.886504 18.963490 18.906540 18.723934
18.507995 18.437489 18.612225 18.551376 18.335477 18.299619
18.512476 18.770038 18.845120 18.813311 18.757642 18.725332
18.742261 18.647950 18.371641 18.114976 18.180604 18.103777
17.804837 17.704191 17.586209 17.650411 17.740621 17.738337
17.772434 17.646727 17.786401 17.914272 17.722277 17.834489
18.151366 18.195072 18.185527 18.409582 18.570019 18.569408
18.424137 18.466395 18.539831 18.290566 18.216974 18.311768
18.344801 18.293872 18.375415 18.537209 18.723430 18.929939
18.898691 18.781095 18.738943 18.777345 19.120666 19.378217
19.433847 19.519639 19.415781 19.248561 19.156906 19.222423
19.408475 19.703123 19.943836 19.944754 19.902638 19.833582
19.921949 20.094028 19.942528 19.796143 19.954169 20.213580
20.272525 19.959326 19.462826 19.193144 19.224521 19.345480
19.340380 19.315664 19.400045 19.362380 19.223433 19.240102
19.157640 19.051692 19.165919 19.471090 19.994724 20.604644
20.883526 21.019418 21.214961 21.161033 21.183155 21.369481
21.303771 21.206523 21.055848 20.910898 21.065386 21.132828
21.146697 21.168794 21.022426 20.871650 20.900964 20.939184
19.246297 19.122009 18.988626 19.055046 19.186165 19.176550
19.146355 18.994508 18.839545 19.152503 19.341772 19.336272
19.356140 19.330382 19.371832 19.398213 19.239410 19.086017
19.438139 19.842271 19.856300 19.872500 19.915761 20.039533
20.276376 20.553642 20.595389 20.456807 20.720772 21.100982
20.939756 20.776370 21.029339 21.116059 21.066135 21.036736
21.192948 21.498140 21.764549 21.858651 21.859909 21.741171
21.547975 21.547383 21.592467 21.437030 21.216734 21.203115
21.093066 21.007002 20.857530 20.384852 20.026748 19.823819
19.739711 19.635815 19.422132 19.205190 19.055651 18.963212
19.046827 19.051227 18.740429 18.476598 18.403676 18.562454
18.630702 18.437646 18.326482 18.346855 18.527793 18.641799
18.744206 18.986671 19.046593 18.936367 18.706835 18.356338
18.167977 18.195872 18.011660 18.017626 18.020723 17.794499
17.852637 17.870216 17.843086 17.857781 17.744166 17.852021
17.905523 17.784307 17.946363 18.183318 18.255851 18.291957
18.428223 18.559765 18.703114 18.744639 18.852944 18.753138
18.313769 18.252304 18.497434 18.677460 18.697282 18.647579
18.691531 18.761941 18.812650 18.799879 18.683532 18.580172
18.731752 19.081682 19.211044 19.337172 19.433836 19.392372
19.340209 19.403643 19.517512 19.517184 19.835061 20.143093
20.177366 20.196988 20.054890 20.012137 20.094178 19.809844
19.712706 20.016378 20.305622 20.420446 20.149343 19.623508
19.173473 19.187949 19.300727 19.267065 19.341369 19.516805
19.532925 19.393234 19.403505 19.399713 19.475650 19.555602
19.607056 19.940127 20.566104 21.064731 21.181422 21.406854
21.612601 21.437284 21.287528 21.365359 21.297273 21.124779
21.166637 21.222609 21.258763 21.230723 21.029448 20.905584
20.849252 20.746386 20.683647 19.013098 18.985909 18.957001
18.960493 19.155497 19.315382 19.207325 18.847003 18.668024
19.139455 19.317413 19.255987 19.448657 19.535802 19.686041
19.703939 19.606128 19.637943 19.872343 20.026837 19.898203
19.922966 19.848710 19.874373 20.193803 20.466482 20.384010
20.249519 20.533909 20.766583 20.622913 20.707276 21.006724
21.062875 21.128837 21.145433 21.257710 21.463170 21.615496
21.768856 21.864015 21.697734 21.481220 21.465211 21.470986
21.311027 21.147292 21.097919 20.901663 20.808663 20.804462
20.476610 20.123630 19.769193 19.621200 19.499434 19.247265
19.190411 19.064220 18.883855 18.837613 18.966402 18.808536
18.549159 18.615547 18.754899 18.714390 18.480217 18.263762
18.265574 18.397472 18.361001 18.526256 18.920325 19.037392
18.853629 18.612738 18.424003 18.244559 18.229696 18.270772
18.409048 18.290142 17.893508 17.784760 17.756105 17.817145
17.877530 17.903029 17.968066 17.883829 17.942951 18.172835
18.289759 18.269647 18.202610 18.342859 18.423757 18.547752
18.874424 19.011301 18.691711 18.351363 18.471900 18.735817
18.815040 18.717613 18.572211 18.482087 18.639975 18.787328
18.770699 18.614584 18.512368 18.772106 18.916815 18.819072
19.092026 19.379724 19.327907 19.271315 19.474767 19.738489
19.865708 20.018685 20.104980 20.270381 20.412526 20.168898
19.957364 19.949930 19.910780 19.992103 20.159218 20.388845
20.546051 20.327068 19.787625 19.366444 19.354171 19.498197
19.384814 19.317104 19.552770 19.575925 19.420410 19.428920
19.644386 19.926259 19.877715 19.716827 19.909329 20.399365
21.056190 21.396433 21.523226 21.741783 21.573629 21.253232
21.387467 21.423536 21.327033 21.409207 21.386110 21.331908
21.176682 20.945083 20.942606 21.043027 20.758229 20.462408
18.892800 18.990690 18.984362 18.761979 18.878276 19.231270
19.252765 18.931867 18.687988 19.038571 19.313429 19.344531
19.712474 19.854753 19.945411 19.979355 19.981002 19.999422
20.006802 20.064423 20.007031 19.977418 19.837212 19.833929
20.075497 20.185437 20.145320 20.268631 20.485342 20.642469
20.554936 20.737056 21.002052 21.044451 21.229769 21.245970
21.244720 21.379717 21.366178 21.457569 21.612879 21.492674
21.334277 21.259747 21.158569 21.002591 20.922877 20.775890
20.620786 20.435868 20.340449 20.268699 20.110225 19.807903
19.606186 19.391746 19.188217 19.331216 19.279856 19.049245
18.946748 19.134917 19.020493 18.717033 18.715565 18.769297
18.610656 18.308085 18.105054 18.057918 18.168960 18.215176
18.276083 18.539085 18.705633 18.801127 18.775137 18.467681
18.202315 18.260107 18.441694 18.521937 18.485217 18.188559
17.804356 17.683480 17.838420 17.894384 18.024274 17.995702
17.940349 18.133977 18.238083 18.325426 18.186887 18.118617
18.168120 18.157902 18.377994 18.623589 18.790805 18.595645
18.441336 18.629223 18.696614 18.594123 18.352053 18.218265
18.339132 18.565127 18.825896 18.898293 18.625599 18.497347
18.712031 18.786232 18.611543 18.824510 19.136719 19.191636
19.224097 19.491787 19.916871 20.168070 20.239378 20.121048
20.200645 20.431198 20.301880 19.945251 19.859720 19.934262
19.950090 20.030687 20.259683 20.362844 20.166824 19.838404
19.582283 19.497948 19.512912 19.363715 19.394912 19.753005
19.693060 19.463220 19.369118 19.477592 19.744369 19.859641
19.815631 19.896952 20.247238 20.724636 21.122447 21.355729
21.531620 21.493973 21.303720 21.311609 21.393547 21.451047
21.526975 21.495034 21.293421 21.132081 21.139212 21.222819
21.182109 20.763632 20.437710 18.985819 19.132394 19.132257
18.779400 18.714565 19.021134 19.180989 19.046412 18.896012
19.275062 19.570017 19.530534 19.699479 19.728817 19.898526
20.182441 20.294910 20.268091 20.230872 20.192911 20.181004
20.168454 20.001023 20.077564 20.402411 20.288693 20.128085
20.309877 20.351464 20.411742 20.353665 20.415193 20.690873
20.880420 21.018824 21.051655 21.161834 21.256571 21.186235
21.377432 21.533058 21.364260 21.230709 21.139948 21.001987
20.726025 20.636504 20.640886 20.481904 20.268436 20.070239
20.028329 19.986638 19.744789 19.716703 19.681634 19.513025
19.593261 19.584569 19.432621 19.296266 19.302999 19.170808
18.956016 18.747939 18.542541 18.375180 18.229116 18.089307
17.873535 17.901006 18.126711 18.307168 18.367890 18.559488
18.937862 18.977692 18.698402 18.478980 18.398071 18.508306
18.641494 18.686157 18.470905 18.042278 17.760788 17.684540
17.624660 17.718095 17.951469 18.128288 18.232853 18.285628
18.413091 18.337334 18.285891 18.129953 18.023360 18.259574
18.361026 18.434467 18.397211 18.504570 18.686706 18.664611
18.520067 18.249786 18.165199 18.339686 18.594152 18.880500
18.917935 18.644056 18.577284 18.688799 18.757777 18.760581
18.810897 18.918080 19.171945 19.374461 19.535347 19.879806
20.128173 20.189828 20.229447 20.330474 20.419635 20.384001
20.077176 19.954756 19.930693 19.793859 19.781093 19.944948
20.136989 20.072835 19.868237 19.759944 19.642537 19.541339
19.537002 19.663868 19.901081 19.752334 19.482688 19.372674
19.204491 19.359840 19.649251 19.724045 19.823120 20.096615
20.378092 20.563049 20.889731 21.172012 21.275331 21.328026
21.256339 21.149732 21.184386 21.344833 21.306377 21.067030
21.026365 21.201210 21.320746 21.082553 20.579155 20.323686
19.046482 19.095837 19.030388 18.779118 18.809497 19.084435
19.272214 19.322166 19.276656 19.520904 19.678305 19.594275
19.665367 19.662159 19.798712 20.229247 20.480228 20.494252
20.445304 20.251686 20.203481 20.332839 20.307387 20.292956
20.662660 20.702586 20.416133 20.458786 20.366014 20.243829
20.224430 20.167465 20.393083 20.730922 20.678464 20.703374
20.950207 20.926731 20.979023 21.320576 21.503050 21.629165
21.603186 21.324104 21.013172 20.708150 20.470468 20.398235
20.275960 20.148488 20.002097 19.954736 19.924220 19.723996
19.728898 19.717530 19.671788 19.689616 19.575690 19.539274
19.558433 19.323252 19.100292 19.024358 18.719070 18.304044
18.055503 18.130214 18.140061 17.943239 17.905271 18.012570
18.361004 18.528950 18.654114 18.929677 19.043987 18.891229
18.702581 18.576795 18.668596 18.885993 18.716180 18.366208
17.962981 17.507316 17.287029 17.312344 17.406832 17.716953
18.046513 18.260474 18.462059 18.581579 18.574159 18.497982
18.297393 18.079307 18.156452 18.240193 18.302374 18.286534
18.353392 18.560311 18.743310 18.674893 18.373189 18.372499
18.346486 18.503248 18.735378 18.715848 18.689711 18.679637
18.709793 18.827329 18.962521 18.939180 18.975781 19.235164
19.529155 19.607962 19.643444 19.808334 19.910765 20.069915
20.267949 20.307566 20.271562 20.200577 20.138339 19.953389
19.768212 19.732108 19.723345 19.978318 19.997137 19.687444
19.735888 19.746261 19.670157 19.740921 19.827198 19.823332
19.526835 19.337739 19.188276 18.987400 19.228810 19.467205
19.543749 19.672256 19.901700 20.085304 20.186879 20.524086
20.833871 20.908755 21.005191 21.104993 21.037182 20.993867
21.014853 20.991666 20.829467 20.713210 20.918612 21.089127
20.883063 20.408106 20.146372 19.108974 18.865407 18.580304
18.611785 18.876480 19.209389 19.425407 19.594605 19.558949
19.467120 19.662121 19.760401 19.832536 19.897256 19.898614
20.279366 20.618587 20.550253 20.419391 20.181486 20.129181
20.335681 20.526266 20.548328 20.711822 20.924274 20.741987
20.638826 20.491165 20.303411 20.204164 20.056861 20.235316
20.549069 20.362256 20.368436 20.657490 20.676290 20.843989
21.044762 21.319910 21.722119 21.718702 21.386715 21.134870
20.941542 20.620608 20.432823 20.339293 20.216972 19.988199
19.887930 19.938382 19.780121 19.702910 19.777534 19.801517
19.786074 19.626095 19.530733 19.628807 19.465391 19.194365
19.063050 18.685454 18.198075 18.167142 18.407135 18.368052
18.074052 17.950492 18.026620 18.325576 18.655202 18.800986
18.922059 19.009388 18.930469 18.851629 18.931190 19.046902
19.034357 18.729170 18.286667 17.820734 17.412477 17.239957
17.265291 17.296101 17.365679 17.775044 18.239091 18.479966
18.592410 18.533856 18.526991 18.481616 18.281027 18.254464
18.191048 18.139955 18.109598 18.098393 18.333173 18.711816
18.762304 18.367594 18.343119 18.432126 18.498207 18.672457
18.671065 18.722426 18.689248 18.690085 18.867911 18.948459
19.051753 19.131546 19.294262 19.575126 19.612325 19.541417
19.508023 19.641405 19.836099 19.960555 20.049148 20.172776
20.447978 20.357270 19.946305 19.862500 19.881708 19.739628
19.778301 19.697915 19.524610 19.650892 19.730286 19.729499
19.794259 19.734652 19.591451 19.342799 19.090789 18.939480
18.956343 19.211899 19.252179 19.327946 19.678985 19.880690
19.901241 20.005647 20.370461 20.764567 20.689518 20.628076
20.920795 21.006996 20.879862 20.803078 20.789156 20.621399
20.389119 20.566336 20.902599 20.775839 20.325115 20.094406
18.981902 18.868224 18.737977 18.823438 19.052591 19.366771
19.475827 19.457230 19.452830 19.453674 19.750524 19.987457
20.023139 20.143033 20.304437 20.464265 20.583123 20.654610
20.556652 20.328749 20.256733 20.357706 20.490511 20.543975
20.819358 21.120656 20.973760 20.730620 20.583764 20.389777
20.107548 20.041277 20.274839 20.370523 20.201523 20.259789
20.570394 20.719008 20.836672 20.891425 21.264504 21.582453
21.417029 21.283445 21.327676 21.172966 20.909078 20.851966
20.674341 20.386483 20.056901 19.953081 19.865927 19.653516
19.761557 20.070729 20.136798 20.019806 19.929906 19.794937
19.697106 19.587849 19.378249 19.245398 18.969612 18.615687
18.673021 18.848947 18.644994 18.189759 17.998433 18.171578
18.496119 18.720998 18.859985 18.980762 18.954008 18.911473
18.976655 19.121288 19.303660 19.154900 18.744543 18.362376
17.991711 17.681862 17.374635 17.300690 17.400286 17.470015
17.813816 18.044723 18.183677 18.413778 18.335208 18.395189
18.449909 18.310164 18.324070 18.270778 18.070073 17.929631
17.874799 18.078844 18.545585 18.766519 18.445168 18.321487
18.604939 18.724090 18.726798 18.656006 18.693295 18.722747
18.682029 18.897187 19.079270 19.235831 19.320251 19.402141
19.526811 19.566401 19.629307 19.454433 19.401437 19.623618
19.857067 20.090137 20.324695 20.498663 20.331141 19.969847
19.913323 19.981156 19.802150 19.631735 19.581239 19.581969
19.585649 19.610563 19.650532 19.639784 19.442919 19.352019
19.399673 19.229173 19.151752 19.118188 19.157407 19.119611
19.260867 19.799694 19.997302 19.903696 19.929723 20.203513
20.641674 20.690673 20.570682 20.859819 20.932066 20.682752
20.589197 20.593082 20.442745 20.241775 20.388457 20.677101
20.581443 20.374623 20.360561 19.326658 19.313651 19.232998
19.159559 19.337898 19.556800 19.506767 19.384218 19.443474
19.721116 19.981580 20.206785 20.413785 20.540443 20.678920
20.657164 20.713417 20.932194 20.888257 20.628370 20.411841
20.467115 20.452521 20.534054 20.966811 21.236847 21.146925
20.857289 20.735194 20.586799 20.239967 20.176725 20.438692
20.463864 20.191599 20.184446 20.389197 20.477479 20.678892
20.877231 21.030095 21.243310 21.259291 21.278893 21.438176
21.296192 21.151439 21.053667 20.765902 20.519054 20.206994
20.044439 19.809925 19.637539 19.946231 20.295428 20.279416
20.154611 20.133404 19.987508 19.844544 19.585434 19.386762
19.342952 19.232017 19.201301 19.260586 19.260111 19.006950
18.773595 18.668028 18.560268 18.703264 18.765694 18.697074
18.814449 18.935194 18.914130 18.925935 18.932689 18.997944
19.019730 18.743500 18.563326 18.285943 17.725289 17.251065
17.202209 17.478951 17.590780 17.669200 17.749891 17.901483
18.142954 18.076917 18.000701 17.982042 17.930229 18.038568
18.213256 18.237438 18.034899 17.769075 17.852366 18.219961
18.442475 18.401406 18.376147 18.669689 18.793591 18.758293
18.780552 18.733072 18.840990 18.897175 19.052936 19.269025
19.369623 19.406978 19.416129 19.360802 19.388900 19.653310
19.674900 19.527863 19.509409 19.803460 20.116097 20.208035
20.241129 20.226616 20.054350 19.849743 19.866911 19.772577
19.624839 19.717348 19.823621 19.707900 19.578313 19.591843
19.530392 19.383306 19.368335 19.373809 19.258236 19.175950
19.091411 19.051258 19.091040 19.425711 19.969952 20.059596
19.864662 19.840339 19.916852 20.261306 20.520232 20.608900
20.865610 20.780697 20.659667 20.612034 20.563754 20.490425
20.293735 20.362214 20.483505 20.424378 20.400402 20.454612
19.806503 19.729327 19.559220 19.518961 19.630239 19.735992
19.742927 19.775955 19.884052 20.108488 20.326809 20.556052
20.834431 21.050614 21.079282 20.954201 21.044852 21.137296
21.040471 20.763096 20.506135 20.537417 20.529297 20.600715
20.918522 21.096999 20.998986 20.869994 20.915964 20.735899
20.261158 20.092511 20.369446 20.387470 20.153974 20.106116
20.110059 20.245420 20.558298 20.815051 20.874990 21.071405
21.224470 21.316721 21.529096 21.456205 21.191190 20.802412
20.552579 20.566130 20.440728 20.299154 20.091368 20.006002
20.323064 20.533036 20.403396 20.267162 20.193924 20.049007
19.915709 19.697241 19.502025 19.373076 19.297974 19.509591
19.769413 19.712090 19.486667 19.385682 19.289216 18.939644
18.663337 18.691308 18.720639 18.802161 19.008299 19.068295
18.898731 18.761690 18.675133 18.634955 18.628572 18.579280
18.308102 17.632616 17.039794 16.998397 17.343923 17.396933
17.263982 17.376895 17.569279 17.754516 17.722693 17.541664
17.525512 17.587890 17.694956 17.941952 18.094021 17.968570
17.729295 17.772263 18.050510 18.113023 18.136669 18.363510
18.651992 18.683484 18.769728 18.983915 18.932582 18.965398
18.994458 19.068750 19.293815 19.422361 19.297124 19.228179
19.289294 19.322976 19.590990 19.740793 19.724264 19.697493
19.834169 19.910777 19.864003 20.068721 20.301794 20.208986
19.910327 19.749877 19.678214 19.582282 19.729840 20.004960
19.879359 19.639706 19.688658 19.639133 19.433716 19.323948
19.168902 19.115929 19.137049 19.126191 19.108967 19.179307
19.474423 19.941104 20.134484 19.946412 19.872501 19.920894
20.039855 20.218874 20.431244 20.546059 20.379894 20.353488
20.503859 20.576884 20.474554 20.195644 20.135214 20.260621
20.308815 20.218970 20.138902 19.864272 19.859721 19.851833
19.978111 20.041155 20.025628 20.052055 20.148901 20.337871
20.540537 20.717543 20.988930 21.230102 21.386117 21.442339
21.288382 21.244044 21.295766 21.184631 20.930160 20.705090
20.607284 20.576365 20.548652 20.695904 20.872134 20.746303
20.776531 20.925279 20.704191 20.242433 20.001523 20.091726
20.045393 20.102727 20.168880 20.247519 20.419805 20.548496
20.703727 20.852275 21.089893 21.176567 21.355333 21.588311
21.479573 21.100987 20.556852 20.409345 20.551626 20.410478
20.461510 20.467269 20.412497 20.615430 20.669998 20.610591
20.545509 20.423057 20.346914 20.158273 19.933690 19.706445
19.450914 19.491726 19.768362 19.896195 19.818005 19.760040
19.612458 19.563327 19.411726 19.005611 18.958443 19.177068
19.184344 19.237032 19.323867 19.116547 18.879544 18.674211
18.560743 18.472703 18.367836 18.194979 17.668118 17.140308
17.036357 17.285155 17.308166 17.248798 17.401757 17.543962
17.651042 17.531064 17.268566 17.281560 17.504735 17.582489
17.561391 17.604496 17.680387 17.672663 17.756132 18.033726
18.083776 18.139309 18.396138 18.576493 18.614130 18.695121
18.939561 19.141394 19.223522 19.104688 19.151863 19.519460
19.553389 19.273359 19.289633 19.495905 19.599771 19.722501
19.666822 19.707193 19.864070 19.920260 19.907184 19.851581
20.049526 20.360538 20.379290 20.006229 19.621480 19.431780
19.328226 19.561477 19.860646 19.775772 19.576354 19.571277
19.570126 19.349661 19.247664 19.259996 19.233277 19.256341
19.237766 19.181161 19.283683 19.489183 19.896348 20.255265
20.246443 20.122589 20.057749 20.087448 20.140398 20.169314
20.083215 19.991417 20.038762 20.256329 20.415891 20.198591
19.993534 19.968246 20.045674 20.120440 20.024636 19.957309
19.834295 19.815492 20.028717 20.275298 20.241522 20.189864
20.265840 20.447133 20.669957 20.889209 21.056581 21.321889
21.500721 21.514974 21.567123 21.462617 21.381364 21.491130
21.433515 21.117407 20.808108 20.734462 20.578798 20.513676
20.655603 20.701434 20.606542 20.622924 20.721963 20.649687
20.316104 19.977800 19.811503 19.763722 19.959549 20.121870
20.443306 20.631950 20.633613 20.658216 20.696882 20.930241
21.136431 21.326257 21.452820 21.360649 21.130709 20.647193
20.316288 20.396652 20.361535 20.402271 20.487493 20.544566
20.612303 20.621681 20.605123 20.634167 20.797248 20.717171
20.430523 20.241148 19.956197 19.573632 19.456511 19.576071
19.606564 19.624403 19.584000 19.485905 19.752214 19.859102
19.504305 19.236986 19.319631 19.360015 19.338896 19.390601
19.206240 19.020192 18.899194 18.785366 18.499554 18.353282
18.126456 17.610571 17.435129 17.458419 17.481333 17.374423
17.499991 17.838523 17.917550 17.758803 17.421403 17.148486
17.159611 17.461423 17.474414 17.173518 17.185180 17.451792
17.720518 17.915323 18.140056 18.199133 18.248656 18.390850
18.478393 18.590819 18.653944 18.847239 19.253863 19.445782
19.320390 19.388445 19.611602 19.529529 19.524884 19.701201
19.680693 19.695559 19.786032 19.739071 19.734473 19.934063
20.127619 20.117188 20.078714 20.126406 20.246382 20.270722
19.890172 19.401187 19.067323 19.127776 19.382896 19.467544
19.543969 19.474014 19.375186 19.411279 19.273619 19.286535
19.575961 19.626121 19.523045 19.382781 19.354664 19.467541
19.662254 19.934569 20.246183 20.414376 20.420182 20.272470
20.171545 20.147497 19.948840 19.824340 19.893415 20.076316
20.230384 20.210974 19.964536 19.814798 19.822989 19.895843
19.918209 19.939423 20.020164 20.273659 20.140611 20.212734
20.280590 20.229645 20.368502 20.519812 20.713501 20.921251
21.096120 21.271706 21.399688 21.440112 21.467837 21.563040
21.660263 21.550407 21.456876 21.442341 21.273516 21.040156
20.951022 20.716632 20.573163 20.704814 20.683772 20.546260
20.611360 20.747761 20.633196 20.258698 19.891667 19.727886
19.753978 19.848791 20.032122 20.359098 20.569792 20.696405
20.579735 20.521617 20.732055 21.000105 21.211739 21.239177
21.258080 21.177980 20.836466 20.519994 20.363639 20.312112
20.347558 20.393467 20.493145 20.628382 20.605986 20.508370
20.603871 20.878917 20.967545 20.762054 20.523583 20.158879
19.710100 19.350298 19.265261 19.403204 19.479873 19.352766
19.297399 19.597057 19.741712 19.601637 19.337890 19.166752
19.329170 19.415297 19.364213 19.369177 19.320188 19.058629
18.834408 18.629785 18.326120 18.010594 17.715094 17.626388
17.576839 17.519795 17.529019 17.721490 17.994622 17.958523
17.683573 17.479673 17.393483 17.337333 17.389107 17.343720
17.160160 17.120379 17.357564 17.848664 18.142641 18.216082
18.338766 18.423125 18.484986 18.535293 18.685351 18.864706
18.971940 19.311224 19.501217 19.443475 19.636216 19.638249
19.592584 19.860164 19.936985 19.745523 19.770510 19.853179
19.833663 19.933422 20.241332 20.432801 20.262284 20.091033
19.944545 19.969114 19.961956 19.700467 19.331852 19.047334
19.151862 19.130201 19.122760 19.388632 19.333911 19.212821
19.219511 19.202125 19.390012 19.720537 19.947234 19.886192
19.607916 19.580097 19.655518 19.809449 19.921314 20.110512
20.322853 20.394841 20.245457 20.041367 20.011571 19.721402
19.691392 19.941077 20.157737 20.209690 20.064437 19.888749
19.746012 19.804122 19.879295 19.902789 19.992394 20.056810
20.738388 20.475911 20.218057 20.230831 20.419787 20.646357
20.774610 20.890733 21.009522 21.204744 21.327106 21.315256
21.361130 21.428199 21.462533 21.542046 21.427874 21.157170
21.031325 20.999269 20.963249 20.895840 20.788591 20.647262
20.755153 20.711489 20.515014 20.628649 20.726783 20.638283
20.269181 19.853650 19.722039 19.838657 19.922471 20.111841
20.362738 20.478281 20.591945 20.478305 20.389163 20.585397
20.809585 20.939203 20.939593 20.966371 21.031204 20.897567
20.692750 20.442895 20.256648 20.320313 20.345355 20.316416
20.463958 20.508957 20.626401 20.670477 20.613797 20.876343
20.768710 20.404844 20.133086 19.908455 19.741405 19.578848
19.637644 19.533454 19.168389 19.137545 19.361739 19.441456
19.457016 19.326503 19.082935 19.142088 19.306862 19.516445
19.700569 19.508265 19.056063 18.803829 18.616262 18.183465
18.025889 17.954011 17.634260 17.392728 17.418417 17.540144
17.811316 18.049181 17.955427 17.862341 17.809575 17.728375
17.515122 17.354008 17.424052 17.484711 17.444139 17.580315
18.006707 18.193600 18.176567 18.297952 18.407516 18.382999
18.386941 18.805819 19.148483 19.129209 19.214127 19.335636
19.486598 19.636009 19.526564 19.554430 19.742493 19.730252
19.749569 19.900062 19.897863 19.936143 20.072312 20.225376
20.248537 20.064303 19.883247 19.744418 19.774089 19.608820
19.427294 19.294735 19.202799 19.323250 19.075711 18.948356
19.152768 19.126887 19.081961 19.151149 19.338676 19.572964
19.746091 19.880285 19.856838 19.649360 19.616519 19.652221
19.690816 19.835800 19.954622 20.043974 19.947356 19.775958
19.732285 19.844593 19.842768 19.847747 20.090988 20.302754
20.176764 20.003082 19.913517 19.784274 19.876271 20.034630
20.272830 20.462635 20.466563 20.632441 20.506106 20.296094
20.359626 20.651693 20.877904 20.988942 20.963405 20.917401
21.107091 21.239090 21.175301 21.252749 21.401613 21.411146
21.383764 21.217791 20.859092 20.611855 20.539148 20.528347
20.611814 20.731419 20.676308 20.674673 20.563676 20.417891
20.414365 20.412266 20.462443 20.168075 19.776475 19.643407
19.871869 20.164531 20.263591 20.476297 20.575203 20.592017
20.550885 20.511667 20.540057 20.495254 20.450676 20.539578
20.633041 20.880010 20.934501 20.704825 20.632967 20.423444
20.192009 20.174744 20.221927 20.248681 20.322451 20.669069
20.648706 20.388520 20.499638 20.392587 20.221511 20.119200
20.132537 20.119312 19.978715 19.950850 19.681376 19.188293
19.156431 19.316069 19.290773 19.319307 19.343577 19.220593
18.994097 19.046016 19.494964 19.575939 19.210595 18.920210
18.885441 18.732449 18.333211 18.089795 17.733013 17.437711
17.383034 17.415958 17.422284 17.702154 18.003219 18.014240
18.094192 18.086573 17.899664 17.480753 17.244960 17.495805
17.761225 17.891054 17.953159 18.117508 18.148667 18.037842
18.103285 18.169901 18.138691 18.249211 18.656968 18.955057
19.061143 19.090179 19.090708 19.207246 19.322977 19.374728
19.417428 19.418661 19.448053 19.749106 20.049255 20.108656
20.252458 20.205989 20.031254 19.893599 19.675455 19.566520
19.511587 19.455274 19.317553 19.382003 19.353669 19.228438
19.402318 19.335369 19.044650 18.950487 19.052207 19.186941
19.439763 19.588151 19.522074 19.632722 19.818154 19.806990
19.733588 19.763470 19.681306 19.362933 19.423912 19.781693
19.762652 19.459685 19.366960 19.607316 20.011483 20.237211
20.315006 20.457806 20.293244 19.982561 19.947621 19.971659
19.894882 19.965063 20.214450 20.469743 20.774066 20.957669
20.579784 20.655647 20.580345 20.533718 20.786065 21.068715
21.160787 21.187842 21.003445 20.960689 21.294126 21.391145
21.256571 21.182005 21.246843 21.306694 21.185842 20.760879
20.587039 20.609771 20.495117 20.659218 20.755959 20.723608
20.674956 20.510584 20.386894 20.191911 20.085943 20.032672
19.880875 19.656426 19.462018 19.777673 20.174930 20.268778
20.510017 20.517033 20.491792 20.638251 20.703259 20.476984
20.145781 20.218933 20.353305 20.411627 20.739576 20.856714
20.676929 20.678937 20.518148 20.184466 20.033636 20.089764
20.227289 20.279241 20.469506 20.615157 20.489753 20.404280
20.348389 20.271871 20.129037 20.140656 20.112725 20.027265
20.049875 19.795996 19.488726 19.450736 19.545862 19.509116
19.452909 19.534943 19.444214 19.185054 19.007625 19.149552
19.221523 19.042953 18.852383 18.881173 18.848233 18.445850
17.995860 17.568959 17.279504 17.165510 17.288721 17.470279
17.689072 17.883098 18.005930 18.154715 18.172635 17.915610
17.509681 17.430601 17.633832 17.876797 18.114113 18.080190
18.073775 18.060853 17.889359 17.953173 17.982052 17.922724
18.154066 18.462928 18.657354 18.887445 19.055551 19.055366
18.950754 19.059182 19.360366 19.373487 19.313982 19.497523
19.898629 20.210482 20.325218 20.391346 20.268816 20.040292
19.788703 19.547308 19.455481 19.463526 19.344807 19.424721
19.786449 19.672438 19.353634 19.369991 19.456457 19.263072
19.141325 19.211703 19.268607 19.524302 19.477427 19.304458
19.444495 19.582055 19.664868 19.731617 19.757824 19.574987
19.098763 19.017912 19.267798 19.227226 19.093098 19.124296
19.633643 20.185957 20.285867 20.454909 20.562264 20.207086
19.879140 19.895547 20.038387 20.187386 20.279632 20.399623
20.553007 20.709478 20.811199 20.768847 20.833515 20.744011
20.759265 21.038762 21.268894 21.429644 21.452984 21.223708
21.215020 21.657190 21.836217 21.520341 21.121216 21.039708
21.208880 21.236409 20.920252 20.831233 20.874280 20.735830
20.766681 20.720029 20.675564 20.612285 20.427303 20.301238
20.058200 19.866435 19.759009 19.679201 19.593477 19.437475
19.568356 19.931718 20.098674 20.137413 20.061347 20.153186
20.569548 20.692822 20.346499 20.111142 20.317832 20.419698
20.376552 20.524741 20.569314 20.536194 20.498688 20.450358
20.265332 19.988572 19.909451 19.991857 20.240269 20.415557
20.401172 20.395583 20.424242 20.318982 20.139776 19.963285
19.886816 20.026365 20.132898 20.089059 19.822910 19.597587
19.582076 19.641311 19.586279 19.441777 19.498546 19.477455
19.259874 19.021017 18.900550 18.905104 18.919424 18.781906
18.648801 18.622825 18.356842 17.973127 17.669239 17.367678
17.202944 17.365308 17.713591 17.900398 17.904593 18.060324
18.198451 18.125465 17.923766 17.691466 17.719386 17.952509
18.053338 17.946965 17.839298 17.937832 17.982998 17.845982
17.772181 17.714780 17.682602 17.959020 18.399354 18.508981
18.626520 18.853375 18.887535 18.859337 18.949896 19.175853
19.205273 19.238208 19.538459 19.897602 20.124707 20.325252
20.396979 20.226759 20.038135 19.810392 19.641115 19.684734
19.606115 19.404854 19.595552 19.974444 19.859013 19.448939
19.245019 19.242273 19.277627 19.296737 19.337663 19.350964
19.366410 19.179551 19.130261 19.253311 19.329890 19.489408
19.584643 19.503713 19.306471 18.947321 18.664871 18.621778
18.805331 19.160780 19.364276 19.773681 20.154896 20.247113
20.346080 20.278815 20.182723 20.134473 19.970264 20.107020
20.428815 20.514915 20.562179 20.745814 20.728379 20.557951
21.052190 21.009727 20.859430 21.004356 21.343116 21.501444
21.688028 21.702711 21.574960 21.672941 21.976086 21.958880
21.539248 21.077554 20.962670 21.237740 21.269225 21.143878
21.120630 20.984277 20.811923 20.684003 20.576188 20.399771
20.186195 19.984663 19.834946 19.719560 19.660167 19.650164
19.509398 19.416886 19.401411 19.473977 19.702371 19.788951
19.768815 19.726570 19.843534 20.303099 20.547828 20.387303
20.250989 20.275159 20.305289 20.263271 20.237643 20.321923
20.467588 20.574676 20.474372 20.132640 19.953141 19.914912
19.798704 20.061564 20.416372 20.317882 20.204460 20.329591
20.376163 20.182051 19.849730 19.761628 20.008045 20.217756
20.134291 19.827082 19.507322 19.302464 19.250626 19.295690
19.279908 19.370396 19.371669 19.147338 19.140628 19.057879
18.838573 18.729018 18.588435 18.526754 18.621827 18.379838
18.016285 17.831534 17.805382 17.793855 17.736641 17.885298
17.865888 17.738586 17.921143 18.035694 18.048079 18.085405
17.931852 17.872952 18.005054 18.073693 17.795955 17.469966
17.608786 17.878772 17.824473 17.589111 17.503484 17.563277
17.877227 18.241136 18.293001 18.381312 18.485078 18.489098
18.727549 18.979312 19.070681 19.085992 19.137538 19.352449
19.670361 19.892279 20.040433 20.246743 20.213235 20.024730
19.817384 19.649691 19.699256 19.560560 19.556007 19.783823
19.867713 19.833703 19.570466 19.341967 19.185933 19.149520
19.130929 19.290180 19.529834 19.376775 19.065883 18.979988
19.049697 19.234490 19.341054 19.286527 19.241205 19.207819
18.892600 18.415627 18.399483 18.828832 19.410939 19.618973
19.847176 20.174104 20.329561 20.445758 20.314964 20.279983
20.502807 20.383774 20.357365 20.616791 20.716461 20.846869
20.879041 20.737623 20.621227 21.192144 21.072579 20.984617
21.194182 21.515131 21.654286 21.730708 21.846827 21.905147
21.897152 21.930401 21.776753 21.247797 20.870325 20.927273
21.130319 21.244998 21.289615 21.162098 20.943301 20.841149
20.695295 20.402186 20.140977 19.944886 19.596188 19.367757
19.470828 19.594184 19.606390 19.388417 19.251237 19.346821
19.519550 19.688849 19.622485 19.572409 19.581990 19.587721
19.936558 20.339786 20.421970 20.276479 20.098305 19.982945
19.838147 19.953879 20.245079 20.452007 20.658703 20.488290
20.079463 19.954138 19.891778 19.839200 20.004067 20.354938
20.432495 20.312667 20.358480 20.455424 20.362309 19.897687
19.751364 19.963006 20.133959 20.167149 19.865425 19.461421
19.162853 18.997427 19.010820 19.026341 19.142033 19.185082
19.015627 19.123216 19.211399 18.931566 18.644032 18.453740
18.433935 18.553216 18.314601 17.944072 17.981174 18.287494
18.345225 18.131358 18.007341 17.944895 17.835776 17.752862
17.842960 18.045843 18.198482 18.165930 18.177220 18.070346
17.922558 17.766333 17.379241 17.428979 17.763147 17.880905
17.670130 17.521070 17.531793 17.709776 17.964473 18.102605
18.201376 18.222739 18.263143 18.627361 19.085039 19.164827
19.015713 18.935054 19.079643 19.438150 19.669333 19.696069
19.863443 19.929877 19.830577 19.626660 19.518166 19.579740
19.656638 19.862083 20.008114 19.928322 19.883631 19.843287
19.732711 19.485009 19.215089 19.080469 19.272850 19.553733
19.310507 18.937664 18.853578 18.998307 19.050847 18.984927
18.904609 18.942495 19.068240 18.769558 18.390239 18.466665
18.887410 19.406368 19.677008 19.953690 20.227103 20.293600
20.551728 20.608324 20.441640 20.664982 20.769672 20.697317
20.648352 20.692100 20.955989 20.913062 20.697901 20.640715
21.335660 21.196268 21.279034 21.412966 21.519598 21.722624
21.711138 21.694612 21.836488 21.891134 21.959545 21.812307
21.281369 21.024028 21.107046 21.229377 21.357270 21.443172
21.228462 21.009900 20.911339 20.604997 20.221149 20.039617
19.807187 19.470033 19.327445 19.444448 19.507896 19.469440
19.379340 19.419929 19.567787 19.612112 19.716334 19.692236
19.558036 19.418539 19.436766 19.799695 20.229429 20.424960
20.323985 20.084242 19.797138 19.653430 20.029593 20.454701
20.488248 20.444541 20.395457 20.194395 19.995002 19.873591
20.048432 20.354252 20.466371 20.384309 20.321193 20.342695
20.337633 20.235134 19.964960 19.863512 19.934795 19.993563
20.003453 19.853601 19.562706 19.323502 19.186551 19.023771
18.757449 18.696939 18.764449 18.732876 18.763721 18.879354
18.786002 18.548509 18.385053 18.303163 18.262563 18.147421
17.833525 17.893199 18.317075 18.449371 18.304954 18.128324
18.090647 18.137298 18.020939 17.938917 18.032469 18.185509
18.265276 18.222373 18.120200 17.855802 17.673193 17.508760
17.650365 18.041214 18.180694 17.888762 17.675854 17.666108
17.719913 17.913511 17.937269 17.831688 17.907970 18.163082
18.619107 19.165100 19.214932 18.887317 18.673522 18.847774
19.269318 19.528002 19.646046 19.745179 19.705798 19.652688
19.625932 19.637485 19.650023 19.709155 19.876220 20.016256
19.962277 19.776694 19.775678 19.822620 19.738936 19.576410
19.199335 19.141804 19.311838 19.093904 18.893538 18.980543
19.115103 19.037779 18.933195 18.784294 18.818620 18.980665
18.790334 18.663580 18.783552 19.098740 19.464055 19.907912
20.085361 19.968991 20.103800 20.402229 20.576603 20.551137
20.796776 20.967371 20.778207 20.581816 20.682205 20.956629
20.966672 20.805606 20.717849 21.755585 21.538704 21.541007
21.535619 21.580508 21.917444 21.831604 21.719710 21.885943
21.965413 22.072080 21.955671 21.513454 21.290317 21.329922
21.460097 21.423120 21.328773 21.156806 20.943225 20.652626
20.169760 20.017213 20.023204 19.683188 19.393599 19.326905
19.316532 19.323268 19.325283 19.373387 19.524521 19.701617
19.708257 19.725972 19.744339 19.671205 19.552384 19.603330
19.907595 20.271139 20.600770 20.581232 20.265792 19.886149
19.876001 20.254011 20.478254 20.440411 20.287739 20.180904
20.143157 20.033654 19.988978 20.306658 20.638130 20.585021
20.432077 20.398282 20.283062 20.148760 19.999872 19.896067
19.930190 19.909248 19.888435 19.962149 19.915024 19.677903
19.430826 19.327201 19.154649 18.801678 18.598678 18.545465
18.531556 18.465808 18.502493 18.594679 18.502249 18.436662
18.350403 18.225545 18.106463 17.955583 17.966295 18.138549
18.406987 18.462716 18.130941 17.951292 18.241826 18.405522
18.265944 18.107999 18.212469 18.430715 18.269392 17.957604
17.688525 17.617589 17.678811 17.827694 18.280162 18.387245
17.961696 17.780377 17.794266 17.831564 17.871079 17.750755
17.608650 17.763352 18.169242 18.631466 19.004359 19.074103
19.003854 18.760994 18.668516 19.032071 19.371969 19.503049
19.634168 19.658622 19.678081 19.850782 19.855474 19.825997
19.786892 19.719780 19.647977 19.704978 19.746732 19.638433
19.629586 19.691607 19.694343 19.266348 19.068803 19.115198
18.991960 18.927686 18.970718 19.036937 19.111585 19.200726
18.964094 18.853819 18.949713 18.956929 19.100875 19.196226
19.330679 19.420295 19.697708 19.924144 19.841995 19.950101
20.183937 20.355050 20.560787 20.884334 20.937344 20.793175
20.759540 20.881465 20.937576 20.855484 20.737434 20.680604
21.836487 21.746326 21.795411 21.761130 21.864521 22.166133
22.076804 21.971480 22.100407 22.101115 21.894914 21.841659
21.691880 21.455342 21.528034 21.708099 21.608692 21.317380
21.031887 20.742276 20.275486 19.883122 20.046281 20.045841
19.572048 19.295915 19.245963 19.231669 19.302721 19.264100
19.206558 19.374141 19.636268 19.695708 19.714983 19.917618
19.908340 19.791070 19.764065 19.898225 20.355259 20.767153
20.784864 20.494600 20.118942 20.122837 20.323539 20.381256
20.312420 20.182146 19.976738 19.833666 19.859285 20.035139
20.328679 20.510064 20.553001 20.605333 20.602553 20.380149
20.112342 19.900553 19.772412 19.804446 19.798023 19.883849
20.016274 19.866674 19.605543 19.498159 19.373331 19.125880
18.988983 18.720954 18.551597 18.446071 18.253178 18.297410
18.363001 18.387994 18.428680 18.334823 18.286318 18.214623
18.074543 17.979927 17.997052 18.298860 18.409078 18.057516
18.021841 18.431959 18.671522 18.579505 18.236002 18.240973
18.548290 18.425516 18.037254 17.855683 17.831689 17.883770
17.934133 18.078581 18.108190 17.856483 17.769645 17.817662
17.847942 17.740152 17.590426 17.561302 17.801333 18.289742
18.761105 18.821194 18.809289 19.032514 18.868013 18.613199
18.859657 19.151415 19.269755 19.465578 19.482474 19.540066
19.820321 19.866739 19.935437 19.825491 19.476027 19.356811
19.613238 19.895253 19.795573 19.644087 19.660233 19.649061
19.392338 19.251887 19.167868 19.043674 18.899221 18.768418
18.876380 19.153718 19.378341 19.265615 18.998449 18.851847
19.032547 19.361491 19.423987 19.362799 19.228494 19.365413
19.664565 19.747436 19.796483 20.077358 20.283482 20.480548
20.704522 20.677635 20.777946 20.958432 21.009120 20.853643
20.690178 20.590766 20.538796 21.895134 21.890812 22.000735
21.901977 22.100512 22.454607 22.287576 22.113643 22.108699
21.949471 21.626862 21.684630 21.671456 21.446707 21.574678
21.831524 21.831664 21.582472 21.190262 20.757143 20.225295
19.864308 19.955240 19.882491 19.644242 19.407205 19.137621
19.164204 19.345590 19.241279 19.209371 19.504604 19.756024
19.845058 19.827643 20.038550 20.237389 20.155484 19.900943
19.871601 20.360890 20.672623 20.675546 20.471683 20.083154
20.124213 20.251173 20.360239 20.301021 20.161575 20.001088
19.717897 19.771181 19.938193 20.063622 20.271504 20.540333
20.730491 20.620883 20.305670 20.001194 19.658180 19.493404
19.613133 19.708625 19.761072 19.757489 19.548526 19.282102
19.235411 19.229091 19.144136 19.099580 18.650650 18.314430
18.160615 17.898325 17.832597 17.940015 18.264056 18.394202
18.242646 18.198445 18.114632 17.816109 17.660891 17.875029
18.256576 18.366136 18.248924 18.296867 18.456491 18.610766
18.563522 18.270980 18.186710 18.356526 18.398565 18.239709
18.099201 17.911924 17.836727 17.896377 17.707070 17.552222
17.596386 17.653865 17.596387 17.493965 17.390102 17.377104
17.489192 17.789712 18.410096 18.969402 18.939930 18.755328
18.887210 18.888390 18.742472 18.792913 18.883613 19.033563
19.378198 19.437986 19.351806 19.607331 19.824564 19.868592
19.737216 19.518663 19.542735 19.740901 19.934859 20.043012
20.043835 19.911568 19.744230 19.477977 19.236321 19.115426
18.871425 18.732693 18.763642 18.817573 19.012778 19.161360
19.299835 19.126188 18.751385 19.050495 19.403253 19.294685
19.119524 19.131265 19.401822 19.430672 19.310657 19.531122
19.955147 20.237759 20.389823 20.382665 20.406371 20.715907
21.004913 21.010331 20.918583 20.811178 20.616140 20.538478
22.250256 22.228003 22.186769 22.108653 22.335611 22.543705
22.330452 22.139949 22.014247 21.822024 21.695905 21.713350
21.591919 21.528625 21.672277 21.937471 21.997741 21.658152
21.183614 20.720236 20.281675 19.802422 19.580462 19.589065
19.739472 19.643077 19.330311 19.435445 19.609128 19.453523
19.495650 19.700313 19.901660 20.087239 20.018711 19.983998
20.252810 20.462138 20.196015 20.026223 20.189668 20.286809
20.319895 20.258972 20.025198 19.960963 20.022142 20.182964
20.349257 20.342408 20.066600 19.703832 19.683055 19.708701
19.718061 19.998806 20.311056 20.525656 20.453577 20.022240
19.822692 19.620190 19.259327 19.313616 19.438139 19.302062
19.241762 19.218672 18.927367 18.734790 18.866564 18.976649
18.892199 18.421910 18.053909 17.928656 17.830520 17.801765
17.906207 18.177200 18.381815 18.283149 18.044349 17.861165
17.673113 17.617399 17.870793 18.310342 18.464561 18.437366
18.428381 18.344479 18.288874 18.231109 18.048051 17.987286
18.168718 18.290553 18.205267 18.044654 17.686656 17.467029
17.674842 17.444210 17.135741 17.380257 17.529736 17.281589
17.082018 16.963614 17.050037 17.489927 17.934475 18.580289
19.062641 19.074558 18.955489 18.905489 18.895813 18.870772
18.846801 18.837056 18.917959 19.108505 19.242957 19.378448
19.555554 19.688137 19.899583 19.945690 19.830530 19.759093
19.832002 20.018552 20.097433 20.183377 20.095020 19.817936
19.499210 19.251038 19.202979 18.945930 18.879703 18.941502
18.791381 18.827966 18.811756 18.954884 19.002719 18.859652
19.168671 19.422013 19.200805 19.038165 19.142291 19.223001
19.240746 19.257658 19.405533 19.730867 20.041601 20.178829
20.194866 20.337687 20.680260 20.842585 20.764816 20.795021
20.677260 20.426184 20.369857 22.403313 22.507737 22.608818
22.657347 22.610120 22.451168 22.236647 22.115942 22.006096
21.877480 21.805125 21.711137 21.818243 21.951183 22.034613
22.257261 22.270354 21.684483 21.001673 20.613455 20.265918
19.744671 19.361891 19.316574 19.561957 19.809751 19.863378
19.935337 19.965692 19.871716 19.808486 19.672819 19.702131
19.853787 19.872731 20.047389 20.307440 20.410358 20.247555
20.102517 19.969280 19.799313 19.845337 20.000570 20.065190
20.016654 20.024121 20.218640 20.459800 20.466652 20.125941
19.754133 19.671844 19.539728 19.413797 19.666997 19.942466
20.099603 20.108321 19.811618 19.728795 19.609684 19.075239
18.907631 18.936147 18.756206 18.648567 18.741053 18.577527
18.362877 18.512514 18.573398 18.424951 18.288444 18.160732
17.949246 17.984693 18.234862 18.175908 18.051543 18.273436
18.299719 17.947655 17.684983 17.625228 17.669745 17.842291
18.181618 18.291683 18.213010 18.280247 18.212332 17.981121
17.892740 17.840859 17.896196 18.190152 18.189436 17.961778
17.943194 17.624289 17.195902 17.364167 17.350203 17.182351
17.441131 17.537753 17.266221 17.187747 17.172868 17.095797
17.509818 18.074641 18.583943 18.875238 18.922380 18.890274
18.761673 18.840234 18.969892 18.985872 19.028221 19.038714
19.037304 19.076194 19.372394 19.566990 19.595606 19.921589
20.070919 19.866608 19.766360 19.934443 19.989644 19.993395
20.144678 20.106848 19.856682 19.652859 19.493147 19.400132
19.213545 19.168579 19.175976 19.029770 19.056298 18.984019
18.873316 18.880936 19.045233 19.223216 19.293000 19.233231
19.210780 19.178358 18.994093 19.121644 19.342613 19.403004
19.510095 19.833760 20.066766 20.145936 20.278880 20.438877
20.405941 20.245670 20.323671 20.257584 20.095759 20.084043
22.466919 22.751440 23.033986 23.027033 22.850991 22.617186
22.362439 22.163138 21.958733 21.804796 21.762911 21.838424
22.148565 22.249139 22.274608 22.401755 22.315936 21.699839
20.915322 20.459998 20.150378 19.823456 19.499674 19.342549
19.548909 19.806249 20.001457 20.133627 20.134191 20.085895
19.846262 19.640887 19.633978 19.731453 19.908533 20.227511
20.404514 20.241444 20.170823 20.120410 19.987386 19.769846
19.722201 19.868058 20.058300 20.310933 20.449418 20.572248
20.676040 20.570334 20.218047 20.109689 20.091020 19.701070
19.391131 19.646720 19.913507 19.866917 19.841935 19.840020
19.721521 19.457765 19.028602 18.726013 18.672464 18.440085
18.267532 18.295904 18.214306 18.156478 18.232382 18.225528
18.139908 18.294770 18.407169 18.147776 18.163702 18.476514
18.307027 18.099346 18.176115 18.125826 17.889269 17.580757
17.556742 17.629582 17.781171 18.029881 17.939848 17.752920
17.826786 17.867695 17.774259 17.789376 17.864864 18.008039
18.310438 18.365661 18.003591 17.865952 17.958625 17.599982
17.369641 17.425765 17.331087 17.481326 17.635728 17.486004
17.367503 17.473341 17.520937 17.628230 18.050684 18.459483
18.611711 18.691857 18.646703 18.686133 19.027108 19.137551
19.114459 19.189569 19.217191 19.323522 19.399840 19.331639
19.235033 19.381618 19.800395 20.109077 20.007908 19.912749
19.944882 19.927481 20.043194 20.152280 20.054132 19.884175
19.844267 19.773575 19.607796 19.383262 19.285043 19.301998
19.203633 19.309842 19.404717 19.187397 19.083689 19.083961
19.057343 19.015536 19.015414 19.145290 19.247804 19.127996
19.067401 19.152105 19.288365 19.377919 19.589211 19.896573
19.993656 20.068260 20.185996 20.105473 19.890413 19.953593
20.037941 20.006644 20.014686 22.792283 22.972437 23.152439
23.141660 23.032211 22.832126 22.600364 22.322045 22.012767
21.896577 21.910825 22.044345 22.276773 22.325885 22.284571
22.146929 22.009185 21.666451 21.042767 20.504663 20.135358
20.103962 20.023081 19.785477 19.757586 19.809049 19.857219
20.063847 20.343323 20.216447 19.812982 19.674556 19.792190
19.975537 20.182423 20.282322 20.337995 20.392196 20.353192
20.191275 20.098541 19.934414 19.774710 19.824520 20.006646
20.357535 20.656567 20.739359 20.721674 20.638232 20.415430
20.502205 20.383371 19.877953 19.626015 19.875982 20.091336
19.855812 19.696505 19.732517 19.675546 19.403785 19.024625
18.722842 18.576394 18.453679 18.356275 18.375022 18.347429
18.396716 18.447247 18.298552 18.336006 18.603254 18.637245
18.362465 18.291593 18.446584 18.338626 18.150507 17.986936
17.757539 17.740579 17.627394 17.657644 17.739013 17.893667
17.973979 17.643323 17.466863 17.444548 17.469224 17.705054
17.960493 17.987291 18.074889 18.334897 18.427097 18.074097
17.894286 18.139821 17.866486 17.509891 17.418432 17.292325
17.337278 17.497555 17.523427 17.389992 17.459185 17.685227
17.922321 18.260881 18.615869 18.718470 18.643830 18.589280
18.786442 19.045336 19.172715 19.185789 19.179433 19.404949
19.594081 19.591988 19.371371 19.164291 19.341442 19.774533
20.163130 20.229580 20.215862 20.105786 20.018783 20.015088
20.014522 20.060863 20.032816 19.907595 19.856471 19.777638
19.547102 19.452128 19.436113 19.401950 19.642113 19.749773
19.433691 19.313348 19.133380 19.049552 19.085088 19.076204
19.299253 19.432807 19.362742 19.207621 18.999861 19.033570
19.286329 19.455451 19.613358 19.668239 19.799125 20.043421
19.985849 19.808168 19.873286 20.026085 20.091144 20.128856
22.901391 22.840384 23.024328 23.174160 23.041931 22.930963
22.739388 22.461632 22.278522 22.231547 22.205632 22.164417
22.205125 22.224106 22.087219 21.883924 21.924080 21.804773
21.296575 20.913507 20.656413 20.741796 20.691898 20.311997
19.947713 19.817640 19.855051 20.081218 20.440525 20.361423
20.032329 19.835009 19.946210 20.224803 20.439900 20.433033
20.497191 20.637606 20.497485 20.339908 20.166615 19.923251
19.774526 19.817604 20.018991 20.182681 20.323283 20.516654
20.706791 20.848779 20.729272 20.565276 20.275443 19.877787
19.703878 19.729534 19.887544 19.937678 19.773364 19.601730
19.614572 19.446816 19.065631 18.800610 18.631525 18.604453
18.596519 18.683020 18.742993 18.793339 18.768887 18.556014
18.686733 18.817869 18.670271 18.560171 18.442767 18.406655
18.421708 18.192688 17.855821 17.568151 17.563216 17.557086
17.643339 17.784768 17.892354 18.008752 17.748110 17.533055
17.474180 17.426599 17.664522 17.958429 17.976974 17.984918
18.109910 18.093950 17.839361 17.878442 18.096099 17.839660
17.467999 17.314071 17.244605 17.134541 17.197642 17.172796
17.173506 17.475303 17.712153 18.110167 18.525867 18.791968
18.828354 18.761646 18.918014 19.053724 19.028560 19.102518
19.204319 19.337919 19.699422 19.832477 19.830225 19.718577
19.623397 19.737269 19.919624 20.184567 20.252705 20.265332
20.278061 20.168466 20.057376 20.004713 20.030789 20.185985
20.004399 19.795130 19.748289 19.427476 19.201588 19.402149
19.688691 19.926228 19.874288 19.497201 19.223999 19.043686
19.096051 19.259116 19.299228 19.465305 19.514243 19.409067
19.317578 19.076004 19.008735 19.238496 19.586479 19.693922
19.632030 19.748554 20.024403 20.009653 19.809599 19.845310
19.938915 19.989332 20.008782 22.375453 22.401567 22.787156
23.066907 22.975518 22.796653 22.627411 22.546029 22.370818
22.335584 22.425083 22.323598 22.110318 21.952146 21.846828
21.869158 22.001701 21.848401 21.407483 21.186964 21.070333
21.046115 20.972623 20.580402 20.177492 20.021915 20.106786
20.276801 20.508020 20.645783 20.421557 20.162717 20.113022
20.277074 20.448512 20.491015 20.596595 20.477635 20.194775
20.193808 20.175055 20.044530 19.904258 19.921779 20.041389
19.991775 19.974994 20.134652 20.542931 20.911347 20.883483
20.568746 20.326412 20.081317 19.848705 19.591173 19.473554
19.722127 19.798079 19.601115 19.485313 19.404314 19.190015
18.928708 18.776558 18.763258 18.861151 19.029412 18.943042
18.835689 18.820339 18.772271 18.862365 18.736313 18.536144
18.509370 18.583947 18.585634 18.506785 18.224457 17.867156
17.698279 17.611024 17.573184 17.723242 17.912486 18.025346
18.225569 18.085514 17.788487 17.717143 17.725950 17.846770
18.001399 18.027125 17.924547 17.846193 17.881055 17.776589
17.935485 18.247838 18.058583 17.673475 17.500123 17.259936
16.967708 17.045824 16.999359 17.061246 17.556166 17.799717
18.083352 18.511024 18.724255 18.830984 18.861009 19.107000
19.308449 19.254785 19.182166 19.309309 19.669770 20.030797
20.145661 20.118784 20.088402 20.194365 20.306152 20.222484
20.148667 20.190958 20.269967 20.387594 20.517761 20.401527
20.197212 20.182685 20.367012 20.231230 19.900386 19.815437
19.421377 19.039933 19.298809 19.687758 19.927959 19.843299
19.476665 19.148014 19.056932 19.193700 19.152055 18.966390
19.126873 19.319678 19.216684 19.161463 19.222717 19.215752
19.229015 19.551714 19.693241 19.791817 19.992138 20.183131
20.149545 19.728121 19.613775 19.700873 19.706682 19.684611
22.106640 22.129087 22.457962 22.744415 22.743034 22.553210
22.303847 22.191146 22.217703 22.456763 22.553763 22.453315
22.148569 21.767296 21.715694 21.841874 21.806770 21.693924
21.459603 21.260118 21.052539 20.817468 20.851209 20.668699
20.373965 20.415575 20.542140 20.550718 20.690567 20.885950
20.731909 20.463248 20.398797 20.429345 20.382130 20.441339
20.455436 20.132085 19.878244 20.021041 20.162306 20.096965
19.884019 19.840706 19.867403 19.834960 19.985581 20.056056
20.282498 20.655850 20.833874 20.778056 20.569030 20.265380
20.019021 19.623641 19.297819 19.526452 19.727675 19.679656
19.437057 19.237461 19.176788 18.965425 18.989998 19.183826
19.235684 19.143958 18.848532 18.714694 18.732048 18.765933
18.821862 18.769197 18.537493 18.245057 18.361541 18.422757
18.340745 18.337129 18.057122 17.810835 17.836136 17.835533
17.954359 18.138237 18.337484 18.476707 18.222832 18.069998
18.168622 18.247941 18.199553 18.094439 18.188642 18.298799
18.116022 18.066840 18.040083 18.129957 18.257300 17.957539
17.752428 17.646122 17.271152 17.037115 17.109276 17.041919
17.114823 17.574595 17.895794 18.083348 18.430698 18.690446
18.887322 18.954278 19.116157 19.433413 19.582436 19.728600
19.929700 20.140114 20.309306 20.315063 20.221548 20.372995
20.704237 20.781949 20.565157 20.272650 20.204192 20.350436
20.480135 20.580682 20.570930 20.506523 20.629414 20.682002
20.434395 20.027655 19.771669 19.428503 19.144228 19.301256
19.713663 20.038391 19.878686 19.503377 19.272168 19.198961
19.138066 18.813553 18.545503 18.698759 18.976962 19.085555
19.083093 19.301940 19.451532 19.378948 19.498639 19.689854
19.787025 19.952816 20.119488 20.054911 19.618720 19.398187
19.467744 19.441191 19.420173 22.244989 22.325799 22.402202
22.443644 22.516816 22.417217 22.282689 22.228235 22.345147
22.644155 22.705937 22.633731 22.425010 22.030501 21.820930
21.750459 21.723018 21.764060 21.639791 21.487337 21.114333
20.764484 20.926678 20.914580 20.689414 20.777937 20.839301
20.818994 20.886732 21.009040 20.955754 20.752118 20.852260
20.773876 20.449416 20.395142 20.309040 20.053496 19.958821
20.067565 20.127509 19.930878 19.664420 19.603125 19.683096
19.742692 19.965513 20.072739 20.105413 20.350685 20.586680
20.695894 20.570805 20.240176 20.039634 19.781615 19.493476
19.573873 19.702418 19.592437 19.416673 19.373460 19.177570
18.984957 19.258465 19.493827 19.325317 18.933374 18.691496
18.786093 18.803307 18.759484 18.701713 18.651467 18.455897
18.289082 18.420696 18.270529 18.159636 18.417470 18.347357
18.009923 17.998845 17.948963 17.988531 18.217728 18.420636
18.545693 18.408253 18.362774 18.450669 18.518478 18.367475
18.127510 18.223736 18.585341 18.449999 18.278025 18.349122
18.241898 18.107924 17.790636 17.705208 17.630217 17.298335
17.318872 17.383425 17.261700 17.355045 17.667004 17.994037
18.206826 18.383105 18.510683 18.768231 19.091252 19.319830
19.612584 19.863987 20.142759 20.476109 20.595905 20.439660
20.220137 20.286767 20.562853 20.877688 20.838388 20.545209
20.529786 20.580177 20.528364 20.288840 20.214364 20.487740
20.780715 20.846545 20.721556 20.558006 20.210918 19.907382
19.627887 19.431282 19.466846 19.531733 19.737376 19.766680
19.512811 19.296625 19.130725 18.899610 18.614998 18.637820
18.760417 18.870617 19.069526 19.165422 19.377827 19.614881
19.609459 19.652413 19.859699 19.865208 19.826186 19.748056
19.644642 19.365102 19.147171 19.355752 19.506229 19.530569
22.220044 22.377571 22.424587 22.353165 22.418621 22.326783
22.259270 22.359377 22.471405 22.771953 22.921031 22.824927
22.684238 22.394970 22.031113 21.747810 21.757227 21.854342
21.808065 21.722462 21.283349 20.901830 21.113810 21.234964
21.136217 21.078349 20.912953 20.913676 21.123801 21.278461
21.169639 21.021816 21.093477 20.892107 20.422611 20.227740
20.317643 20.300329 20.123818 19.941091 19.865540 19.738988
19.588089 19.667751 19.766525 19.736190 19.847164 19.995654
20.099590 20.216101 20.335988 20.402857 20.402226 20.257011
20.215243 20.114239 19.873017 19.837384 19.834419 19.525951
19.301355 19.278263 19.000803 18.908058 19.238762 19.532625
19.389641 19.089281 18.927064 18.972783 18.889624 18.666584
18.526308 18.463726 18.477088 18.536643 18.670287 18.351176
18.099046 18.302409 18.433515 18.295116 18.013205 17.927066
17.996524 18.237340 18.490026 18.549963 18.457191 18.413199
18.362921 18.366568 18.327271 18.212281 18.275641 18.506394
18.493749 18.376566 18.308710 18.011629 17.840196 17.754182
17.826206 17.792458 17.562362 17.512670 17.558285 17.583198
17.675490 17.826541 18.019317 18.352020 18.471985 18.468823
18.679725 19.019319 19.281109 19.523309 19.794296 20.020941
20.348800 20.461355 20.285621 20.116520 20.173110 20.332503
20.691254 20.742577 20.519379 20.670532 20.800510 20.672515
20.261929 20.167967 20.490012 20.716528 20.670246 20.664779
20.607382 20.394595 20.225729 19.841309 19.630902 19.571701
19.395006 19.551520 19.667518 19.453428 19.175673 19.091228
19.082717 18.876100 19.021993 19.160622 19.129567 19.327386
19.434741 19.564922 19.836926 19.980385 19.937629 20.043207
20.021465 19.739196 19.407267 19.243178 19.076345 18.960126
19.244197 19.543412 19.640503 22.136639 22.154072 22.296912
22.422564 22.368781 22.208461 22.174840 22.210711 22.340067
22.782491 23.005246 22.780872 22.550059 22.394304 22.034108
21.774518 21.797623 21.915005 21.882198 21.730122 21.431459
21.074505 21.123520 21.301117 21.403858 21.325845 21.138558
21.235014 21.436352 21.502369 21.380040 21.206112 21.031569
20.724858 20.256417 20.074135 20.475094 20.553570 20.376794
20.267847 20.091816 19.898879 19.692314 19.783361 19.906861
19.907348 19.971364 20.008953 20.130328 20.261393 20.262803
20.334855 20.388034 20.322025 20.341033 20.207577 20.077013
20.151928 20.024300 19.694996 19.395512 19.208107 19.020037
18.857324 19.110943 19.312288 19.158432 19.199415 19.109982
18.931038 18.737635 18.480250 18.551477 18.668325 18.778447
18.803090 18.720597 18.364282 18.056977 18.186924 18.383309
18.433140 18.122986 17.954225 18.020457 18.132237 18.349599
18.479073 18.383812 18.273283 18.167691 18.134999 18.197038
18.260064 18.414711 18.419226 18.441074 18.493647 18.211156
17.852657 17.844575 17.981179 18.009481 17.938412 17.850557
17.647964 17.486934 17.541680 17.662958 17.930696 18.191865
18.369295 18.523353 18.747094 18.892481 19.047419 19.242041
19.439180 19.712488 19.854732 20.074747 20.189393 20.140388
20.031982 19.959483 20.064746 20.478422 20.801789 20.874403
20.878604 20.838921 20.793448 20.533119 20.428821 20.576431
20.656378 20.655845 20.728035 20.536361 20.325251 20.200223
19.845007 19.669058 19.605690 19.634579 19.859790 19.838591
19.529167 19.249327 19.314578 19.507104 19.369949 19.436809
19.556339 19.653495 19.900037 19.821700 19.808184 20.168151
20.459678 20.236155 19.998254 19.718667 19.429759 19.303907
19.227895 19.141072 18.963997 18.983942 19.231725 19.424730
22.109161 22.087317 22.178916 22.329844 22.271937 22.100090
22.259047 22.390769 22.457921 22.745258 22.967204 22.817947
22.479692 22.317950 21.994155 21.693878 21.724786 21.837029
21.773096 21.741295 21.481300 21.125000 21.143788 21.247175
21.448753 21.588817 21.641187 21.781434 21.710929 21.566979
21.462864 21.347902 21.124438 20.781111 20.353092 20.212156
20.731529 20.901800 20.720217 20.629728 20.548999 20.302534
19.988413 19.930144 20.014608 20.128477 20.147757 19.973217
20.020477 20.317986 20.411750 20.444568 20.494282 20.505561
20.409375 20.206780 20.070054 19.993701 19.806800 19.563036
19.313320 19.295646 19.126429 18.956996 19.251254 19.146392
18.879971 18.919189 18.873082 18.700885 18.452620 18.463835
18.701277 18.866511 19.043581 19.058481 18.842554 18.531048
18.276367 18.327895 18.503669 18.477148 18.285111 18.077674
18.075492 18.130240 18.212130 18.563095 18.601266 18.270690
18.043983 17.977259 17.995881 18.202442 18.443866 18.381959
18.537568 18.716536 18.446244 18.142004 18.124249 18.223366
18.154510 18.053050 18.050777 17.929304 17.620233 17.583388
17.845519 18.181559 18.530602 18.511057 18.464823 18.809625
19.083136 19.243587 19.513498 19.696508 19.791113 19.793009
19.836251 20.048232 20.171119 19.941408 19.787046 20.014663
20.454177 20.907783 21.038108 20.943899 20.986057 21.113710
21.112629 20.958024 20.873424 20.891535 20.825646 20.677381
20.403066 20.203012 20.091694 20.014605 19.905190 19.874718
19.880137 19.904827 19.906208 19.651024 19.387037 19.412431
19.615404 19.735787 19.739919 19.702789 19.933089 20.090616
20.003366 20.056818 20.257321 20.385011 20.228960 19.903692
19.436558 19.134826 19.070219 19.117649 19.082012 18.876318
18.783048 18.878650 18.991023 21.944242 22.005266 22.216327
22.321121 22.297288 22.257793 22.439148 22.617236 22.648644
22.880969 23.111251 22.953634 22.555093 22.360616 22.133056
21.729911 21.599862 21.622602 21.617002 21.757111 21.605349
21.404497 21.437431 21.406181 21.438071 21.699961 21.887874
21.905840 21.849925 21.631017 21.543952 21.542360 21.364066
21.083093 20.813574 20.806856 21.088112 21.166370 20.928728
20.694077 20.725677 20.694442 20.426472 20.301892 20.279155
20.278701 20.323892 20.249150 20.389864 20.676567 20.636350
20.547635 20.523200 20.510927 20.310011 20.109354 19.953931
19.641459 19.365184 19.216402 19.085060 19.243619 19.306396
19.291790 19.526891 19.356255 19.006467 18.776759 18.654276
18.547549 18.464764 18.635357 18.759438 18.822015 19.111269
19.304294 19.099517 18.762586 18.578657 18.560009 18.519225
18.272787 18.211251 18.290323 18.398934 18.519417 18.428402
18.516916 18.464870 18.198337 17.969816 17.759189 17.767090
18.058747 18.347153 18.399326 18.619581 18.703291 18.521107
18.327689 18.215214 18.268863 18.194745 18.151457 18.284034
18.342958 18.133803 17.903890 18.101172 18.353333 18.557946
18.537474 18.386887 18.660230 19.038273 19.297911 19.686157
19.770139 19.729754 19.761147 19.752234 20.030714 20.177151
19.887075 19.800885 20.020320 20.248327 20.644488 20.916400
20.866383 20.914435 21.205384 21.398357 21.248299 21.194179
21.114935 20.813050 20.579903 20.436626 20.360971 20.171198
20.085125 20.059301 20.125796 20.040484 19.878626 19.809470
19.658940 19.452061 19.380642 19.515458 19.680865 19.678384
19.597785 19.822958 20.025794 20.110769 20.209045 20.162554
20.009314 20.059760 19.950623 19.383632 19.020462 18.830123
18.822176 18.963121 18.867835 18.695689 18.681708 18.729076
21.836895 21.997888 22.352924 22.595977 22.705187 22.721055
22.714416 22.733825 22.832482 23.034426 23.136477 22.839214
22.423666 22.204982 22.008374 21.763711 21.607649 21.565860
21.514095 21.688172 21.758725 21.698004 21.656466 21.426857
21.415503 21.773026 22.012748 22.055082 21.987458 21.727523
21.722143 21.696005 21.343629 21.122402 21.066364 21.087852
21.243432 21.479720 21.224419 20.909335 20.980589 20.941799
20.634663 20.434393 20.473294 20.526403 20.725317 20.675499
20.670139 20.813497 20.589762 20.502199 20.537226 20.400383
20.154751 19.947878 19.776475 19.506006 19.202810 19.041425
19.007495 19.259074 19.596336 19.641596 19.599020 19.419523
19.026178 18.736045 18.508712 18.289425 18.505345 18.762538
18.747718 18.797166 19.067480 19.372834 19.294137 18.918434
18.776525 18.659640 18.424090 18.156502 18.096108 18.329670
18.556091 18.725505 18.631304 18.387784 18.118003 17.942371
17.865098 17.666032 17.691276 18.162346 18.504791 18.471691
18.443265 18.466631 18.372976 18.233223 18.100034 18.285756
18.322348 18.170098 18.320243 18.600799 18.651794 18.299240
18.324310 18.531656 18.510630 18.506552 18.313829 18.495534
18.949713 19.241388 19.526761 19.561901 19.559623 19.581906
19.835597 20.233766 20.295468 20.014712 19.961691 20.190449
20.422565 20.631751 20.864583 20.889628 20.937411 21.218116
21.336393 21.252890 21.226734 21.142309 20.837617 20.559196
20.394940 20.384927 20.228690 19.993428 20.104830 20.332361
20.289637 20.040159 19.833583 19.719904 19.466177 19.279238
19.269198 19.384380 19.570059 19.614273 19.806235 20.058252
20.145304 20.302407 20.208225 19.986711 19.945478 19.758882
19.283230 19.008315 18.867373 18.775292 18.905461 18.905143
18.793703 18.787135 18.831673 21.959863 22.158899 22.386861
22.582908 22.760933 22.826605 22.813241 22.715897 22.837245
22.913024 22.773669 22.636843 22.390056 22.059568 21.820083
21.814661 21.823216 21.689572 21.626349 21.728027 21.743515
21.662625 21.663131 21.449260 21.405557 21.770740 22.129094
22.248367 21.990139 21.725075 21.766606 21.592662 21.201976
21.102679 21.067982 21.079886 21.349602 21.731588 21.514983
21.135285 21.118524 20.913615 20.571681 20.409383 20.566491
20.896458 21.090841 20.746058 20.454753 20.577774 20.515514
20.450414 20.519730 20.482903 20.336729 19.994022 19.703737
19.563345 19.331586 19.086349 19.136288 19.476789 19.744930
19.745792 19.680880 19.489816 19.088542 18.809955 18.437581
18.102894 18.214472 18.421274 18.571421 18.755847 19.063926
19.336019 19.242642 18.964811 18.815659 18.621477 18.493780
18.452203 18.351149 18.443600 18.530151 18.608179 18.558622
18.338731 18.039510 17.764117 17.904823 17.945774 17.866898
18.239220 18.628235 18.524611 18.297174 18.356187 18.247539
18.144606 18.142364 18.302083 18.508815 18.378638 18.261481
18.502408 18.830826 18.738945 18.682463 18.790137 18.773481
18.670059 18.368615 18.464841 18.923110 19.239309 19.440953
19.510363 19.589938 19.789496 20.236159 20.585174 20.485197
20.140610 20.024034 20.274575 20.665003 20.912627 21.061706
21.056143 21.056061 21.285610 21.426720 21.470261 21.484847
21.152592 20.776376 20.547196 20.239123 20.072125 20.034945
19.867093 19.926179 20.204430 20.245178 19.996542 19.823141
19.587402 19.125542 18.944905 19.044083 19.170150 19.366717
19.581527 19.673618 19.689790 19.811477 20.164778 20.192073
20.035127 19.843449 19.488429 19.073897 18.838351 18.881858
18.958647 18.964525 18.945823 19.025243 18.964975 18.860762
22.213265 22.363667 22.548044 22.619263 22.520360 22.437986
22.603713 22.660571 22.614014 22.552699 22.367860 22.358028
22.267539 22.107491 22.044357 21.983404 21.932460 21.797421
21.791710 21.695833 21.555406 21.423728 21.305181 21.294649
21.383021 21.765203 22.145896 22.208713 22.046337 21.818406
21.669388 21.495501 21.351960 21.304452 21.242201 21.288631
21.452611 21.638442 21.590560 21.322067 21.069472 20.728277
20.438272 20.409779 20.611386 20.963485 21.062536 20.787402
20.590958 20.611564 20.550308 20.402499 20.429301 20.555377
20.494024 20.098466 19.839739 19.657519 19.340750 19.257551
19.401406 19.662580 19.851023 19.782100 19.768918 19.630926
19.256546 18.948790 18.586639 18.310983 18.270750 18.404351
18.557602 18.799991 19.138902 19.278729 19.218387 19.047663
18.833509 18.647300 18.617694 18.689076 18.611526 18.631991
18.572988 18.477144 18.341621 18.275651 18.167573 17.946272
18.164613 18.188779 18.015877 18.160297 18.491484 18.451111
18.140405 18.189780 18.235373 18.249748 18.394547 18.512904
18.608312 18.511711 18.373347 18.414970 18.612537 18.734778
18.701121 18.764618 18.930045 18.864894 18.588600 18.586537
18.785272 19.040235 19.466440 19.584892 19.654865 20.104163
20.505827 20.693719 20.506267 20.263069 20.034365 20.063956
20.517447 20.972743 21.256960 21.142212 21.134164 21.411370
21.538789 21.559715 21.585296 21.262879 20.834557 20.592719
20.263611 19.977977 19.849950 19.649198 19.575479 19.792456
19.932099 19.881705 19.765353 19.386896 18.838872 18.766805
19.049761 19.115074 19.161626 19.430099 19.507642 19.346315
19.341793 19.666131 19.910792 19.854416 19.644529 19.289497
18.914179 18.786595 18.918011 19.133149 19.167693 19.062444
19.142363 19.061418 18.884505 22.432434 22.432098 22.443735
22.482821 22.320301 22.107982 22.346588 22.569794 22.357577
22.118601 21.967543 22.022722 22.110332 22.218853 22.291269
22.077017 21.872340 21.708650 21.629660 21.593897 21.411804
21.156347 20.866268 20.806900 21.109279 21.598763 22.016717
22.095571 22.050403 21.890162 21.620126 21.516856 21.587388
21.602908 21.541309 21.575749 21.575092 21.615762 21.590277
21.342541 20.872990 20.449671 20.307605 20.395389 20.654995
20.792470 20.778264 20.699014 20.601082 20.557305 20.495729
20.242913 20.133496 20.418717 20.561846 20.208110 19.964542
19.748621 19.395453 19.378451 19.513165 19.653305 19.783574
19.678379 19.652913 19.647455 19.366505 19.045468 18.707333
18.558741 18.645348 18.673096 18.679131 18.945652 19.168249
19.190147 19.264215 19.204257 18.918945 18.699118 18.777191
18.882030 18.891790 18.902050 18.725390 18.496267 18.376703
18.443593 18.323414 18.196152 18.465424 18.393961 18.057414
17.991259 18.178507 18.266121 18.133891 18.197145 18.344473
18.392056 18.524756 18.609146 18.564812 18.419776 18.480733
18.522678 18.442980 18.401239 18.389963 18.626460 18.852156
18.836562 18.666053 18.604536 18.684021 19.002303 19.585500
19.635495 19.479502 19.794154 20.245660 20.437357 20.255103
20.261739 20.096914 19.961613 20.466681 20.964366 21.234634
21.316468 21.492775 21.702633 21.685508 21.585184 21.435946
21.295056 21.051706 20.695168 20.385913 20.110812 19.914021
19.721854 19.650361 19.722711 19.774090 19.807679 19.705186
19.298222 18.818888 18.789758 19.011982 19.099749 19.041072
19.207143 19.485904 19.472915 19.405339 19.524902 19.708801
19.569354 19.268335 19.019473 18.901986 18.898703 18.723553
18.869893 19.053551 19.070051 19.229231 19.102439 18.922163
22.545954 22.296803 21.914191 21.892224 22.021159 21.933285
22.109825 22.203829 21.807357 21.578222 21.488426 21.677661
22.065666 22.297315 22.325780 22.059846 21.738123 21.575361
21.485866 21.417728 21.220296 20.940401 20.661387 20.487772
20.700759 21.304960 21.717581 21.727221 21.800339 21.779595
21.636087 21.549815 21.633610 21.701547 21.625495 21.613546
21.504785 21.511867 21.506742 21.247390 20.692896 20.345315
20.308988 20.332697 20.493336 20.457058 20.388896 20.382247
20.302834 20.296940 20.203366 19.945641 19.844105 20.158959
20.469803 20.285110 20.038484 19.827918 19.467705 19.289645
19.483224 19.706058 19.797189 19.647623 19.573186 19.659816
19.486282 19.191639 19.015743 19.049977 19.040846 18.852135
18.824241 19.104784 19.354941 19.213233 19.180769 19.245220
18.916221 18.570723 18.735245 18.952626 18.913905 18.869902
18.646708 18.320449 18.268691 18.451169 18.390950 18.406306
18.719968 18.658619 18.305090 18.149956 18.051561 18.012710
18.111897 18.248534 18.294013 18.372735 18.475345 18.455516
18.478275 18.374654 18.422743 18.568937 18.442061 18.244280
18.175225 18.445236 18.755691 18.820555 18.665650 18.511617
18.719479 19.221383 19.673229 19.647419 19.441645 19.592024
20.038481 20.234535 20.015852 20.032086 20.042701 20.067306
20.539754 20.973568 21.134091 21.477690 21.832959 21.795205
21.593609 21.424621 21.266981 21.080716 20.994696 20.631744
20.250279 20.155396 19.992757 19.874427 19.810217 19.733825
19.687859 19.572354 19.435100 19.135712 18.725759 18.672097
18.923685 19.028329 19.092687 19.448130 19.711520 19.737956
19.737762 19.666918 19.638932 19.501544 19.159808 18.907818
18.898214 19.001782 18.652902 18.577007 18.814763 19.048090
19.268277 19.083200 18.958570 22.245977 21.987400 21.572391
21.468633 21.664713 21.678326 21.728595 21.819613 21.536713
21.177734 21.086964 21.405977 21.851846 22.244926 22.466185
22.245927 21.763297 21.605015 21.622231 21.453415 21.167936
20.667373 20.318494 20.318340 20.601329 21.146546 21.285932
21.251823 21.450776 21.473674 21.519669 21.649495 21.751204
21.762682 21.609598 21.457508 21.391249 21.436434 21.417286
21.204470 20.826961 20.663058 20.650190 20.452906 20.252540
20.195710 20.201347 20.275244 20.315050 20.163054 19.928291
19.852702 19.928849 20.149581 20.321859 20.328423 20.166598
19.873751 19.567451 19.428838 19.541377 19.657862 19.782059
19.714486 19.612387 19.699323 19.657868 19.467889 19.390610
19.390629 19.404361 19.458598 19.452659 19.409008 19.466482
19.317039 19.150293 19.105964 18.948211 18.625647 18.619718
18.818311 18.764686 18.625885 18.347258 18.031495 17.879252
18.073644 18.326768 18.571957 18.766163 18.702342 18.565696
18.417746 18.077179 17.861548 17.991327 17.989827 17.957161
18.134579 18.203138 18.278593 18.405728 18.409272 18.371353
18.552627 18.568694 18.354735 18.393382 18.567332 18.813993
18.996932 18.840347 18.653009 18.869091 19.345802 19.717271
19.791949 19.716741 19.708884 19.836103 19.944323 19.888762
19.801439 19.771016 19.993164 20.435222 20.829919 21.002386
21.395042 21.784499 21.633303 21.307233 20.989771 20.865765
20.768001 20.766392 20.417203 19.991139 20.050577 20.008194
19.902173 19.739815 19.622307 19.578857 19.358391 19.237532
19.164341 18.766604 18.535316 18.893599 19.035881 19.232034
19.714435 19.806150 19.653209 19.699358 19.678891 19.396614
19.241264 19.083308 18.904812 18.956891 19.120971 18.870024
18.638787 18.793400 19.077327 19.176211 19.061203 19.053303
21.869841 21.714360 21.404395 21.285166 21.422919 21.428209
21.367446 21.497807 21.455832 21.014693 20.764651 21.018505
21.600705 22.234055 22.644905 22.592906 22.162198 21.879929
21.726847 21.537124 21.238162 20.636818 20.179769 20.328038
20.699389 20.955153 20.931103 21.019562 21.260673 21.205308
21.360580 21.640439 21.788592 21.793125 21.632774 21.399457
21.289485 21.418603 21.269055 20.976156 20.942427 20.955402
20.884029 20.546957 20.122947 20.118829 20.258285 20.350335
20.436225 20.241372 19.969048 19.958756 20.024472 20.110723
20.262330 20.390000 20.189716 19.797628 19.717893 19.747014
19.672129 19.635252 19.582760 19.657649 19.826942 19.932526
19.871898 19.737819 19.627957 19.489314 19.744528 20.105297
20.079793 19.769693 19.497605 19.414586 19.173686 18.932424
18.832158 18.723343 18.716547 18.769269 18.794692 18.579406
18.403005 18.206006 17.864781 17.906927 18.155731 18.512126
18.681668 18.672259 18.708743 18.505173 18.070574 17.766004
17.897049 17.887129 17.779078 17.890540 17.953409 18.130117
18.332248 18.471858 18.513053 18.615610 18.730898 18.695610
18.702810 18.680088 18.766285 18.911660 18.854286 18.874460
19.160715 19.510170 19.763557 19.816704 19.697018 19.566261
19.492407 19.522800 19.555537 19.432828 19.438009 19.863796
20.342729 20.729875 20.998885 21.266551 21.544535 21.487749
21.126795 20.761563 20.598009 20.393979 20.413854 20.242613
19.853409 19.858049 19.864294 19.724528 19.598002 19.525814
19.451966 19.287633 19.186673 19.110659 18.789301 18.644855
18.951780 19.146776 19.269759 19.586803 19.749562 19.608911
19.587379 19.640806 19.340879 19.152283 19.108723 18.974890
18.983851 18.981245 18.834237 18.815144 18.917378 19.071231
19.167825 19.252303 19.356477 21.675702 21.594725 21.328173
21.242837 21.324687 21.291843 21.252250 21.149243 21.085792
20.941045 20.762302 20.961768 21.622855 22.224183 22.556896
22.582274 22.306036 22.040418 21.754203 21.499114 21.112709
20.627888 20.334596 20.521276 20.847472 20.870912 20.828355
20.980804 21.184401 21.204658 21.299670 21.425409 21.616153
21.734306 21.743599 21.456390 20.998937 21.112328 20.972696
20.635573 20.794967 20.864698 20.718404 20.411834 20.170559
20.119475 20.275674 20.440084 20.482171 20.490919 20.262320
20.116258 20.137788 20.116196 20.158773 20.163654 19.943494
19.641342 19.677305 19.857698 19.771546 19.471720 19.217961
19.460432 19.850197 20.008682 19.880834 19.800428 19.944758
19.769827 19.777678 19.969786 20.058634 19.937637 19.573755
19.359082 19.164130 19.049748 18.898042 18.783348 18.817360
18.816401 18.781910 18.686565 18.758268 18.704244 18.346916
18.202229 18.264181 18.445043 18.503684 18.614098 18.672721
18.468528 18.154099 17.779318 17.902285 18.113188 17.946351
17.912495 17.894364 17.976366 18.247428 18.380031 18.401871
18.366205 18.472292 18.620238 18.582649 18.487022 18.557049
18.793438 18.905479 18.963483 19.224753 19.447921 19.658590
19.677495 19.455856 19.388532 19.358134 19.424592 19.436309
19.362992 19.482691 19.929021 20.509933 20.766972 20.903163
21.165737 21.455928 21.414945 21.091365 20.868132 20.588316
20.200307 20.205754 20.223111 19.968878 19.790292 19.689716
19.586968 19.512008 19.368984 19.177097 19.107326 19.060612
19.039285 18.895828 18.869270 19.172127 19.296849 19.379599
19.742238 19.860082 19.766052 19.625711 19.531876 19.322766
19.168846 19.126242 19.007424 18.864087 18.695828 18.715819
18.836426 18.941841 19.103567 19.317088 19.506471 19.616732
21.538349 21.585464 21.447470 21.256634 21.341404 21.334642
21.222367 21.161761 21.152483 21.058572 20.987101 21.221313
21.633814 22.091969 22.408424 22.394369 22.160935 21.979044
21.755739 21.480929 21.111799 20.679792 20.513473 20.605352
20.786342 20.778940 20.695687 20.934007 21.223693 21.302987
21.264867 21.275174 21.484519 21.632973 21.786966 21.628360
20.997398 20.811497 20.795413 20.610873 20.660228 20.696770
20.597970 20.404994 20.339524 20.390591 20.470200 20.429183
20.362197 20.519258 20.489032 20.377289 20.372017 20.289702
20.078152 19.920659 19.801759 19.609125 19.447318 19.551357
19.703821 19.334261 19.110065 19.438231 19.726264 19.938887
19.936899 19.979501 20.036814 19.692430 19.506850 19.596760
19.864029 19.911585 19.563738 19.347999 19.182220 19.056201
19.070152 19.009484 18.927662 18.835070 18.768441 18.831056
18.903644 18.805342 18.553099 18.470847 18.539135 18.460519
18.171963 18.175945 18.160597 18.056616 18.064964 17.866665
17.978128 18.289869 18.175759 18.116615 18.181197 18.115927
18.200316 18.172332 18.128057 18.183773 18.311195 18.324948
18.321734 18.476124 18.559917 18.812842 19.099039 19.245653
19.416380 19.587132 19.749827 19.783771 19.641981 19.614479
19.672737 19.725015 19.686436 19.719523 19.842216 20.059982
20.515838 20.719870 20.657278 20.758431 21.135609 21.308104
21.200565 21.094967 20.728291 20.336776 20.146952 20.065665
19.885650 19.624984 19.604258 19.494226 19.329569 19.090363
18.739136 18.769353 18.962272 19.083864 19.131283 19.272252
19.547607 19.497380 19.443652 19.623789 19.579919 19.536922
19.380820 19.154360 18.988617 18.902302 18.951384 18.877234
18.659974 18.607518 18.705085 18.740931 18.962510 19.164784
19.298011 19.479090 19.570210 21.713111 21.683743 21.495344
21.268520 21.275582 21.263664 21.255626 21.382790 21.428476
21.313639 21.173710 21.233867 21.563398 21.968299 22.193974
22.098676 21.939703 21.935174 21.701815 21.438841 21.132376
20.646507 20.523392 20.490559 20.525860 20.611421 20.627205
20.930819 21.271588 21.332524 21.298623 21.401420 21.439134
21.413020 21.571862 21.516288 21.033819 20.697394 20.736978
20.710526 20.671402 20.579230 20.415634 20.387573 20.348387
20.566898 20.683371 20.399047 20.266786 20.415947 20.467663
20.450201 20.438593 20.396800 20.289507 20.107124 19.928463
19.668497 19.274186 19.226935 19.480648 19.300509 19.332976
19.679499 19.813484 19.932224 20.001663 19.982897 19.782312
19.501016 19.308171 19.404350 19.680224 19.764050 19.647189
19.492698 19.215003 18.887525 18.954919 19.143104 19.111376
19.016936 18.799229 18.745459 18.812486 18.664175 18.523661
18.481693 18.544833 18.421934 18.071536 17.830445 17.661067
17.680721 17.897522 17.985557 18.114136 18.337456 18.370316
18.403300 18.543288 18.456029 18.314835 18.169516 18.099638
18.241651 18.443051 18.424362 18.317902 18.480203 18.669362
18.841568 19.143851 19.401775 19.579324 19.821298 20.039317
20.135760 20.052056 19.916430 19.947739 20.012983 19.950164
19.954165 20.111936 20.265215 20.261362 20.336372 20.284809
20.130546 20.416667 20.881934 21.139700 21.197604 20.871060
20.381664 19.918786 19.629818 19.349320 19.160189 19.243111
19.094289 18.907771 18.771918 18.524507 18.506416 18.660891
18.901296 19.205115 19.548559 19.776233 19.612734 19.469916
19.398991 19.188314 19.038394 18.940207 18.913983 18.916436
18.793033 18.806029 18.709642 18.601511 18.682337 18.631357
18.634760 18.907924 19.121017 19.240740 19.535127 19.734157
21.920045 21.707528 21.438748 21.278273 21.067246 21.067585
21.302382 21.403897 21.357456 21.461114 21.516562 21.470178
21.693915 21.919102 21.946517 21.795228 21.749540 21.849527
21.577371 21.261545 20.956289 20.470599 20.239295 20.231719
20.430982 20.543168 20.609068 20.876879 21.107418 21.234931
21.407719 21.503715 21.278848 21.145538 21.126176 21.014010
20.903755 20.688703 20.656245 20.604887 20.575234 20.445793
20.175437 20.300425 20.381019 20.682998 20.843170 20.556853
20.412365 20.592658 20.675810 20.594036 20.471712 20.402080
20.469162 20.349361 20.181792 19.886178 19.367829 19.191187
19.333185 19.314492 19.504320 19.789501 19.799336 19.718668
19.822418 19.910633 19.894949 19.793572 19.462552 19.351644
19.490331 19.625518 19.763921 19.657879 19.371264 19.102240
18.919716 18.984093 19.176739 19.152586 18.772119 18.508981
18.515637 18.529491 18.496035 18.421667 18.410589 18.326123
18.095406 17.867719 17.632928 17.642624 17.939034 18.068880
18.252225 18.555175 18.626550 18.634554 18.597484 18.445759
18.279361 18.184651 18.130514 18.174543 18.246245 18.336932
18.371735 18.483007 18.741382 18.885712 19.163216 19.367406
19.470284 19.771806 20.113463 20.294184 20.144781 19.764106
19.759855 19.996345 19.975835 19.936961 20.080424 20.154769
19.950598 19.868480 19.882317 19.740875 19.743406 20.158995
20.640771 20.863692 20.696356 20.183904 19.718083 19.304688
18.809342 18.573141 18.702950 18.771162 18.647345 18.532113
18.294138 18.176919 18.254233 18.496239 18.906025 19.226565
19.413225 19.306066 19.153321 19.104326 18.885376 18.689146
18.783569 18.964845 18.982721 18.690293 18.497837 18.550882
18.713956 18.783306 18.567250 18.556859 18.848411 19.147395
19.339371 19.540639 19.697876 22.196252 21.922397 21.598992
21.427104 21.185266 21.018205 21.075721 21.261454 21.426497
21.536977 21.577036 21.585076 21.806313 21.895601 21.692433
21.538606 21.510948 21.404506 21.174695 20.979032 20.781029
20.539880 20.263590 20.208637 20.325837 20.467954 20.664515
20.835478 20.961931 21.041492 21.237274 21.337652 21.006398
20.812120 20.911897 20.921771 20.947658 20.901092 20.740368
20.566743 20.554559 20.353653 20.004948 20.114354 20.321185
20.609776 20.762030 20.630818 20.516596 20.656613 20.811337
20.689122 20.518230 20.328932 20.260836 20.342390 20.361821
20.137486 19.596865 19.323898 19.321896 19.277795 19.456307
19.619858 19.560969 19.518214 19.665416 19.982400 20.311055
20.101867 19.697045 19.576627 19.493375 19.473004 19.673141
19.713909 19.534689 19.408022 19.078799 18.883243 19.088808
19.020377 18.616266 18.339363 18.349117 18.500326 18.567427
18.506886 18.362019 18.251413 18.096291 17.889907 17.571293
17.513373 17.792749 17.934810 18.279903 18.722983 18.715664
18.512518 18.325633 18.163264 18.156354 18.248445 18.266362
18.198943 18.116513 18.282975 18.482885 18.557195 18.815581
18.957948 19.106856 19.400167 19.524138 19.692668 19.911524
20.093344 20.032819 19.606703 19.438489 19.567127 19.709700
19.863747 19.976588 20.071118 19.959456 19.770661 19.766410
19.684806 19.567274 19.692283 20.125031 20.492677 20.361261
19.952876 19.591445 19.157510 18.565586 18.351629 18.473582
18.423953 18.307917 18.254208 18.077441 17.986585 18.020045
18.148959 18.441614 18.762308 18.843924 18.728436 18.654387
18.613781 18.605254 18.591710 18.754999 19.000230 18.928392
18.527022 18.264079 18.467721 18.700086 18.641901 18.445491
18.476013 18.837613 19.253302 19.487785 19.496066 19.488642
22.412729 22.160283 21.811316 21.580488 21.282082 20.935070
20.907260 21.192957 21.318692 21.305140 21.343365 21.472794
21.817834 21.852153 21.516173 21.421847 21.292657 21.020395
21.011008 20.969117 20.710009 20.588780 20.504950 20.363179
20.239193 20.335592 20.680029 20.807925 20.783248 20.878612
21.039584 21.134976 20.893419 20.698144 20.839995 20.970324
20.851561 20.754951 20.626532 20.467800 20.361416 20.036374
19.820477 20.022473 20.272984 20.456533 20.556900 20.561787
20.465875 20.357002 20.495155 20.510747 20.415019 20.200922
20.002322 20.117822 20.209223 20.049553 19.566044 19.371101
19.331191 19.204345 19.439104 19.473185 19.329558 19.469107
19.536074 19.671432 19.990299 19.831760 19.566315 19.672626
19.562233 19.343506 19.482046 19.599666 19.464430 19.346803
19.165797 18.923944 18.962003 18.864254 18.596587 18.471798
18.440211 18.529842 18.693916 18.610641 18.445135 18.229834
17.825033 17.509831 17.235861 17.170007 17.402499 17.789779
18.165153 18.486692 18.625815 18.419915 18.130811 18.074423
18.237063 18.442272 18.515943 18.382402 18.435676 18.595330
18.649346 18.602659 18.804253 19.032953 19.059878 19.321016
19.539278 19.588995 19.759624 19.945828 19.809496 19.547515
19.259260 19.204502 19.363879 19.552207 19.739812 19.871053
19.861578 19.769072 19.853536 19.850920 19.621229 19.534621
19.832585 20.141726 20.022469 19.742532 19.486576 19.119064
18.650834 18.471616 18.487485 18.335954 18.145987 18.081423
18.000622 17.926999 17.892196 17.990416 18.145918 18.266698
18.377163 18.319003 18.308736 18.300568 18.392584 18.559866
18.705620 18.859465 18.751446 18.419046 18.224829 18.314449
18.390282 18.435549 18.471471 18.541255 18.963353 19.413002
19.661807 19.716258 19.663801 22.545936 22.369498 21.976541
21.614765 21.268298 20.920755 20.997400 21.258693 21.160962
21.114945 21.288858 21.467972 21.783372 21.810589 21.531398
21.486201 21.195226 20.934931 21.065571 21.033803 20.810831
20.697568 20.616191 20.376659 20.183901 20.161887 20.425136
20.611050 20.703859 20.932254 21.025733 21.002452 20.869198
20.713411 20.716955 20.794647 20.663329 20.565547 20.476933
20.146661 19.784635 19.619441 19.711513 20.005400 20.233927
20.332025 20.507511 20.556403 20.352393 20.180577 20.293968
20.318021 20.227207 20.099642 19.978164 20.016733 20.050263
20.007218 19.784298 19.579790 19.385919 19.423441 19.679504
19.597836 19.506516 19.717221 19.786536 19.590648 19.512341
19.522460 19.540455 19.616300 19.483843 19.340529 19.451675
19.394240 19.114383 19.056191 19.030579 18.700491 18.635940
18.793262 18.806706 18.730886 18.452956 18.348271 18.566668
18.558141 18.351061 18.023633 17.584593 17.163850 16.933190
17.084592 17.359113 17.662477 17.964192 18.261153 18.488820
18.427875 18.254628 18.348058 18.511001 18.651998 18.724918
18.526795 18.694916 18.858064 18.772717 18.805071 18.908875
19.014651 18.927458 19.007148 19.262071 19.369141 19.556179
19.794125 19.754786 19.567826 19.280327 19.095600 19.028990
19.128365 19.363447 19.466994 19.509957 19.608414 19.801205
19.830358 19.509125 19.478520 19.665309 19.572852 19.548043
19.504135 19.328581 19.092250 18.746539 18.493235 18.475356
18.359944 18.149913 18.216940 18.171427 17.888067 17.804178
18.011606 18.066346 17.841276 17.909449 18.082833 18.168432
18.213153 18.357972 18.568971 18.613302 18.618623 18.559169
18.459352 18.285102 18.117224 18.154833 18.329254 18.428435
18.630351 19.163925 19.532957 19.671739 19.683041 19.580097
22.411549 22.351327 22.008109 21.573191 21.293078 21.095500
21.196046 21.377412 21.315593 21.351657 21.533528 21.606029
21.755030 21.820430 21.627123 21.555518 21.250780 20.943073
21.023065 21.105121 21.071318 20.949092 20.757993 20.549985
20.347658 20.139126 20.214042 20.508304 20.719815 20.780565
20.793206 20.902466 20.931330 20.813474 20.874053 20.857823
20.603191 20.562748 20.457422 19.949006 19.454484 19.337665
19.569986 19.844739 20.030678 20.172193 20.442982 20.609343
20.502835 20.364442 20.278678 20.103695 19.987770 20.101030
20.139170 20.053176 20.041754 20.171619 20.169980 19.764606
19.292517 19.375178 19.660968 19.625948 19.636350 19.891903
20.074988 19.890563 19.692107 19.579933 19.475585 19.359294
19.361010 19.538682 19.534073 19.341167 19.098935 19.003883
18.876525 18.622895 18.614155 18.933675 19.092351 18.996363
18.702226 18.499058 18.486500 18.437272 18.235942 17.762620
17.452857 17.176440 16.970201 17.341868 17.629821 17.653073
17.898621 18.081570 18.108184 18.241547 18.340922 18.422197
18.552971 18.639712 18.685443 18.612549 18.789029 18.938999
18.918493 19.036047 19.145055 19.008265 18.712654 18.775709
18.933084 19.067193 19.233336 19.526078 19.868201 19.736744
19.384001 19.030459 18.731157 18.791909 19.096291 19.261349
19.248492 19.332150 19.527199 19.627888 19.651182 19.662142
19.596325 19.330251 19.256631 19.206794 19.065784 19.122755
18.953079 18.581031 18.507400 18.379390 18.169555 18.308575
18.217571 17.792132 17.757342 18.083133 18.094200 17.781765
17.797651 18.000465 18.122458 18.305451 18.476475 18.503041
18.440114 18.421694 18.377679 18.340867 18.077382 17.906039
18.032608 18.159359 18.254298 18.396861 18.784766 19.144651
19.293123 19.341779 19.320741 21.784727 21.835787 21.635935
21.305955 21.266541 21.231123 21.256086 21.442157 21.479156
21.575138 21.771158 21.815405 21.792254 21.811196 21.782436
21.659518 21.341723 21.039422 21.057380 21.184887 21.218637
21.109040 20.861183 20.604425 20.347549 20.066744 20.007189
20.218986 20.437427 20.464502 20.620889 20.848968 21.063487
21.198377 21.156820 20.932059 20.503047 20.337679 20.159274
19.885412 19.625543 19.313967 19.295737 19.538484 19.748910
19.885325 20.196676 20.492040 20.571738 20.436359 20.143893
19.814214 19.772511 20.010844 20.086879 20.032801 19.988512
20.104238 20.020299 19.561278 19.214650 19.210320 19.474665
19.641038 19.620258 19.728834 19.918417 19.956695 19.912356
19.614045 19.286469 19.178664 19.425359 19.804545 19.788683
19.513596 19.302238 19.214713 19.004360 18.868318 18.978825
19.143921 19.200842 19.199074 19.101168 18.940523 18.668698
18.442288 18.270069 17.851195 17.538697 17.368268 17.164823
17.516606 17.867988 17.730729 17.883061 18.050673 18.054921
18.261908 18.343618 18.375070 18.555576 18.601092 18.772162
19.017519 19.175007 19.253721 19.304828 19.237612 19.138292
19.114866 18.891725 18.832847 18.805623 18.934518 19.189531
19.377601 19.697385 19.777080 19.511990 19.029559 18.625455
18.639799 18.872709 18.952408 18.895259 19.004548 19.183933
19.341921 19.654004 19.706605 19.618633 19.406146 19.091037
18.821737 18.791650 19.066261 19.071442 18.764472 18.599333
18.575362 18.468566 18.266147 18.002582 17.830551 17.852619
17.904800 17.859682 17.834683 17.907068 17.850959 17.895408
18.238733 18.426632 18.274960 18.159692 18.214206 18.151541
18.199162 18.033938 17.951336 18.037134 18.080314 18.244623
18.358301 18.653514 18.915499 19.069946 19.183433 19.192403
21.225450 21.283908 21.148471 21.058708 21.207968 21.208012
21.373165 21.698965 21.707008 21.687622 21.792434 21.850177
21.891405 21.946598 21.926957 21.644839 21.243957 20.989783
20.972459 21.256469 21.407846 21.195635 20.923030 20.588518
20.212451 20.023073 19.995363 20.065213 20.284738 20.450531
20.729111 20.934227 21.134138 21.330922 21.286284 21.071971
20.554133 20.238557 20.023872 19.802499 19.755304 19.508344
19.168714 19.211229 19.353684 19.447274 19.849481 20.238917
20.463124 20.464515 20.016442 19.470109 19.534301 19.799832
19.846067 20.087388 20.179407 19.978972 19.858322 19.703701
19.541666 19.505928 19.650936 19.868772 19.832368 19.872347
19.898362 19.869259 19.874302 19.647026 19.458504 19.350123
19.518534 19.834424 19.973365 19.740008 19.489849 19.483059
19.382956 19.224149 19.194405 19.239473 19.243868 19.356372
19.330174 19.167363 18.973120 18.674078 18.237867 18.044324
18.106895 17.786025 17.450071 17.752753 18.030971 17.930901
18.070478 18.124307 18.206469 18.509754 18.451323 18.481568
18.778153 18.834686 19.094353 19.467123 19.558330 19.612539
19.636173 19.446099 19.308269 19.433254 19.324044 19.102864
18.953213 19.061467 19.275689 19.326369 19.618615 19.899639
19.613716 19.070342 18.841834 18.923004 19.015321 19.071018
18.957304 18.890161 18.950192 19.046051 19.266308 19.413762
19.428055 19.161566 18.759950 18.521639 18.568803 18.780353
18.881598 18.715545 18.607784 18.651511 18.659346 18.381829
18.016530 17.941563 17.990741 17.871200 17.822793 18.033586
18.027178 17.743482 17.735880 18.010431 18.147620 18.105262
17.948970 17.963358 17.997302 18.187174 18.285245 18.179436
18.261212 18.244200 18.243971 18.587019 19.013968 19.235734
19.367624 19.353769 19.281256 21.063761 21.080363 21.024712
21.020798 21.077580 21.234553 21.553110 21.803830 21.740579
21.668034 21.726510 21.761750 21.948375 22.135235 22.043649
21.603480 21.164930 20.973836 21.047649 21.372096 21.480402
21.112077 20.775080 20.472649 20.213725 20.206395 20.222941
20.338853 20.538648 20.544763 20.700184 20.987240 21.140556
21.112598 21.141669 21.183735 20.637541 20.171463 19.988240
19.641919 19.498244 19.422441 19.245642 19.240705 19.230017
19.306507 19.496912 19.809489 20.192863 20.281585 19.904692
19.493759 19.524155 19.582314 19.662100 19.886628 19.942051
19.816218 19.868015 19.834023 19.737162 19.860617 19.960889
20.018455 20.067758 20.266891 20.098221 19.771193 19.793289
19.826907 19.914355 19.725587 19.579427 19.723947 19.825994
19.760445 19.697386 19.663262 19.607026 19.556554 19.444228
19.483690 19.427227 19.495322 19.501675 19.265439 19.128601
18.844557 18.341982 18.273272 18.465041 18.087784 17.884341
17.960469 17.917348 18.036672 18.230159 18.247887 18.314986
18.639640 18.624906 18.653973 19.017372 19.163314 19.439712
19.729870 19.817439 19.805013 19.604987 19.379873 19.431085
19.646739 19.601944 19.464915 19.295458 19.278302 19.250254
19.202948 19.577013 19.842896 19.688325 19.386062 19.167184
19.145657 19.210971 19.404734 19.356684 19.130018 18.980712
18.916574 19.051971 19.112645 18.998485 18.704353 18.425411
18.418857 18.477998 18.488483 18.621296 18.634446 18.576203
18.550716 18.554968 18.388536 18.045346 17.916809 18.032315
18.008453 17.979564 18.202095 18.214330 18.015171 17.951866
17.894631 17.837779 17.850505 17.724208 17.704985 17.805686
17.954133 18.098204 18.198169 18.293077 18.316243 18.574659
18.996558 19.206744 19.403627 19.537105 19.507902 19.510237
21.090383 21.126797 21.199373 21.163131 21.139013 21.329378
21.426472 21.459554 21.441817 21.423364 21.564720 21.739480
22.114469 22.324287 22.084654 21.675485 21.389299 21.318041
21.461853 21.576102 21.447513 21.069472 20.728728 20.392372
20.136844 20.207116 20.328987 20.390067 20.481882 20.525017
20.556049 20.781144 20.939277 20.990568 21.034384 20.982941
20.617518 20.301432 20.078140 19.625512 19.269559 19.083761
19.203548 19.410035 19.271553 19.193550 19.152844 19.340858
19.820610 19.947814 19.780786 19.777561 19.790910 19.675303
19.627258 19.550437 19.455002 19.525858 19.691186 19.631508
19.674296 19.978523 20.173046 20.131125 20.182210 20.375278
20.097431 19.763763 19.789562 20.041265 20.248636 19.926317
19.577720 19.527356 19.651533 19.765310 19.866728 19.881322
19.766430 19.797736 19.889284 20.023331 19.904423 19.754523
19.637865 19.337058 19.123303 18.906549 18.708770 18.696248
18.697055 18.448173 18.248418 18.035003 17.845450 18.050849
18.283693 18.473468 18.615644 18.813797 18.919432 18.964733
19.151217 19.515625 19.902045 19.940066 20.057593 20.119165
19.785708 19.448785 19.419509 19.520119 19.498154 19.418567
19.342517 19.386513 19.281813 19.166122 19.395657 19.595098
19.759335 19.722453 19.445715 19.354924 19.462951 19.634171
19.553836 19.407198 19.220152 18.968706 18.985713 19.096014
19.060560 18.821543 18.592263 18.559245 18.688203 18.752549
18.707163 18.725733 18.709072 18.574101 18.410412 18.236690
18.018615 17.917513 18.059325 18.087505 18.095221 18.329284
18.603728 18.574888 18.311630 18.098188 18.033241 17.847505
17.644166 17.644138 17.722621 17.760504 17.728676 17.959741
18.112680 18.252230 18.781237 19.197572 19.262966 19.402196
19.471484 19.457647 19.532836 21.075682 21.138626 21.236698
21.345845 21.408600 21.332475 21.308167 21.361446 21.305307
21.271040 21.488286 21.807148 22.167849 22.324493 22.039050
21.776306 21.757521 21.874252 22.040621 21.980049 21.567451
21.139602 20.866927 20.454048 20.121106 20.162665 20.214788
20.100600 20.068162 20.165095 20.228383 20.368638 20.511100
20.765200 20.863662 20.739250 20.581856 20.431001 20.211449
19.735867 19.269132 19.046249 19.166000 19.374278 19.243707
19.001906 18.933162 19.103889 19.566888 19.825256 19.817519
19.816135 19.892378 19.978682 19.751835 19.479365 19.401837
19.471111 19.570232 19.678935 19.845074 20.032079 20.341182
20.392161 20.414371 20.447043 20.103632 19.915805 19.847547
20.119581 20.424451 20.093166 19.740624 19.611985 19.806694
20.112148 20.221803 20.178544 20.073567 20.023418 20.169449
20.343742 20.225777 19.897604 19.661324 19.402483 19.135600
18.993647 18.887737 18.876640 18.943145 18.915883 18.567199
18.111756 17.911450 18.221453 18.579230 18.594985 18.767531
19.006212 19.148208 19.228438 19.226711 19.716533 20.030441
19.913204 20.103313 20.217056 19.979820 19.801920 19.695479
19.438997 19.305254 19.202254 19.245989 19.326858 19.249348
19.360016 19.385234 19.433496 19.652753 19.666870 19.621205
19.664724 19.718489 19.713360 19.657864 19.738255 19.599051
19.209586 19.068918 19.360133 19.457442 19.199036 19.007422
18.886411 18.967464 19.075462 18.976807 18.903059 18.936706
18.839528 18.587390 18.316310 18.088305 17.930651 18.023563
18.227134 18.302538 18.446487 18.861934 19.033921 18.741912
18.631108 18.584831 18.276249 17.981313 17.885666 17.996806
17.856500 17.753334 17.935381 18.024504 18.269378 18.804310
19.234106 19.274992 19.359251 19.422884 19.467202 19.602316
21.123000 21.198467 21.179694 21.388067 21.571645 21.302413
21.309515 21.503562 21.402357 21.294076 21.504068 21.821445
22.027160 22.139112 21.966653 21.796553 21.910294 22.166612
22.377881 22.265074 21.634383 21.123849 20.897931 20.415706
20.156349 20.234275 20.087277 19.877472 19.881998 19.910494
19.982922 20.159804 20.304958 20.559064 20.662588 20.659315
20.549266 20.352054 20.167596 19.801122 19.352480 19.168615
19.177397 19.299399 19.265357 18.941952 18.826819 18.982866
19.363067 19.702195 19.866035 19.787559 19.907641 20.108076
19.826446 19.514650 19.403327 19.550720 19.643326 19.835382
20.000674 20.043472 20.385612 20.553467 20.657030 20.584653
20.192230 20.026991 19.892701 20.108392 20.546491 20.333284
19.989163 19.839261 19.987407 20.366743 20.420811 20.287911
20.229750 20.087154 20.140929 20.327771 20.219413 19.862575
19.658692 19.449387 19.171426 19.022555 18.806212 18.798090
19.000299 19.075790 18.692755 18.068189 17.866356 18.305887
18.783361 18.640930 18.742119 19.016034 19.132382 19.305657
19.326530 19.760334 19.912948 19.827440 20.119005 20.172110
19.969518 19.966786 19.830530 19.434559 19.289841 19.165391
19.264148 19.248499 19.167952 19.518562 19.463247 19.358065
19.498635 19.503611 19.650392 19.757905 19.695767 19.590421
19.655476 19.938462 19.813156 19.401818 19.216989 19.477489
19.587855 19.298515 19.107346 19.058316 19.033745 19.008091
19.064387 19.046696 19.009121 18.975023 18.808772 18.434852
18.146340 17.955169 17.968569 18.325073 18.403556 18.432928
18.830874 19.114915 18.973800 18.973726 18.845814 18.471777
18.210163 18.102760 18.195869 17.901104 17.880042 18.069955
17.991520 18.269853 18.895968 19.355197 19.324140 19.297831
19.388457 19.521387 19.673622
