-996 121 100.000000 100.000000
0.000000 17000.000000 0.000000 12000.000000
171 0.000000 0.000000 0.000000
0 0 0 0 0 0 0
0.000000 7.518591 7.512367 7.515306 7.507191 7.635312
8.127607 8.574858 8.598248 8.278247 8.079299 8.482443
8.930696 9.170222 9.484437 9.637334 9.603890 9.566099
9.849609 9.996249 9.988592 10.636287 11.763358 12.732250
12.545002 12.360233 13.580408 14.059068 13.396811 12.391400
12.474776 12.757443 11.983494 11.740137 11.360518 10.944754
11.047312 11.685295 12.087761 12.125135 12.533901 12.457797
12.373190 12.444194 13.061788 13.880222 13.494458 12.288057
11.356695 11.286731 11.006118 10.494138 10.069479 9.885711
10.182119 10.548889 10.678904 10.501281 10.567798 10.639845
10.882814 12.365518 13.046701 12.410884 11.739763 11.354467
11.991730 12.325272 12.032600 11.786991 11.655378 11.812479
11.467452 10.666954 10.469226 10.630368 10.180033 10.119463
9.855019 8.957310 8.506355 8.260543 8.308009 8.339894
8.291932 8.291466 8.305744 8.472476 8.675537 9.397899
10.542514 11.614998 11.519317 11.605156 12.999550 13.036647
12.265321 11.967358 11.148039 9.881582 9.440046 9.673414
9.932041 9.990394 10.173420 10.469303 9.955330 9.105653
8.713112 8.572251 8.188872 7.774763 7.424718 7.169260
7.254078 7.473900 7.539745 7.595178 7.957279 8.569708
9.034789 9.197313 9.436190 10.079919 11.219202 11.828771
12.351153 13.712291 13.616292 12.503491 11.842904 11.104614
11.205374 11.605052 11.099025 10.671255 10.925000 11.389825
11.863344 12.500186 13.021769 13.312894 13.798003 14.250782
14.032689 13.458966 13.422485 12.797385 11.424649 10.762074
10.338396 9.504066 8.937039 9.097483 8.955609 8.856576
8.641047 8.021722 7.987550 8.062636 8.161690 8.521466
9.049769 8.994244 8.380368 8.156975 8.283519 8.155621
7.991475 8.030888 0.000000 7.668018 7.611473 7.583194
7.603660 7.676469 7.868992 8.254815 8.671047 8.634282
8.335203 8.266673 8.624045 9.034882 9.222657 9.597731
10.053865 9.992562 9.595286 9.564565 9.527000 9.682430
10.176500 11.422528 12.595552 12.530535 12.450274 13.265768
13.720560 12.969098 12.122604 12.612782 12.705935 11.837861
11.772806 11.500352 11.041037 10.977503 11.530265 11.894003
11.887443 12.053079 11.927929 11.936908 12.120134 12.617936
13.218089 13.004522 12.089907 11.353871 11.196836 10.946531
10.437105 10.006349 10.026950 10.466928 10.882385 11.095568
10.963586 10.737515 10.737125 11.109669 12.241726 12.742958
12.177670 11.616600 11.232631 11.561291 11.849742 11.706921
11.586309 11.358409 11.342212 11.310577 10.637673 10.341157
10.493572 10.091599 9.928602 9.614190 8.931795 8.513866
8.341801 8.464163 8.509734 8.493123 8.368268 8.303954
8.571207 8.815503 9.601154 10.613551 11.127332 11.116461
11.533413 12.649090 13.026554 12.702701 11.982393 11.054001
10.105697 9.773027 10.125533 10.192968 10.001990 10.140310
10.591663 10.401021 9.388668 8.698392 8.401340 7.946774
7.683946 7.490286 7.280888 7.298784 7.495309 7.576926
7.646091 8.076843 8.417052 8.630519 8.757973 9.036837
9.750684 10.714545 11.341652 12.171442 13.357091 12.945132
12.188479 11.674267 11.142300 11.425176 11.482403 11.091141
10.843190 11.208352 11.534955 11.503781 12.228638 13.145904
13.427998 13.453941 13.615959 13.255311 12.757061 12.962344
12.458528 11.297944 10.583380 10.120776 9.385017 8.752628
8.772030 8.658567 8.563189 8.351762 7.867670 7.890232
8.010052 8.123113 8.418992 8.701354 8.572428 8.110130
7.987853 8.107785 8.075867 7.927772 7.906279 8.073329
7.826961 7.894315 7.937662 7.943996 8.066991 8.326391
8.583987 8.764307 8.799754 8.843225 8.979641 9.119871
9.155696 9.268961 9.931448 10.403461 10.153026 9.662896
9.288305 9.192385 9.500169 9.720334 10.853857 12.100707
12.685620 13.428645 13.583697 13.451294 12.773076 12.020623
12.117185 11.917115 11.383994 11.333157 11.137983 10.876395
10.936476 11.400762 11.507156 11.429101 11.597158 11.618547
11.540135 11.633625 11.969571 12.170943 12.079378 11.522698
11.016415 11.215332 11.196840 10.530473 10.178456 10.272468
10.689550 11.034407 11.176754 11.204955 10.707436 10.745331
11.172630 11.554353 12.146573 12.055194 11.498667 10.814406
10.769073 11.089665 11.340832 11.448185 10.932142 10.678127
10.790367 10.283965 10.026873 10.174605 9.911487 9.636320
9.392491 8.977932 8.595005 8.529706 8.695389 8.743522
8.601557 8.529408 8.619614 8.816613 9.043903 9.960938
10.940969 11.067748 11.557758 12.098316 12.318438 12.975191
13.802116 12.608347 10.654875 10.052198 10.048985 10.628998
10.652567 10.463517 10.453327 10.467769 10.435039 9.596992
8.860230 8.384804 7.809519 7.768697 7.695042 7.506183
7.439731 7.525871 7.707576 7.861209 8.191525 8.276052
8.315095 8.432014 8.834371 9.469683 9.994229 10.638003
11.787399 12.929069 12.804387 12.353881 11.813502 11.545602
11.770233 11.275304 11.017455 11.010542 11.046865 11.247055
10.966042 11.401533 12.756188 13.111015 12.592975 12.652250
12.298174 11.640563 12.097788 12.142592 11.122352 10.382907
9.786662 9.077405 8.616233 8.403879 8.194340 8.054746
7.890395 7.690605 7.760889 7.877224 8.142147 8.363625
8.210092 7.963746 7.758708 7.674590 7.644965 7.780399
7.823811 7.765740 7.830056 8.036942 8.067459 8.189553
8.289433 8.447507 8.792312 8.897534 8.852401 9.036638
9.387007 9.512565 9.452670 9.352419 9.469164 10.130602
10.303471 9.790735 9.445835 9.282598 9.580159 9.774671
9.590740 10.177815 11.403899 13.374652 14.884365 14.482870
13.645020 13.280094 12.347995 11.035958 10.845126 10.874560
10.486273 10.303626 10.636817 11.091584 11.224224 11.218486
11.222399 11.745559 11.894722 11.418904 11.455313 11.781771
11.970417 12.050991 11.671944 11.250466 11.768026 11.752417
11.044131 10.941518 10.776313 10.754275 10.835938 10.951423
11.091106 10.804543 11.048974 11.125604 11.051495 11.749760
12.165706 11.478746 10.463995 10.468892 11.015506 11.537899
11.853695 11.224824 10.500569 10.356733 9.958349 9.905651
9.969504 9.756081 9.609049 9.556354 9.349682 9.012388
8.791016 8.755777 8.673967 8.482807 8.695966 8.990153
9.102888 9.486123 10.437780 11.316443 11.932562 12.986504
13.371352 12.928432 13.202515 13.834031 12.693751 10.758746
10.383574 10.564114 10.946608 11.392444 11.229526 10.875174
10.500928 10.075581 9.482741 8.907309 8.421285 7.995904
7.977738 7.851207 7.671906 7.678433 7.683739 7.809783
7.991739 8.080211 8.192581 8.369904 8.579905 9.020430
9.368066 9.781422 10.522614 11.344960 12.101177 12.630315
12.723570 12.354402 12.235516 12.042848 11.563552 11.273399
10.907500 10.710802 10.867800 10.728118 10.781210 11.818199
12.414581 12.043103 12.219697 12.404403 12.094418 12.242399
11.959308 10.783877 10.207715 9.669098 8.859579 8.529882
8.226652 7.969080 7.805829 7.613568 7.480392 7.653029
7.879682 8.137709 8.202873 7.908884 7.694070 7.530365
7.390510 7.373666 7.640950 7.739311 7.573598 7.532081
7.994698 8.047989 8.359319 8.636914 8.999174 9.492431
9.483669 9.273904 9.307699 9.557619 9.698963 9.588030
9.602286 9.829447 10.224082 10.556276 10.046292 9.322982
9.209984 9.674675 9.645260 9.244835 9.627874 10.996332
13.147318 14.109530 13.270540 12.654072 12.650073 11.729290
10.477530 10.435551 10.566398 10.141130 10.071640 10.576113
10.969614 10.990177 11.133201 11.165459 11.628744 11.937294
11.515688 11.451765 11.861412 12.707488 13.187612 12.741729
12.532029 12.801017 12.417246 11.728757 11.462374 11.309265
11.264461 11.173192 11.093593 11.075219 11.174673 11.597876
11.510597 11.405716 11.530376 11.586545 11.044867 10.249943
10.402388 11.076760 11.390532 11.561265 11.229714 10.598866
10.382846 10.022570 10.204332 10.218448 9.852236 9.744754
9.711443 9.494532 9.149535 8.894495 8.773815 8.800840
8.802273 8.902614 9.189944 9.480883 9.842736 10.664130
11.764940 12.896378 13.913433 14.074101 13.563075 13.142766
12.956751 12.721777 11.663915 11.018801 11.198757 11.475109
12.015234 11.610500 11.035057 10.637774 9.865145 9.398241
8.862188 8.385762 8.174521 8.028015 7.895350 7.734439
7.796489 7.929954 8.052370 8.105372 7.981166 8.091215
8.357184 8.625401 9.034123 9.348774 9.864142 10.589642
10.944638 10.990968 11.503316 12.369766 12.198280 12.089040
11.815772 11.409874 11.255306 10.818546 10.910945 10.806068
10.513167 10.846602 11.503859 12.093416 12.012735 12.114632
12.717909 12.947804 12.763235 11.582721 10.144204 9.704703
9.424688 8.792405 8.389157 7.977363 7.681849 7.555389
7.427528 7.342704 7.589848 7.907456 7.970821 7.896428
7.753733 7.634649 7.402126 7.204620 7.228453 7.464903
7.491224 7.375542 7.415957 7.939871 8.216037 8.770071
9.181262 9.523638 10.232849 10.510423 9.982631 9.664615
9.746294 9.929933 9.692563 9.582382 9.964685 10.254103
10.900507 10.756431 9.669255 9.195695 9.408097 9.665980
9.577934 9.672446 10.697404 11.936575 12.059474 11.341198
11.118855 11.149208 10.889804 10.548722 10.431291 10.411904
10.160138 10.411964 10.720860 10.889124 11.049256 11.122098
11.034706 11.200625 11.387121 11.299618 11.645270 12.286171
13.258668 14.051341 13.732535 13.735527 13.821636 13.290425
12.886629 12.156340 11.567129 11.606574 11.707572 11.508470
11.252404 11.446658 11.917352 12.085689 12.014386 11.330883
10.814381 10.633140 10.238253 10.292774 10.626893 10.596360
10.808020 11.171824 10.988794 10.551507 10.352797 10.547593
10.461792 10.130680 9.784742 9.569694 9.324608 8.848757
8.732592 8.826658 8.895282 9.006764 9.085893 9.402245
9.760086 10.078612 10.791853 12.303212 13.530419 14.076447
14.137950 13.467667 12.914953 13.064228 13.242669 13.197376
12.684462 11.684518 11.462813 11.873793 11.620051 11.001126
10.451881 9.792462 9.553632 9.129007 8.587319 8.352340
8.171313 8.023071 7.824085 7.934563 8.168339 8.363169
8.439831 8.192222 8.347551 8.704614 8.937845 9.307961
9.469843 9.650571 9.950032 9.994409 10.002625 10.516826
11.534351 11.566354 11.238236 11.193722 10.829273 10.565968
10.500896 10.740457 10.746398 10.507404 10.856655 11.275011
11.687990 11.858723 11.855839 12.233846 12.613057 12.550088
11.040631 9.488449 9.086630 8.798354 8.563051 8.239576
7.778072 7.447467 7.306592 7.427255 7.465275 7.573381
7.870199 7.904984 7.946217 7.934412 7.636212 7.391322
7.154595 7.074918 7.195795 7.194986 7.136660 7.146388
8.131498 8.581005 9.239373 9.770380 10.321248 10.825344
10.647117 10.147749 9.909227 9.746123 9.770272 9.689940
9.829706 10.010499 9.903048 10.349472 10.471252 9.768476
9.372798 9.556714 9.976483 10.152133 9.976795 10.217500
10.862941 11.040076 10.786538 10.422322 10.372822 10.727890
10.788655 10.649886 10.487877 10.270248 10.745246 11.175898
11.197107 10.967134 10.756997 10.683841 10.794037 10.887664
10.790375 11.441237 12.691044 13.729713 14.928525 14.744047
14.992599 15.529681 14.575158 13.792805 12.701351 11.971642
11.940173 11.888327 11.623637 11.298376 11.415024 11.742142
12.073459 12.245856 11.397845 10.533082 10.377574 10.272538
10.186957 10.226229 10.186063 10.623987 11.264342 11.213278
10.683740 10.775203 11.037967 10.753684 10.486896 10.068133
9.654408 9.302103 8.718126 8.563860 8.786199 8.758634
8.840760 9.129162 9.836594 10.433242 10.484566 11.286788
12.992496 14.428991 14.891925 14.043152 13.129647 13.522455
13.752811 13.013729 13.315696 13.568912 12.361634 11.703019
12.051419 11.950329 11.039726 10.396088 10.076678 9.841804
9.358393 8.800142 8.538518 8.400507 8.268975 8.134405
8.259898 8.333823 8.424629 8.587938 8.403907 8.657634
9.252025 9.570076 9.736358 9.669455 9.465263 9.200664
9.136652 9.712574 10.296914 10.817834 11.079444 10.782511
10.848633 10.703721 10.387060 10.443042 10.616880 10.784285
10.885152 10.979061 10.978589 11.266021 11.571561 11.424652
11.853435 12.863005 12.454911 10.453935 9.166137 8.836346
8.443287 8.277315 7.979542 7.748898 7.575346 7.387565
7.533492 7.591844 7.657512 7.983936 8.033299 7.990025
8.042502 7.779119 7.448701 7.166906 7.117936 7.201706
7.111519 7.037133 7.062863 8.529261 8.974835 9.630204
9.969773 10.637192 10.743988 9.976624 9.723359 9.748345
9.491617 9.168015 9.458015 10.086142 9.991715 9.631581
9.680246 9.826847 9.608168 9.479881 10.014714 10.354749
10.281981 10.079522 10.126417 10.491923 10.676007 10.383532
10.193911 10.348259 10.827556 11.334678 11.222423 10.912106
10.528800 10.639874 11.173700 11.276713 11.158431 11.000641
10.902482 10.927536 11.100763 10.979033 11.034896 12.161339
14.193656 15.779506 15.250515 15.157213 15.584500 14.990567
14.287499 13.035191 12.269000 12.074206 11.305011 10.967656
11.077211 11.233283 11.646662 11.888848 11.747130 11.049221
10.163274 10.008496 10.189913 10.026156 9.901452 9.845704
10.162000 10.808807 10.907239 10.515662 10.659232 10.985359
10.766066 10.460432 10.167673 9.615085 8.967552 8.700617
8.727401 8.845025 8.836472 8.844409 9.226451 10.020148
10.762879 11.143946 12.167868 14.379336 16.237846 17.261511
15.659953 13.539527 13.954699 14.053795 13.316709 12.909743
12.775781 12.811141 12.776382 12.791397 12.602379 11.326518
10.493050 10.251565 9.887541 9.543255 9.120091 8.848056
8.763200 8.768474 8.734828 8.609471 8.386617 8.503502
8.676275 8.583188 8.840802 9.398483 9.850430 9.979245
9.818261 9.495051 9.171113 9.309838 10.229455 10.609981
10.527844 10.506551 10.247649 10.302187 10.351619 10.345833
10.378253 10.301921 10.465234 10.978098 11.252430 11.197210
11.175979 11.187183 10.895295 11.711495 12.745560 11.745730
10.153107 9.300145 8.997677 8.588521 8.141380 7.929907
7.851549 7.676180 7.511178 7.592570 7.714050 7.789953
7.942497 8.091534 8.054636 8.089276 8.087727 7.684767
7.254799 7.174163 7.193339 7.184787 7.219568 7.242493
8.998107 9.241811 9.795010 9.898941 9.968545 9.770818
9.302934 9.496342 9.655421 9.268710 8.731120 9.006366
9.544216 9.462703 9.367478 9.405470 9.617274 9.656067
9.532394 9.909640 10.388654 10.420279 10.400547 10.661506
10.853046 10.740386 10.381622 10.513108 10.592640 11.036428
11.684195 11.370566 11.417513 11.182737 10.647671 10.891448
11.547234 11.958868 11.810101 11.589647 11.392268 11.563130
11.363545 11.025341 11.427045 13.260299 14.802942 14.643609
14.337560 15.154221 15.494763 15.068477 14.322540 12.798958
11.697175 10.714787 10.697413 11.138960 11.327069 11.647199
11.626603 11.013214 10.323089 9.984146 9.949523 10.089779
9.973704 9.666075 9.469206 9.639436 10.118604 10.237514
10.060838 10.184712 10.443013 10.477971 10.102134 9.748412
9.484088 9.056392 8.958561 9.212005 9.513107 9.493078
9.270368 9.424051 9.625950 10.186248 11.618519 12.714321
14.244639 16.826059 18.053710 16.692244 14.547943 14.447727
14.818115 15.126030 14.535255 12.869864 12.600588 12.876397
12.984006 12.839527 12.102437 11.074759 10.287958 9.795449
9.761522 9.582521 9.181535 9.175049 9.521208 9.523068
9.064125 8.659353 8.744593 8.951808 8.946165 9.002745
9.203611 9.637939 9.893910 9.774692 9.601583 9.561437
9.701011 9.950998 10.100275 10.103052 9.981455 9.754783
9.647708 9.920797 10.097916 9.837261 9.742683 10.281513
10.845858 11.016113 11.077723 10.840150 10.599350 10.405288
10.890011 11.338195 10.742830 9.997452 9.318291 8.915168
8.617433 8.162341 7.996087 8.008177 7.858360 7.655413
7.712578 7.856897 7.829824 7.771461 7.881348 8.016121
8.086304 8.049129 7.773796 7.399234 7.279718 7.368250
7.335226 7.339646 7.366589 9.030155 9.138937 9.496936
9.654381 9.512423 9.200556 9.029374 9.287924 9.341906
9.051765 8.712669 8.711087 8.926555 8.844816 8.659749
8.804133 9.165687 9.360961 9.349615 9.391257 9.743315
10.417626 11.017929 11.043013 11.081374 11.081104 10.980063
10.765039 10.369701 10.858111 11.350547 10.957139 11.316798
11.625986 10.963280 10.784712 11.573393 12.080795 11.896515
11.554532 11.411122 11.919703 11.576220 11.273349 11.535738
12.252270 13.418439 14.138534 14.506145 15.872046 16.157571
15.635999 15.400771 13.235518 11.451158 10.827985 10.869776
11.077877 11.157011 11.296443 10.954885 10.356080 10.190256
10.284954 10.274389 10.108877 10.089400 9.871651 9.428467
9.350843 9.452890 9.530709 9.453924 9.692305 10.129870
10.345501 10.205820 10.078842 10.040419 9.745518 9.429388
9.523155 9.961499 10.136989 9.809638 9.698283 9.917783
10.481221 12.020486 13.345514 14.415669 16.782118 17.130905
16.225212 15.764607 15.395915 14.924816 15.336167 15.480470
13.837971 13.040180 12.545043 12.173364 12.056790 12.143876
11.506901 10.601447 10.225094 10.244060 10.182452 9.620614
9.552728 10.238610 10.278236 9.625956 8.932358 8.783351
9.206335 9.378097 9.377587 9.399526 9.441518 9.691155
9.840247 9.708761 9.598877 9.537526 9.361350 9.624065
10.057727 10.178165 9.986879 9.552299 9.642525 9.820336
9.716270 9.843926 10.251311 10.427346 10.439640 10.650764
10.411525 10.010603 9.938359 10.071551 10.272367 10.093442
9.622396 8.907362 8.414702 8.399951 8.118132 7.889518
7.956207 7.943734 7.819699 7.828849 7.972614 7.888402
7.882484 7.879621 7.901180 8.076693 7.996506 7.854349
7.642660 7.608038 7.596461 7.377293 7.386534 7.455689
8.832627 8.923856 9.084888 9.233924 9.206462 8.966438
8.901572 8.857418 8.829956 9.011385 8.978710 8.723958
8.646926 8.480533 8.216981 8.389337 8.693876 8.945379
9.149430 9.111358 9.234273 10.103058 10.954965 10.810407
10.621381 10.507524 10.804167 10.953481 10.588161 10.927337
11.120887 10.934227 11.353049 11.450849 10.942422 10.910601
11.604136 12.165146 12.008599 11.572363 11.646093 12.484362
12.166039 11.928404 12.010580 12.044060 13.230882 14.153048
14.662191 15.985947 16.590002 15.883577 14.662090 12.725012
11.491353 11.009776 10.834902 10.748172 10.721802 10.797135
10.188661 9.837441 10.246183 10.643894 10.629459 10.354601
10.245643 9.923325 9.474984 9.304741 9.338081 9.325504
9.295011 9.487950 9.864710 10.021395 10.091332 10.340936
10.477834 10.419886 10.161519 9.801198 9.815334 10.153123
10.015951 10.018040 10.861539 11.617678 12.501776 13.932964
15.805574 16.673163 16.315118 16.292500 16.088771 15.428700
14.497746 14.698222 15.743857 15.373538 14.235804 12.965687
11.851892 11.515497 11.702859 11.538066 11.169245 11.208936
11.289243 11.026803 10.335250 10.151936 10.536003 10.515259
9.837342 8.933934 8.800819 9.258946 9.530833 9.664828
9.604725 9.428450 9.599465 9.918125 9.725668 9.296248
9.263207 9.367586 9.576229 10.009677 10.103560 9.753471
9.490114 9.414482 9.451094 9.685720 9.831635 9.811591
9.829603 10.156181 10.332391 10.120880 9.906813 9.758960
9.679316 9.609207 9.267021 8.975784 8.599701 8.293608
8.236776 7.995144 7.892737 7.793419 7.795418 7.927983
7.991035 8.149754 8.157505 8.190036 8.102346 8.069811
8.171080 8.075197 8.032900 7.792016 7.715057 7.592497
7.391955 7.498349 7.564260 8.817619 8.840656 8.821990
8.827475 8.788884 8.606849 8.525276 8.510634 8.646399
9.016394 9.157098 8.874776 8.606478 8.326489 8.282114
8.381503 8.510969 8.842221 9.045548 9.026885 8.957431
9.375472 9.995008 10.051779 9.667364 9.569474 10.168298
10.814012 10.826555 10.883639 11.077165 11.132553 11.425595
11.250592 10.957296 11.330676 11.866927 12.065680 12.408492
12.883943 12.918266 13.671245 13.846538 13.362862 13.080192
12.496731 12.997065 13.917964 14.795030 16.127626 16.527637
15.897083 14.225089 12.503284 11.735637 11.177793 10.733496
10.298371 10.404200 10.289358 9.586808 9.476587 10.181757
10.763638 10.753562 10.755638 10.377532 10.059144 9.785421
9.441733 9.547189 9.477003 9.544766 9.628842 9.960648
10.104219 9.941136 10.178227 10.646682 10.724776 10.353166
10.000450 9.936849 10.142571 10.267849 10.307610 11.409860
12.767317 13.139175 13.962702 16.201444 16.808300 16.058924
16.338297 16.784742 16.520970 15.712487 15.610821 15.690733
15.571531 15.034002 13.678676 12.696980 12.435080 11.947014
11.646850 11.627074 11.898464 12.053984 11.658992 10.847423
10.350419 10.250793 10.171765 9.746813 9.046584 8.912072
9.126027 9.273144 9.469154 9.689157 9.548451 9.481525
9.858906 9.762277 9.333440 9.412570 9.487983 9.553689
9.835400 9.712890 9.396431 9.209033 9.019863 9.133813
9.533791 9.487839 9.304264 9.461717 9.716427 9.759798
9.767956 9.907634 9.747315 9.305327 9.178114 9.082859
8.813214 8.712315 8.530447 8.282493 8.178965 8.155884
7.921973 7.926974 8.082464 8.177697 8.449144 8.367757
8.165385 8.153071 8.138107 8.105708 8.088463 8.107321
7.829670 7.627922 7.636427 7.500117 7.483319 7.536113
8.376534 8.426292 8.543170 8.544360 8.503277 8.503522
8.463757 8.583658 8.740528 9.052991 9.203213 8.974955
8.698535 8.414069 8.389636 8.410971 8.467532 8.615779
8.917332 9.053216 8.847424 8.866592 9.135438 9.271094
9.200753 9.236521 9.520799 10.160587 10.598008 10.639241
11.080836 11.584521 11.634122 11.342127 11.215603 11.991966
12.512746 12.294266 12.631594 13.671822 14.572761 16.265734
16.430078 14.912811 14.498828 14.259097 13.861786 13.901570
14.587434 15.443016 15.638864 15.323239 14.172726 12.623607
11.494567 10.957833 10.698042 10.363800 10.446689 10.040418
9.511798 9.469176 10.046118 10.387037 10.488501 10.604160
10.217463 10.136160 10.069884 9.535953 9.288359 9.211919
9.302687 9.762524 10.082689 10.142461 10.276879 10.479626
10.932782 10.989638 10.315108 9.813895 9.865789 10.252016
10.532428 10.443918 11.380595 12.945827 14.164270 15.599727
17.127887 18.178144 17.536377 16.686874 17.994814 18.575386
16.557145 15.328577 14.838560 15.009464 15.090501 14.004543
13.379094 13.106541 12.241568 11.625256 12.208458 12.631481
12.054329 11.216009 10.489081 9.919904 9.734464 9.774730
9.668045 9.242238 9.033540 9.071050 9.103240 9.293861
9.687668 9.744089 9.706535 9.806418 9.633511 9.529355
9.614641 9.634244 9.749479 9.893055 9.807239 9.529267
9.108622 8.847943 9.124679 9.619735 9.424953 9.038904
8.937460 8.847618 9.081443 9.392084 9.493295 9.532299
9.241520 9.152581 9.330894 9.210310 8.943829 8.621014
8.424625 8.337441 8.372390 8.302236 8.342526 8.247783
8.286461 8.639131 8.535495 8.307314 8.224378 8.215537
8.189473 8.167439 8.088972 7.789682 7.663403 7.755203
7.641277 7.412296 7.318370 7.926495 8.074037 8.367198
8.432982 8.461743 8.689924 8.811361 8.944130 9.126145
9.298309 9.294801 9.132010 8.847796 8.749327 8.739408
8.569108 8.535402 8.662840 8.937193 8.929367 8.700100
8.575551 8.658576 8.779581 8.840344 8.903479 8.916676
9.582248 10.569988 10.684186 10.886653 11.731935 11.954572
11.475744 11.354195 12.117865 12.709782 12.963404 13.329818
14.432349 16.607203 18.202485 17.530233 16.413682 16.272057
16.320956 14.960542 13.436837 13.310516 13.814692 14.202123
13.394540 12.512500 11.710546 10.722114 10.465663 10.517165
10.371830 10.158497 9.681641 9.432228 9.559512 9.887025
9.848684 9.784298 9.708810 9.856307 10.351893 10.350991
9.673231 9.006741 8.802395 8.806529 9.374558 9.732822
9.995401 10.673226 10.748472 10.896452 11.055727 10.559824
9.857375 9.547004 10.078941 10.394573 10.261871 10.932995
12.278216 14.836332 16.739000 17.373292 19.003858 18.528131
17.146711 18.459380 19.406093 17.236598 15.177141 15.396554
15.394394 14.835260 14.438993 13.953937 13.484095 12.682675
12.305317 12.822982 12.972261 11.822443 10.459147 9.782103
9.482501 9.455580 9.676426 9.759847 9.305108 9.161702
9.117572 9.022480 9.122914 9.224860 9.552525 9.754688
9.657338 9.563695 9.755529 9.919467 9.978079 9.923475
9.827359 9.755718 9.438124 9.119769 9.044340 9.427336
9.740808 9.468077 9.106854 8.686550 8.490165 8.673520
8.950417 9.227298 9.462997 9.383013 9.598276 9.742195
9.561903 9.297453 8.797273 8.383341 8.143538 8.373302
8.454984 8.426292 8.300260 8.314931 8.599350 8.782915
8.763663 8.372766 8.153665 8.065629 8.037871 7.958965
7.679683 7.648428 7.803997 7.812414 7.485511 7.248076
7.617070 7.914438 8.273176 8.419505 8.688647 9.027301
9.178366 9.182760 9.357054 9.445880 9.370222 9.359416
9.232667 9.328739 9.346795 9.034505 8.857305 8.995945
9.065306 8.750922 8.466244 8.196093 8.338814 8.547301
8.367441 8.539137 8.706129 9.016447 10.213538 10.873171
10.848318 11.500928 11.797370 11.340085 11.350550 11.944014
12.056200 12.745500 14.437589 15.778986 17.279794 17.551306
16.917914 17.110657 17.466333 17.141896 15.319733 13.338447
12.579243 12.333117 11.979187 11.649561 11.386833 10.883751
10.123711 9.860036 9.993617 9.932346 9.545129 9.233560
9.159873 9.286319 9.501907 9.345573 9.201497 9.296006
9.997462 10.820034 10.681558 9.715029 8.936199 8.584234
8.561142 8.869029 9.439005 10.410968 11.146526 11.091498
10.963859 10.823380 10.332962 9.731285 9.284142 9.618299
10.006671 10.559842 11.104252 11.764837 13.674825 15.044922
16.362717 18.199447 18.122742 17.956192 19.060311 19.614957
18.914984 17.857158 18.176911 17.319749 15.727727 14.792874
14.282183 14.736114 13.750344 13.105293 13.277378 12.869449
11.735530 10.257187 9.383761 8.974409 9.145835 9.572156
9.621079 9.128024 9.027692 9.043562 8.930183 8.821985
8.738106 9.031660 9.294415 9.320191 9.498813 9.776176
9.945389 10.124286 10.085839 9.957742 9.695563 9.304905
9.214324 9.301976 9.574599 9.760197 9.491967 9.131597
8.760428 8.561073 8.451637 8.509743 8.955920 9.307829
9.440365 9.685496 9.693387 9.580236 9.328563 8.803670
8.319751 8.097087 8.273970 8.209994 8.093687 8.256157
8.447681 8.377347 8.483019 8.832433 8.517120 7.974271
7.783755 7.874908 8.030754 7.868936 7.736977 7.873350
7.876374 7.594824 7.429873 7.502627 7.783686 8.309023
8.588067 8.823896 9.052606 9.141432 9.255173 9.398446
9.546637 9.671976 9.691732 9.611823 9.708684 9.587097
9.252794 9.133608 9.195234 8.989921 8.469404 8.257339
8.091955 8.289341 8.481463 8.272312 8.329251 8.514760
8.643907 9.437629 10.546127 10.893581 11.428844 12.124449
11.863817 11.726634 12.290255 12.099452 12.625682 14.691162
15.824853 16.181136 16.506285 16.097856 16.261513 16.761417
16.590999 16.000207 14.317127 12.870743 11.970053 11.228042
11.091845 11.107149 10.762216 9.870375 9.314300 9.375796
9.429252 9.070832 8.849934 8.976083 9.071064 8.913990
8.790614 8.900560 9.167127 9.794998 10.263239 10.338843
9.572391 8.789351 8.459953 8.495155 8.871659 9.447062
10.538274 11.309853 11.510782 11.249247 10.742109 10.087128
9.401231 9.129094 9.434664 9.934929 10.902820 11.674763
11.836904 12.436465 13.817208 16.265616 17.614592 18.088580
18.900426 19.265788 19.473242 19.719552 19.823920 19.206217
18.351614 17.178762 15.304121 14.640141 15.595099 14.957443
13.863138 13.723752 12.903602 11.326788 10.018949 9.357547
8.839451 8.890717 9.301095 9.169003 8.834900 8.911190
9.030685 9.096664 8.948669 8.804278 8.942765 9.128228
9.310155 9.602638 9.723371 9.937226 10.302220 10.136354
10.091411 9.735169 9.195541 9.399676 9.480247 9.467786
9.811919 9.676663 8.947068 8.592185 8.541998 8.314965
8.262067 8.659830 9.234540 9.540905 9.493257 9.425866
9.383234 9.066679 8.769488 8.540015 8.331803 8.242292
8.047166 7.887212 7.980862 8.219723 8.058785 8.121883
8.546325 8.439414 8.094268 8.007199 8.113373 8.285773
8.094153 7.852826 7.966065 7.997731 7.763452 7.582687
7.824783 7.934787 8.462503 8.875672 9.078580 9.310738
9.305708 9.288010 9.407766 9.766169 10.032372 9.942691
9.691845 9.475484 9.185955 9.010936 9.165815 9.227757
8.708113 8.158026 8.089171 8.143936 8.341973 8.619028
8.550712 8.407906 8.627677 8.750368 9.081892 10.000278
10.584226 11.063226 11.872524 12.119970 12.170885 12.434586
12.430669 12.631660 14.087320 15.637643 15.688287 15.560600
15.539137 16.744438 17.185670 16.531442 15.789649 14.052816
12.584964 11.460328 10.890249 10.418210 10.380805 10.325387
9.698603 9.139559 9.025019 9.170233 8.949017 8.713160
8.927202 8.986497 8.811619 8.744012 8.635191 8.618322
9.004232 9.272481 9.597635 9.429921 8.953708 8.697664
8.485590 8.745195 9.260014 10.109734 10.834104 11.035366
11.197262 10.739695 9.731839 9.090734 8.904084 9.296349
9.967218 10.765139 11.481209 11.707811 12.465755 13.695492
15.601668 16.616637 17.792181 19.315464 19.309127 19.465001
19.724214 19.586621 18.909003 18.877885 17.963077 15.591982
14.605143 15.535068 15.674350 14.617695 13.570967 12.083620
10.431770 9.813773 9.573827 9.047207 8.836645 8.989582
9.039950 8.989978 9.113077 9.067114 9.057242 9.069051
9.104252 9.232441 9.312048 9.414601 9.710926 9.998077
10.168194 10.281967 10.006701 10.086117 9.822263 9.243881
9.452805 9.610450 9.408886 9.426729 9.413999 8.865676
8.570107 8.448229 8.173109 8.307634 8.831755 9.226829
9.289318 9.348188 9.416941 9.488872 9.458725 9.063042
8.626650 8.256657 7.904237 7.756439 7.745812 7.705851
7.733008 7.699752 7.893312 8.228379 8.268116 8.166117
8.203939 8.350262 8.375433 8.293177 8.103477 7.916124
8.020831 7.968856 7.752213 7.960802 8.151588 8.612311
9.062904 9.325309 9.475850 9.477937 9.242770 9.239994
9.669663 10.110196 10.085812 9.854437 9.517203 9.091321
9.057862 9.138935 9.008295 8.595699 8.220308 8.228466
8.513490 8.653215 8.745181 8.542585 8.327472 8.628037
8.816851 9.092053 9.517296 9.731462 10.179333 10.893402
11.461235 11.935424 12.246357 12.583853 12.873455 14.362869
16.381440 16.453175 15.810678 16.012479 17.867974 17.546199
15.944569 14.597317 12.387558 11.291060 10.630220 10.413064
10.037758 9.620109 9.465478 9.095574 8.764098 8.731213
8.909180 8.852161 8.628533 8.877948 9.087814 9.212714
9.204926 8.509326 8.100284 8.384740 8.534907 8.783933
8.884267 8.858253 8.874846 8.584227 8.555822 8.948769
9.601116 9.867113 9.897819 10.678500 10.535328 9.507542
9.017263 9.095405 9.719944 10.118702 10.612074 11.198914
11.440522 12.700588 13.673010 15.258214 17.185230 18.311355
19.277878 19.413525 19.663550 19.481654 18.788526 19.031941
19.672640 18.538276 16.501771 15.358994 15.544341 15.217089
13.965716 12.538934 10.894224 10.070334 9.907139 9.585869
8.978087 8.638305 8.884507 9.259692 9.328355 9.152696
8.947150 8.924362 9.193191 9.260958 9.277398 9.433599
9.409773 9.483677 9.860890 10.134934 10.107258 9.961110
9.914895 9.602226 9.383048 9.472795 9.829940 9.702262
9.089873 8.864130 8.636731 8.629789 8.428458 8.323588
8.798023 9.173000 9.111832 8.882481 8.950634 9.211319
9.704697 9.744880 8.967810 8.383579 7.999318 7.552522
7.421271 7.552069 7.606447 7.593331 7.547544 7.693241
8.021046 8.109107 7.973199 8.062180 8.240428 8.284075
8.401650 8.208676 7.795796 7.941466 8.083855 7.936852
8.021366 8.198115 8.566729 8.956579 9.167930 9.136905
9.103762 8.898749 8.895617 9.293356 9.919174 10.331825
10.422680 10.160938 9.546368 9.357507 9.263576 9.015527
8.846890 8.592774 8.509815 8.784839 8.806524 8.537784
8.298989 8.205048 8.483388 8.692165 8.809199 8.928281
9.029388 9.542766 10.264687 10.827166 11.334197 12.191610
12.725040 13.022616 14.349661 15.654583 16.113023 16.047312
16.236529 17.102994 15.802861 14.216189 13.181252 11.338376
10.636010 10.424571 10.361648 10.109375 9.392482 8.796611
8.443533 8.435233 8.583026 8.582632 8.506347 8.444866
8.747089 9.108526 9.146901 8.980580 8.536976 8.257542
8.272020 8.199291 8.125584 8.150237 8.386837 8.711865
8.622969 8.441032 8.658677 9.032221 9.116022 9.503967
10.304057 10.236780 9.861355 9.478768 9.647114 10.371856
10.517013 10.755440 11.086771 11.450390 12.516308 13.145394
15.577212 18.653943 19.062044 19.316067 18.864043 18.066812
17.889835 17.912969 18.777958 18.880034 18.677461 18.545939
17.686773 17.014504 15.292314 13.111679 11.971038 10.732170
10.004962 9.841544 9.609120 9.074039 8.716892 9.159641
9.355554 9.279509 9.186263 9.284697 9.446541 9.532022
9.356356 9.430183 9.674605 9.547588 9.379662 9.428857
9.802162 9.923924 9.725086 9.539325 9.346034 9.605641
9.743526 9.801475 9.681962 9.202899 8.873817 8.477116
8.488552 8.526204 8.600016 9.043514 9.189040 8.920318
8.623322 8.737893 9.126746 9.439189 9.279740 8.668542
8.218466 7.839502 7.504536 7.492052 7.645147 7.686447
7.580641 7.539008 7.610199 7.819233 7.954047 7.822722
7.947778 8.189045 8.316807 8.502489 8.342016 7.928903
7.907166 7.970807 7.894975 8.355633 8.322884 8.563562
8.813263 8.940730 8.955328 8.882305 8.833171 8.819324
9.178534 9.845445 10.471472 10.813873 10.828572 10.322555
9.774764 9.836252 9.839246 9.530840 9.176960 8.833919
8.706981 8.756669 8.628605 8.424610 8.318576 8.507397
8.718137 8.633717 8.712221 9.021977 9.404562 9.931567
10.641260 11.081439 11.676161 12.120548 12.438490 13.132062
13.590912 14.121363 14.586442 15.214135 15.850337 14.838571
13.175186 11.880039 10.881447 10.395343 10.171724 10.124492
9.789977 9.066000 8.423525 8.185880 8.400158 8.699839
8.740005 8.587431 8.465086 8.584502 8.813577 8.792858
8.543231 8.433069 8.338724 8.231214 8.060639 7.924572
7.958106 8.034155 8.405205 8.539473 8.363958 8.403894
8.653517 8.872869 9.448633 10.053663 9.824322 9.568778
9.605367 10.056578 10.435702 10.423173 11.031990 11.194922
11.442446 12.335673 12.752169 14.807607 17.121985 18.218535
19.312176 18.024562 16.100317 16.095543 17.454730 17.936353
16.889957 17.839879 18.594552 18.577026 17.629907 14.887723
13.024748 11.952324 10.551211 9.729673 9.758258 9.533894
8.933636 8.790643 9.188373 9.203264 9.318547 9.759449
10.135361 10.104687 9.896190 9.505674 9.526950 9.791270
9.634962 9.401404 9.365257 9.433947 9.446529 9.302822
9.124839 9.330902 9.757089 9.800453 9.495469 9.434557
9.361973 9.190134 8.770945 8.580951 8.644980 8.531127
8.964747 9.253306 8.922627 8.665349 8.845587 9.253172
9.346217 8.979856 8.415967 7.959281 7.567422 7.328729
7.470859 7.705267 7.720377 7.519510 7.390862 7.411426
7.677990 7.902565 7.810340 7.930441 8.228713 8.656589
8.916243 8.656168 8.398809 8.099050 7.799028 7.764183
8.673361 8.455239 8.540806 8.670979 8.697521 8.803306
8.976980 9.131660 9.021897 9.164482 9.703186 10.405325
10.707814 10.946258 10.767039 10.300134 10.480810 10.612475
10.341458 9.897052 9.409711 9.099598 9.038969 8.955703
8.953002 8.974820 9.022180 8.989562 8.923020 9.028913
9.164801 9.609542 10.176875 10.785383 11.010089 10.870409
11.127226 11.553989 11.914968 12.376738 12.833579 13.184428
13.671349 14.437293 14.372328 12.821704 11.315707 10.722145
10.260490 10.183340 10.181741 9.363874 8.525800 8.241301
8.210699 8.307837 8.617408 8.832287 8.790388 8.530013
8.554420 8.807386 8.856568 8.684808 8.306237 8.074409
7.909066 7.781603 7.996647 8.109470 7.994422 8.209434
8.383960 8.338157 8.288652 8.507200 8.814453 9.192615
9.543652 9.444990 9.141790 9.362752 10.130231 10.426968
10.237994 10.944036 11.641891 12.045675 12.774840 12.588517
13.619491 15.453048 17.034108 18.785574 18.085955 16.802510
16.599333 17.600456 17.417126 15.962222 16.563027 17.323958
17.899656 16.913202 14.428685 13.037628 11.688876 9.827914
9.211774 9.499163 9.101631 8.532103 8.543288 8.836170
9.087311 9.453979 10.055827 10.261330 9.922208 9.969753
9.884222 9.640284 9.962571 9.901563 9.432758 9.333840
9.162680 9.200083 9.206812 8.910479 9.159521 9.474408
9.577575 9.596865 9.461482 9.215290 9.021550 8.772101
8.724342 8.758272 8.655118 9.076576 9.454496 9.347070
9.191042 9.290956 9.414103 9.245005 8.767667 8.186138
7.690912 7.336015 7.218104 7.303944 7.541641 7.709300
7.538675 7.393528 7.403382 7.463442 7.579604 7.676516
7.833011 8.170266 8.865075 9.143340 8.875882 8.736303
8.399289 7.881113 7.685975 8.838884 8.728818 8.605861
8.568868 8.552981 8.535554 8.851251 9.089981 9.073915
9.223085 9.447230 10.093518 10.472811 10.451505 10.426228
10.413008 10.676048 10.915530 10.850310 10.519630 9.847759
9.504492 9.452993 9.189958 9.319373 9.634413 9.670928
9.451736 9.471487 9.543741 9.561324 9.963330 10.389724
10.511936 10.505102 10.292570 10.648471 11.140651 11.244526
11.836308 12.444014 12.555488 12.650609 13.036339 13.221433
12.261018 11.174328 11.054064 10.723295 10.431186 10.064436
9.076447 8.407239 8.323681 8.426343 8.389248 8.365765
8.523629 8.715908 8.634203 8.560679 8.746741 8.784017
8.585787 8.176089 7.929748 7.702271 7.651411 8.078429
8.211425 8.279982 8.520555 8.435890 8.293987 8.264483
8.436379 8.713887 9.013812 9.518494 9.851482 9.564896
9.416076 9.939105 10.342936 10.300685 10.490044 11.261081
11.814968 11.768032 11.517163 12.497245 14.600326 16.005572
17.576633 17.620066 16.761004 17.197228 17.469538 16.888056
15.580266 15.402532 16.204412 16.114038 15.317077 14.326569
12.626048 10.851222 9.367298 8.768260 9.057914 8.751202
8.432881 8.366669 8.458584 8.814458 9.215639 9.872319
10.148306 9.829132 9.908006 10.308436 10.070260 10.153954
10.396192 10.011239 9.505584 9.138100 9.091452 8.932491
8.760579 9.007424 9.262176 9.516674 9.871518 9.668150
9.124673 8.630179 8.470590 8.666128 8.841697 8.876591
9.001421 9.372755 9.740158 9.656866 9.404723 9.297691
8.869853 8.397275 8.107476 7.644404 7.282905 7.240524
7.280625 7.401693 7.606321 7.641137 7.608887 7.561225
7.357546 7.235637 7.411367 7.575168 7.867241 8.402681
8.639523 8.678366 8.565536 8.394888 8.016240 7.700025
8.562962 8.624881 8.585538 8.681013 8.660831 8.492991
8.696338 9.051923 9.342769 9.543406 9.503553 9.687652
10.080109 10.008602 10.138144 10.380951 10.722200 11.123375
11.098942 10.633116 9.867987 9.599039 9.524793 9.264649
9.304339 9.634714 9.867432 9.753459 9.818954 10.015618
10.097127 10.154407 10.087830 10.047573 10.073650 10.085146
10.498975 11.139872 11.365656 11.973242 12.778709 12.544493
12.115349 12.164344 12.040989 11.306912 10.844988 11.347850
11.365396 10.658090 9.796756 8.882395 8.404017 8.322674
8.434127 8.363502 8.160800 8.246541 8.564157 8.680836
8.405956 8.206800 8.242635 8.171718 7.940377 7.796279
7.633999 7.633907 7.867779 8.027571 8.362849 8.718149
8.553656 8.344221 8.415774 8.553805 8.715502 8.940368
9.472306 9.988203 9.931378 9.774171 10.053594 10.458829
10.894046 10.681826 10.593963 10.962186 10.656118 10.717447
11.925847 13.670498 15.187802 17.165323 17.872758 16.828008
16.232150 15.675484 15.248854 14.716296 14.548328 14.572395
13.758338 13.303070 13.360003 11.907298 9.937387 9.215046
8.935037 9.058960 8.957246 8.634985 8.400355 8.311401
8.665517 8.959621 9.390117 10.047755 10.148035 9.976727
10.221599 10.059418 9.872411 10.215875 10.244164 9.484161
9.118727 9.030408 8.693684 8.785578 8.977814 9.115638
9.281625 9.359817 9.378168 9.244929 8.896412 8.837565
8.856921 8.928143 9.032211 9.061009 9.345668 9.695575
9.486216 9.219471 9.178369 8.783144 8.319139 8.006065
7.596304 7.296132 7.188856 7.114845 7.188266 7.353417
7.574825 7.674255 7.550523 7.456342 7.463788 7.557265
7.512590 7.553391 7.745746 7.906814 8.207498 8.547376
8.666144 8.430157 8.257738 8.452394 8.438906 8.592616
8.737961 8.542293 8.494716 8.781078 9.110237 9.463260
9.590248 9.658483 9.918062 9.985631 9.965459 10.078000
10.159206 10.461829 10.882635 10.919110 10.512072 10.013900
9.604217 9.170519 9.082958 9.373928 9.669710 9.818160
9.772719 9.999966 10.602943 10.568294 10.171167 10.018942
10.073765 10.155792 10.320187 10.478248 10.822869 11.391310
12.034356 12.747607 12.501174 11.836569 11.428092 11.481327
11.282771 11.120172 11.543256 11.662502 11.198588 10.001424
8.885369 8.342185 8.162449 8.146837 8.136158 8.177176
8.279592 8.472665 8.530346 8.285177 8.004887 7.985849
7.937408 7.805129 7.805731 7.708096 7.677884 7.833842
7.990107 8.208072 8.471241 8.481321 8.579834 8.989982
9.056303 8.885111 8.878764 9.111269 9.802860 10.319247
10.543091 11.006840 11.503980 11.883884 11.828539 11.033013
10.616946 10.602985 10.425547 10.817613 11.807437 13.385200
15.685983 17.837483 17.944458 15.365903 13.767676 14.078913
13.812304 13.168785 12.866583 12.719277 13.135221 13.004856
11.405671 10.022010 9.682673 9.268805 9.016439 9.281147
8.958920 8.528255 8.505029 8.776269 9.055189 9.399010
9.948436 10.213491 10.079147 9.792739 9.508237 9.566276
9.794420 9.732179 9.162401 8.873826 8.913695 9.000730
9.147350 9.157931 9.005571 8.853599 8.845918 8.968186
9.199305 9.348951 9.635141 9.777394 9.656664 9.565497
9.316182 9.152619 9.316874 9.215613 9.108494 9.059833
8.689837 8.296840 7.932318 7.558845 7.262089 7.120190
7.035004 7.142221 7.334472 7.465955 7.494529 7.411660
7.496067 7.663376 7.723326 7.655263 7.609507 7.629680
7.681482 7.894016 8.418753 8.707441 8.526443 8.433690
8.384828 8.439859 8.577084 8.518125 8.324950 8.424250
8.823025 9.013480 9.140777 9.219450 9.441240 10.022400
10.215560 10.108141 9.933726 10.045664 10.461653 10.617770
10.447366 10.269526 10.007006 9.450752 9.047705 9.180622
9.565706 9.815386 9.842577 10.022311 10.421718 10.612037
10.576372 10.329325 10.008769 9.919586 10.168606 10.244790
9.979784 10.252964 10.937116 11.346855 11.735830 11.941250
11.615976 11.242545 11.512255 11.527930 11.133680 10.947310
11.226199 11.102465 9.976929 8.936540 8.357972 8.118566
7.926041 8.173876 8.397041 8.153989 8.095603 8.342163
8.308382 8.207535 8.245913 8.043399 7.880379 7.859570
7.682876 7.615794 7.873132 8.065474 8.153378 8.250596
8.437265 9.051574 9.730195 9.819849 9.598139 9.543942
9.552237 10.132807 10.713116 11.358908 12.526488 12.946619
13.105208 12.763425 11.546661 10.631852 11.091441 11.340091
10.356768 10.467404 12.169309 13.772794 15.550357 16.595557
15.426058 13.870078 12.957635 12.275666 12.546688 12.710677
12.929273 13.542867 13.155492 12.478210 11.546082 10.632786
9.847354 9.540670 9.827555 9.527349 9.009447 9.117038
9.156485 9.281517 9.683266 9.854381 10.205519 10.374408
9.653203 9.133486 9.543961 9.782261 9.314192 8.889277
8.680553 8.628702 8.984934 9.201797 9.155540 8.891927
8.653888 8.929836 9.187988 9.454994 9.865915 10.307516
10.441488 10.400666 10.110402 9.423670 9.068781 9.243158
9.217874 8.866578 8.678142 8.617264 8.341082 7.945893
7.696652 7.467184 7.378732 7.372363 7.425951 7.455316
7.533806 7.555242 7.451164 7.511378 7.734310 7.870860
7.917138 7.805484 7.668637 7.647572 7.622973 7.970962
8.206366 8.087983 8.075359 8.189098 8.374180 8.489000
8.355385 8.416087 8.593712 8.791000 8.868297 8.815335
8.877135 9.279022 9.862920 10.051423 10.234448 10.329208
10.532892 10.797872 10.488076 10.129124 10.086598 9.943710
9.609323 9.448733 9.569484 9.777840 10.048495 10.295696
10.423011 10.544125 10.273005 10.317079 10.589929 10.078361
9.605915 9.890662 10.025655 9.776035 9.993408 10.406878
10.565410 10.962641 11.442029 11.476995 11.256303 11.177739
11.074179 10.907066 11.041995 11.024458 10.389450 9.735164
9.264888 8.724866 8.298846 7.973441 8.167092 8.370438
8.099214 7.927291 8.129389 8.346618 8.474568 8.514930
8.236224 8.092018 8.012857 7.757627 7.626536 7.831194
8.131579 8.228764 8.374297 8.795859 9.535595 10.083039
10.338784 10.526523 10.461501 10.587391 10.963706 11.350497
12.402039 13.721205 13.811266 14.414867 14.807430 13.647027
12.169578 12.002564 12.597540 11.568385 10.863084 12.890312
13.942803 13.401314 14.317304 15.796283 15.300075 12.727923
11.938496 13.013082 13.113481 13.275329 13.259533 13.638726
14.749079 13.915428 11.786754 10.496990 10.649448 11.090445
10.690409 9.870644 9.692960 9.639406 9.515328 9.577881
9.594290 9.920183 10.060764 9.351496 8.970075 9.457654
9.567274 8.878835 8.543885 8.574293 8.773790 9.057259
9.375326 9.317058 8.952826 8.871200 9.034063 9.362840
9.678042 10.287693 10.730042 10.178285 10.158666 9.992268
9.080571 8.906265 9.014776 9.155153 9.023207 8.831999
9.008567 8.639572 8.151943 8.041573 7.694313 7.539142
7.655580 7.745601 7.677061 7.705818 7.824627 7.673455
7.619677 7.844515 8.000787 8.028529 7.923195 7.690937
7.500128 7.478273 7.845560 8.071173 8.031808 8.077159
8.263363 8.393901 8.461748 8.492356 8.634195 8.690819
8.724454 8.721486 8.572199 8.588819 9.146285 9.735359
9.954384 10.572301 10.944563 10.953771 11.038395 10.776190
10.242040 10.119996 10.365814 10.112237 9.850891 9.885237
9.977971 10.270343 10.827145 10.901501 10.695502 10.498953
10.204106 10.192395 10.007100 9.756942 9.941758 9.984929
9.909778 10.031288 10.040799 10.211895 10.602218 11.036087
11.552068 11.371587 10.725077 10.463930 10.601310 10.842118
10.346388 9.663825 9.564505 9.636122 9.178644 8.385552
8.113376 8.307284 8.338628 8.289674 8.192507 8.066582
8.477865 8.715163 8.453326 8.173444 8.128660 8.130203
8.056587 7.994579 7.995431 8.210652 8.470689 8.803035
9.260171 9.700068 10.026700 10.302454 10.788265 11.147332
12.006954 12.666487 13.417353 14.244551 14.143231 13.815003
15.621336 17.206547 15.849088 13.792026 12.547539 12.520270
11.633617 11.227625 13.291403 14.323364 13.100054 13.521081
16.038472 16.417336 13.320466 11.657457 12.223929 12.829205
13.178245 12.544713 12.914293 14.445468 13.766009 11.701024
10.876732 11.072382 11.731756 11.477418 10.392429 9.874666
9.798559 9.634647 9.402206 9.316128 9.213442 9.078827
8.754766 8.709070 9.139254 9.259133 8.652412 8.264230
8.488750 9.028396 9.345322 9.748382 9.892150 9.406060
9.227918 9.259787 9.472966 9.508156 9.766822 10.140202
9.886128 9.993324 9.767146 8.887403 8.741397 8.784919
8.916249 9.040862 9.034936 9.124854 8.602390 8.235298
8.187936 7.720792 7.521254 7.676037 7.888848 7.941904
7.941001 8.057240 7.888973 7.724310 7.693257 7.742639
7.821068 7.905335 7.835573 7.500964 7.453979 7.731523
7.982652 8.071176 8.090302 8.066001 8.133770 8.208117
8.493465 8.646768 8.445511 8.497529 8.722215 8.564257
8.332935 8.845646 9.785171 10.411588 10.564530 10.511939
10.809749 10.899222 10.643795 10.441873 10.935228 11.310066
10.677298 10.192154 10.201513 10.140844 10.176729 11.141521
11.389684 10.982389 10.739769 10.249238 9.923824 9.807585
9.935865 10.107695 9.984480 9.757004 9.925963 10.122529
10.122178 10.238710 10.683982 11.461724 11.553668 10.829044
10.248805 9.995826 9.662829 9.377882 9.427689 9.508984
9.495035 9.039794 8.475062 8.355527 8.420517 8.196996
8.148352 8.247520 8.187221 8.643486 8.740569 8.359325
8.236155 8.161724 8.106838 8.148643 8.161350 8.141496
8.369315 8.714670 9.063526 9.338921 9.662173 10.394365
10.739026 11.042135 11.941951 12.782716 13.064516 13.635088
13.858309 13.083757 13.025085 15.367881 16.842578 15.813301
14.509682 12.743903 11.890447 11.597950 12.069030 13.523117
14.593926 14.132340 14.442336 16.147073 15.911732 13.657019
11.562715 11.103715 12.134581 13.224879 12.519975 11.687330
12.476962 12.315589 11.032879 11.188693 11.629681 11.789487
11.613315 10.528720 9.829343 9.567636 9.374139 9.057806
8.734747 8.652412 8.529422 8.592511 8.776239 8.992260
8.994505 8.413995 8.005656 8.288476 8.822978 9.131308
9.572475 9.797681 9.437147 9.265974 9.319091 9.429543
9.321069 9.146930 9.311929 9.747734 9.890852 9.460034
8.904227 8.796901 8.720362 8.569796 8.584756 8.511472
8.527136 8.333883 8.121483 7.976071 7.732953 7.666229
7.710161 7.887192 8.012720 8.013105 8.024333 7.854237
7.615186 7.501320 7.509320 7.585945 7.840396 7.907460
7.589734 7.463036 7.553411 7.684377 7.776125 7.803515
7.939974 7.946427 8.064804 8.231607 8.144810 8.045659
8.274978 8.579773 8.514166 8.409152 8.798149 9.573284
10.117774 10.489397 10.829862 11.179401 11.191170 10.768308
10.762169 11.537474 11.575345 10.715974 10.304932 10.515649
10.594339 10.556716 11.920755 12.233190 11.161849 10.635061
10.235451 9.956004 9.787981 9.921497 10.108674 9.896989
9.792302 10.098369 10.416694 10.295677 10.195793 10.494384
10.791496 10.657326 10.345541 10.029279 9.574881 9.209224
9.280630 9.548600 9.459060 9.230635 8.899448 8.640853
8.485729 8.325542 8.029949 7.876300 8.046195 8.365170
8.674524 8.631042 8.647352 8.600765 8.250685 8.078343
8.102751 8.287401 8.498986 8.638540 8.901305 9.429220
9.659355 10.179996 11.479275 11.756833 11.385376 11.918942
12.821220 12.973493 12.263171 12.094416 12.204016 12.695686
15.259223 16.482280 14.930629 13.782254 12.591934 12.296959
13.694112 14.717285 14.914051 15.392488 14.644414 14.028601
14.701155 14.402583 13.368984 11.911901 11.406214 12.142932
13.003301 12.216444 10.816913 10.854282 11.033285 10.547053
11.165982 12.270558 12.311275 12.035824 11.039633 9.935881
9.315722 9.198080 9.049915 8.580384 8.547930 8.481230
8.663827 8.892196 8.809428 8.724499 8.289950 7.922234
8.062886 8.537937 8.694013 8.935799 9.343017 9.175013
9.073763 9.249663 9.390955 9.254069 8.977675 9.034329
9.251322 9.222651 8.937211 8.581838 8.462789 8.490600
8.441748 8.489214 8.309759 8.172373 8.216190 8.223313
8.243570 8.082270 7.894574 7.702483 7.712554 7.915860
7.894661 7.742424 7.577434 7.469807 7.491110 7.358981
7.434007 7.784692 7.802693 7.564678 7.445491 7.471740
7.499195 7.600005 7.691729 7.962136 7.955516 7.972060
7.954942 7.775563 7.812750 8.157236 8.459698 8.548944
8.674784 8.802040 9.004827 9.434073 10.376084 11.653190
12.573151 12.797472 11.723254 10.995393 11.312502 11.010855
10.539126 10.343976 10.338719 10.508541 10.663986 12.171234
12.886663 11.721735 10.700764 10.178032 10.004816 9.881761
10.049139 10.253247 9.678617 9.568003 10.068704 10.259833
10.366085 10.375356 10.435214 10.288571 9.869023 9.558644
9.612573 9.326250 8.929339 9.144627 9.515197 9.605828
9.523479 9.337475 8.833551 8.464437 8.456393 8.201996
7.930932 8.200270 8.603297 8.686404 8.641959 8.717200
8.641452 8.284459 8.131519 8.264736 8.693042 9.037338
8.945768 9.038978 9.656208 10.063614 10.969333 11.907944
11.637935 11.112747 11.275170 12.244988 13.017708 12.669367
13.124759 13.742554 14.254579 16.701108 16.949798 13.920301
11.996910 12.147636 12.603681 14.183845 15.774581 15.133723
15.526346 15.155082 13.077730 12.577415 12.703308 12.340401
11.404423 11.602272 12.564126 12.297727 11.280703 10.374381
9.836699 9.800121 10.172051 10.835845 11.876484 12.101888
11.451805 10.811190 10.094640 9.521219 9.384836 9.209878
8.798710 8.583622 8.447896 8.568578 8.726885 8.586579
8.690589 8.677506 8.271748 8.256848 8.463364 8.471800
8.803435 9.236836 9.080521 8.994520 9.162378 9.269672
9.104151 8.907835 9.127119 9.114310 8.920915 8.992917
8.769307 8.526698 8.522909 8.435867 8.500157 8.430406
8.395281 8.575387 8.608225 8.544028 8.481695 8.138699
7.623936 7.522771 7.712223 7.735899 7.674023 7.529150
7.472410 7.483407 7.326461 7.444716 7.640141 7.652039
7.576612 7.616041 7.591672 7.477536 7.646828 7.809059
8.229792 8.164944 7.948533 7.872257 7.957075 8.078833
8.413760 8.713172 8.667451 8.718245 8.873151 9.225318
9.936022 10.619781 11.887225 13.620808 14.015298 12.092354
10.753360 11.007986 10.988493 10.991343 10.522480 10.011240
10.303900 10.730908 11.695209 12.722119 12.174368 11.063686
10.855777 10.700734 10.421722 10.272411 10.143287 9.589217
9.212048 9.862047 10.336813 10.634070 10.725258 10.367008
10.134566 9.744563 9.279339 9.257435 9.172974 8.843684
8.827914 9.097622 9.304711 9.348168 9.202735 8.667799
8.408424 8.567589 8.453769 8.210148 8.441880 8.731484
8.830075 8.857562 8.580312 8.507152 8.438265 8.341038
8.563063 8.844225 9.181589 9.378453 9.666098 10.309706
10.640122 11.120575 11.351610 10.863496 10.934220 11.174957
11.467684 12.580805 13.105104 13.978036 14.961482 15.743266
17.417046 16.496613 14.183742 12.837102 12.714053 12.775636
13.230184 14.518007 14.314801 14.971442 14.959908 13.075035
12.839439 12.997309 12.567229 11.835457 11.643942 13.042988
13.169859 11.510821 10.615431 10.271497 10.350008 10.617714
10.821303 11.184848 11.029817 10.301169 9.899885 9.872460
9.631097 9.612078 9.500661 9.137026 8.910560 8.637466
8.573260 8.710675 8.572880 8.651541 8.730031 8.571083
8.498631 8.300172 8.392307 8.887102 8.907032 8.664502
8.681919 8.601155 8.595448 8.628409 8.779646 9.006173
8.903700 8.828399 9.152519 9.093404 8.711274 8.495498
8.261202 8.202415 8.229301 8.452757 8.760667 8.761052
8.603817 8.584935 8.296672 7.765555 7.635800 7.747929
7.653271 7.597594 7.605031 7.470268 7.369132 7.361777
7.410102 7.463582 7.575468 7.694347 7.834278 7.780927
7.589964 7.719015 7.893604 8.873185 8.512906 8.029315
8.032945 8.190538 8.424721 8.825284 8.941861 8.891104
9.023813 9.250562 9.761204 10.923470 11.309113 11.593734
12.698152 13.217851 12.078251 10.736851 10.668004 10.876137
11.039618 10.522706 10.149854 10.540292 11.130866 12.013642
12.516833 11.968284 11.644960 12.136490 12.033659 11.142086
10.430854 10.116770 9.900743 9.595670 9.961252 10.347344
10.370558 10.285060 9.860134 9.815561 9.664586 9.396813
9.348321 9.070639 8.825051 8.672270 8.582941 8.518570
8.364975 8.265774 8.179230 8.207236 8.386562 8.507387
8.362916 8.449592 8.756043 9.003197 9.113492 8.690619
8.563114 8.646361 8.584499 8.652130 8.778404 9.083334
9.329361 9.956216 10.721041 11.109584 11.124508 11.226284
11.089296 11.156051 11.398859 11.312246 12.426769 13.381618
14.677962 15.946887 16.777855 18.130798 17.155637 15.088845
13.967965 13.598204 13.580915 14.119126 15.198655 16.515536
16.324685 15.888220 15.420462 15.128923 14.884373 13.786756
12.908286 12.703542 13.871719 13.471814 11.709165 10.492398
10.396495 10.881744 10.672274 10.351788 10.133391 10.027601
9.833240 9.576995 9.727070 9.672434 9.617184 9.585370
9.465297 9.307929 8.907001 8.788751 8.936273 8.717304
8.491193 8.353651 8.338047 8.140477 7.832542 8.106854
8.540420 8.423786 8.231424 8.369328 8.392624 8.380142
8.380463 8.512912 8.708069 8.629967 8.742085 9.110033
9.004490 8.737863 8.714602 8.307102 8.034280 8.228905
8.486294 8.702203 8.693264 8.442817 8.246049 8.147184
7.833305 7.711935 7.832605 7.685067 7.506039 7.481649
7.429306 7.383999 7.376913 7.406761 7.363580 7.416021
7.641694 7.774128 7.770043 7.697782 7.817809 7.972402
8.826013 8.434033 7.956932 7.982178 8.004791 8.324127
8.873466 8.976089 9.145887 9.312998 9.753988 10.529152
11.476806 11.440261 10.868103 11.346217 12.437117 12.329463
11.098822 10.682331 10.791512 10.794882 10.537695 10.513744
10.676366 11.433708 12.499548 12.435602 11.912715 12.263825
12.837067 12.426261 11.505975 10.791133 10.238110 10.053174
9.829773 9.726767 9.933295 9.654622 9.541924 9.606595
9.692914 9.858684 9.779960 9.825247 9.369596 8.908707
8.766198 8.526267 8.323653 8.001769 7.836272 7.941664
7.978562 8.116843 8.462424 8.569414 8.614739 8.902166
9.190195 9.164635 8.752950 8.737259 8.941024 8.853480
8.834893 9.504378 9.994175 10.047475 10.252031 10.587607
11.295652 11.245386 11.588422 12.165648 11.712384 11.449116
11.340874 12.427623 13.924847 15.571436 16.706896 17.705284
18.860796 18.280737 15.869746 14.432261 15.535615 16.329924
17.153153 17.513550 18.620334 18.524923 18.420668 18.821768
17.181272 15.354933 14.274058 13.489609 13.796642 14.862710
13.471472 11.852964 10.708768 10.267708 10.926899 10.899114
10.031202 9.333512 9.535538 9.856289 9.827526 9.760316
9.760538 9.857764 9.608019 9.306061 9.300722 9.119598
8.896498 8.843599 8.688780 8.519796 8.274296 8.111044
8.016051 7.825417 7.971401 8.315484 8.266715 8.154173
8.271224 8.311243 8.307605 8.310618 8.331969 8.742994
9.071169 9.107595 9.357460 9.143280 8.811429 8.742996
8.348042 8.133688 8.457162 8.734912 8.673818 8.388300
7.914563 7.691823 7.718074 7.524759 7.521644 7.665722
7.586465 7.410383 7.358272 7.420046 7.384643 7.306073
7.314120 7.272016 7.246124 7.352448 7.465978 7.581250
7.794338 7.982963 8.030513 8.043063 7.862816 7.717938
7.870702 7.877447 8.184425 8.628166 8.871516 9.179003
9.383462 10.360237 11.049178 11.152895 11.115749 10.697787
11.384197 12.813920 13.176494 12.129766 11.061535 10.940118
10.903025 10.953368 10.915370 10.645038 11.508616 12.563069
12.868547 12.543185 12.287498 12.325609 11.823263 11.368123
10.628097 9.898522 9.687134 9.431208 9.319551 9.356009
9.152754 9.332985 9.496386 9.415022 9.742357 9.702866
9.755850 9.640635 9.263703 9.102725 8.819958 8.509719
8.116821 7.933810 8.104982 8.161581 8.205814 8.534502
8.728187 8.667344 8.913578 9.148519 9.026678 8.958180
9.084846 9.288014 9.450770 9.577378 10.422367 11.682461
12.020605 11.182180 11.330791 11.782368 11.350269 12.537317
13.160782 12.115512 11.976480 11.910951 13.051410 14.387854
14.697383 16.299877 18.308757 18.984604 18.578963 16.885359
16.461645 18.150378 18.897118 19.172506 18.816778 18.325149
18.853662 19.475925 19.577872 18.531579 16.448397 15.878582
15.107995 15.060329 15.989315 14.068256 11.962505 11.010310
10.640084 11.020040 11.042411 10.461539 9.760007 9.793508
10.317614 10.239385 9.577561 9.479390 9.749599 9.308637
9.022921 9.306552 9.253517 8.762108 8.523991 8.464234
8.384986 8.233909 8.077667 8.028660 8.028231 8.042249
8.085624 8.013970 7.921601 7.938336 7.919163 7.939946
8.102420 8.276316 8.724234 9.231466 9.343283 9.746494
9.560876 8.875130 8.748003 8.498458 8.229664 8.395451
8.572751 8.444415 8.213951 7.768211 7.392023 7.372098
7.278106 7.414625 7.690028 7.625343 7.427116 7.394224
7.361604 7.242178 7.226661 7.262077 7.228287 7.166413
7.299562 7.482649 7.614604 7.769134 7.908101 7.976684
7.874123 7.733426 7.630993 7.663713 7.658469 7.874612
8.230686 8.628296 8.897342 9.181966 10.233805 10.682129
10.692204 10.748044 10.665786 11.276359 12.418648 13.048602
12.255123 11.099928 10.679002 10.812980 11.188927 10.885740
10.487029 11.188387 11.968931 12.197330 11.864920 11.657771
11.414312 10.887333 10.364235 9.666464 9.467937 9.280778
8.939828 8.919251 9.012045 9.095901 9.220815 9.121125
9.100131 9.451467 9.352290 9.420354 9.901341 9.913153
9.742537 9.417471 8.851111 8.512271 8.439216 8.509396
8.554342 8.617712 8.745084 8.860273 8.702924 8.669709
9.082231 9.423807 9.734535 10.063179 10.299827 10.972442
11.272602 11.837809 13.240242 13.328313 12.235246 12.217055
12.252381 12.061031 13.356950 13.356466 12.003915 11.876098
11.990770 12.969327 13.807442 14.187834 16.643033 18.605175
18.827868 18.751809 18.112305 18.298045 19.034507 19.128031
19.166422 19.195140 18.708104 18.849568 19.352507 19.355063
18.994810 17.863987 17.875269 17.268746 16.105032 15.557157
13.823826 12.240840 11.544327 11.456107 11.197478 10.926640
10.922445 10.454523 10.129091 10.215253 10.089737 9.372670
9.113956 9.142214 8.758324 8.685907 8.949765 8.923444
8.501980 8.228091 8.108166 8.005809 7.991603 7.902996
7.816418 8.064112 8.178670 7.970352 7.786553 7.656860
7.705167 7.843945 7.908886 8.020949 8.195759 8.742509
9.287789 9.567540 9.760585 9.405710 8.841505 8.667985
8.522477 8.083718 7.902623 8.049488 8.065735 8.073923
7.808010 7.346470 7.226263 7.216300 7.418692 7.639270
7.653997 7.578017 7.458139 7.319973 7.319736 7.507056
7.505432 7.329903 7.349427 7.656169 7.856841 7.836846
7.802248 7.795416 7.800616 8.208467 8.058007 7.786998
7.536013 7.426829 7.554659 7.926561 8.321763 8.507423
8.941032 10.031519 10.397510 10.319781 10.468364 10.446465
10.900962 11.751539 11.919400 11.363205 10.915863 10.761195
11.096152 11.116761 10.574129 10.738945 11.258209 11.260023
10.992346 10.640584 10.801993 10.666674 9.906680 9.308910
8.813773 8.760828 8.706056 8.547853 8.733040 9.084883
9.334541 9.222848 8.872538 8.844093 9.131719 9.207146
9.440794 9.902079 10.055273 10.223068 10.171128 9.743679
9.253942 8.940300 8.845571 8.721998 8.792076 8.827045
8.782332 8.663345 8.727507 9.332222 10.021573 10.595283
11.072775 11.612342 12.822307 12.889625 13.208604 13.591304
12.535568 13.135867 14.239924 13.470482 13.063482 13.289627
12.832663 12.236362 11.632960 11.571953 12.328395 13.071590
13.894528 16.645168 18.731318 18.932249 18.996694 18.851985
18.827372 19.052688 19.123165 18.975683 19.076084 18.568080
18.059236 18.318894 18.096630 17.566476 17.705240 18.421056
18.345408 17.574321 16.243964 14.282757 13.353861 12.805527
12.270596 11.618700 11.170217 11.213537 10.558698 9.676992
9.363245 9.287672 8.924599 8.667151 8.617642 8.576363
8.496268 8.440209 8.312537 8.120276 7.908033 7.786090
7.789179 7.790143 7.822494 8.040411 8.351913 8.414477
8.183938 7.872308 7.626491 7.585925 7.830000 7.948263
7.924191 8.100741 8.755261 9.248074 9.477733 9.397706
8.867690 8.523376 8.233414 8.212388 7.802737 7.317695
7.452277 7.563551 7.716210 7.773940 7.636814 7.476096
7.395374 7.562784 7.626066 7.580426 7.559294 7.410438
7.247567 7.354841 7.621911 7.623070 7.523837 7.671869
7.972888 8.091421 8.043510 8.089771 8.197471 8.240324
8.616481 8.408427 8.077354 7.858511 7.687258 7.690139
7.944029 8.394989 8.643022 9.101920 10.111131 10.312939
9.924693 9.935764 9.928337 10.418666 11.047246 10.874904
10.792999 11.214707 11.106500 10.964479 10.968689 10.757836
11.120237 11.184977 11.235025 11.255104 10.592331 10.302603
10.179591 9.657949 9.242051 8.763706 8.543614 8.621701
8.524686 8.597544 8.699139 8.775483 8.805525 8.719154
8.634257 8.797527 9.091303 9.421597 9.607234 9.653838
10.485425 11.210230 10.930073 10.165008 9.617362 9.349340
9.231658 9.121429 8.821127 8.839624 9.105969 9.322050
9.571135 10.175407 10.709846 10.971718 11.885797 13.628809
13.651636 13.310561 12.961387 12.046125 13.829101 15.861970
14.555122 13.409544 13.626775 12.901686 12.419150 12.394068
11.700611 11.993043 12.682130 13.404221 16.682178 19.015062
19.232351 19.349713 19.122446 19.010472 19.187561 19.256794
19.033690 18.984641 18.265808 16.936036 16.116647 15.665963
16.092639 17.540435 18.643442 18.385402 18.196755 17.030487
14.566859 13.370358 12.458208 11.564318 11.264411 11.196510
11.027897 10.155124 9.214290 8.764577 8.507723 8.362532
8.157924 8.076467 8.326608 8.464638 8.270374 8.050099
8.032864 7.896521 7.876456 7.884064 7.886556 8.042944
8.360966 8.579804 8.451488 8.337287 8.086427 7.765175
7.566704 7.713929 7.855169 7.838284 8.120722 8.536897
8.878607 9.101773 8.970225 8.477232 8.058405 7.923632
7.802416 7.356903 7.188245 7.367107 7.533028 7.741320
7.842628 7.919599 7.748051 7.550530 7.546367 7.560145
7.539406 7.531727 7.515084 7.281611 7.258670 7.458513
7.560416 7.623240 7.709030 7.973906 8.316053 8.437359
8.341434 8.484256 8.681320 8.642632 8.464059 8.197254
8.043579 7.912274 7.967889 8.120050 8.448987 8.849987
9.370271 9.948048 10.164605 10.061155 9.701173 9.433767
9.745709 10.141589 10.079438 10.569000 11.660657 11.190566
10.214399 10.462688 11.008601 11.703407 11.561449 11.556442
11.465575 10.464200 10.140954 10.017619 9.794753 9.645732
9.277120 9.107449 9.035301 8.719018 8.546200 8.460771
8.259730 8.288907 8.514008 8.614675 8.640277 8.906271
9.431118 9.710464 10.036908 11.034748 12.023775 11.952111
11.199720 10.660631 10.144163 9.761287 9.342444 8.939004
9.220684 9.736962 10.038315 10.299314 10.717740 11.262878
11.573157 12.385456 13.824004 14.051555 13.550748 13.594525
13.622362 14.950525 16.539068 15.395178 13.475720 13.757421
13.571790 12.878694 13.075754 12.470522 12.480749 12.021342
12.739001 15.497749 17.786532 19.201947 19.476362 19.208447
19.203677 19.509565 19.566819 19.234191 19.010345 18.847434
17.950846 16.593245 15.818373 16.946256 18.568165 19.022881
17.967417 16.986193 15.954214 13.811369 12.075044 10.911386
10.312492 10.241006 10.331828 10.059703 9.393550 8.853316
8.464465 8.246988 8.206307 8.062355 8.016568 8.152402
8.187285 8.123518 8.150492 8.230840 8.178394 8.283659
8.280382 8.329412 8.449160 8.621444 8.924882 8.762424
8.617257 8.401503 8.029517 7.839240 7.784862 7.804885
7.897012 8.108432 8.300183 8.736665 9.136794 8.862440
8.335750 7.931412 7.764036 7.453810 7.173796 7.448697
7.704126 7.759690 7.865544 7.832943 7.933641 7.832464
7.570640 7.463511 7.399756 7.515922 7.588159 7.610263
7.427021 7.311045 7.413258 7.516085 7.559591 7.598201
7.854139 8.215142 8.653528 8.728091 8.722379 8.907138
8.380334 8.225881 7.995396 7.912627 7.891299 8.026741
8.180193 8.210530 8.455339 8.950875 9.455934 9.699997
9.999036 9.876548 9.544556 9.702926 9.722924 9.818318
10.694406 11.660933 11.282165 10.270332 10.135895 10.830499
11.790939 11.896357 11.656276 11.078752 9.951995 9.623746
9.720871 9.866973 10.094330 10.033906 9.590840 9.290184
9.111954 8.953931 8.837884 8.509507 8.447990 8.654294
8.834072 8.969980 9.221897 9.760042 9.971335 10.296653
11.263972 12.094860 12.282553 11.775831 11.317442 10.686318
9.779065 9.268334 9.016766 9.312403 10.058215 10.839204
11.828786 12.036169 12.208690 12.261300 12.557972 13.992819
14.968989 15.223912 14.962565 15.118334 16.450832 17.201549
16.360931 13.706204 12.462979 13.010992 13.462023 13.651164
13.067132 13.393890 13.132089 12.939698 14.067886 16.455253
18.692822 19.278063 19.066390 19.098116 19.387780 19.511699
19.324352 19.020950 19.033221 18.939597 18.533712 17.353581
17.840376 19.255787 19.240116 18.518238 16.818409 15.556419
14.427245 12.201038 10.443389 9.954495 9.761475 9.584989
9.374629 8.951738 8.541267 8.492577 8.548056 8.321783
8.127520 8.073813 8.178830 8.228406 8.206048 8.240533
8.259093 8.348529 8.453494 8.533344 8.637835 8.696194
8.838837 9.012719 9.028827 8.985157 8.773891 8.460267
8.249088 7.999551 7.972462 8.124868 8.015844 7.967888
8.332240 8.886839 8.662167 8.131918 7.986196 7.858091
7.575599 7.440185 7.606943 7.760348 7.761436 7.659090
7.666169 7.899860 7.884803 7.630968 7.557209 7.450345
7.449223 7.531828 7.449984 7.360096 7.272909 7.293452
7.451230 7.458667 7.491294 7.866020 8.197617 8.814287
9.279980 9.331490 9.491999 8.506310 8.345778 8.070788
7.892002 7.872920 8.049769 8.197156 8.103177 8.122789
8.453799 8.915886 9.174736 9.645317 9.889461 9.645798
10.006731 10.402387 10.523213 10.732391 10.614906 10.404330
10.363869 10.336894 10.432010 10.862863 11.318450 11.336928
10.827750 10.045415 9.545838 9.441749 9.530907 9.834951
9.962506 9.762378 9.456952 9.085847 8.974346 9.124524
9.079978 8.805048 8.849911 8.965656 9.245129 9.438794
9.554481 9.836888 10.210431 11.682360 12.385889 11.839437
11.418002 10.910110 10.371731 9.577453 9.254852 9.398768
9.601580 10.720509 11.846812 12.776835 12.951496 12.722694
12.480101 12.626114 14.111649 15.410490 15.853143 15.569296
16.719832 17.776845 16.561272 14.872106 12.700929 11.460868
11.905438 13.062284 12.980809 12.333730 13.496757 15.013599
14.850088 14.949985 15.915456 17.667653 19.290811 19.077541
19.100931 19.203409 19.333324 19.421920 19.231618 19.154496
18.851137 18.597562 17.567473 17.240690 18.600043 19.244829
19.357004 18.111976 16.550114 15.485395 13.505937 11.084327
9.827370 9.544210 9.297951 9.212766 8.999883 8.838036
8.977879 9.077389 8.782420 8.437761 8.155326 8.117463
8.325615 8.370912 8.315167 8.391001 8.549439 8.597809
8.865645 8.904242 8.639135 8.812026 8.892954 9.058285
9.198017 9.040515 8.791167 8.471685 8.174894 8.128127
8.101976 7.784168 7.633281 7.850947 8.215260 8.085237
7.702565 7.606126 7.631253 7.487045 7.320765 7.484579
7.695519 7.545040 7.355279 7.528511 7.808653 7.848531
7.765550 7.818667 7.756181 7.458062 7.504621 7.501396
7.370385 7.401803 7.438584 7.530570 7.480154 7.471004
7.783017 8.350004 8.942886 9.379139 9.585306 9.634536
8.846312 8.704285 8.518639 8.324103 8.299601 8.439175
8.387286 8.272857 8.354304 8.584166 8.752737 9.172375
9.601480 9.600857 9.486335 9.977204 10.869722 11.115242
10.727387 9.949713 9.661076 10.172338 10.462550 10.461623
10.698179 11.152756 11.038945 10.502021 10.120896 9.876347
9.585107 9.474313 9.397284 9.275751 9.451811 9.153480
8.636477 8.742765 9.240861 9.439189 9.113622 9.088528
9.185788 9.326316 9.287924 9.168408 9.447535 9.998947
11.492859 12.212845 11.402439 10.481130 9.861999 9.802259
9.378932 9.095630 9.490232 9.798419 10.750152 11.791552
12.600055 12.942585 12.927428 13.035445 13.461420 14.172675
15.484182 15.950501 15.965082 16.953406 17.021934 15.497349
12.865647 11.526295 11.229499 11.114994 11.926281 11.671689
12.031916 13.749552 14.992610 15.516915 16.468563 16.829022
17.609367 19.145934 19.101616 18.984227 18.969178 19.215113
19.364954 19.293676 19.168268 18.872345 18.150912 16.758641
15.868009 17.429983 19.064987 19.221251 17.981138 16.928800
15.633872 12.998222 10.700068 9.400535 9.034627 8.811260
9.042428 9.045501 8.916165 9.068941 9.198539 9.229490
9.058405 8.633701 8.298445 8.286687 8.416700 8.475529
8.660207 8.797686 8.850916 9.088447 8.997419 8.969405
9.340163 9.340114 9.326169 9.281356 8.996019 8.762420
8.493395 8.207849 7.993457 7.835932 7.701734 7.677405
7.763991 7.728992 7.662098 7.570509 7.448349 7.447857
7.258580 7.060840 7.304465 7.579863 7.433351 7.252575
7.326242 7.517583 7.656798 7.948688 8.160865 8.183459
7.816905 7.661613 7.702818 7.521605 7.555697 7.603713
7.705324 7.761963 7.890909 7.988172 8.253701 8.642760
8.850536 9.121006 9.277900 8.820668 8.774309 8.876781
8.674239 8.520344 8.833613 8.959240 8.783446 8.907819
9.103601 9.019693 9.095363 9.071540 8.983245 9.194537
9.647011 10.397656 10.680779 10.463776 10.067937 9.663007
9.864974 10.239464 10.890420 11.486642 11.428598 11.282154
10.723821 10.165878 10.251349 9.999522 9.767165 9.487660
9.101058 8.933176 8.705963 8.664541 8.831717 9.378342
9.624201 9.328351 9.460192 9.590196 9.516151 9.630676
9.652286 9.719955 10.179374 11.139523 11.483947 10.798643
10.225291 10.125967 10.079981 9.672467 9.615055 9.692584
9.570393 10.077662 10.906255 11.940751 12.425053 12.553980
12.949035 13.135617 13.452363 15.094622 15.919794 16.171391
16.272374 15.134770 13.754832 12.160854 11.856846 11.657664
11.809466 12.253077 11.304659 11.859909 14.864282 15.239520
14.642192 16.399040 17.256072 17.148295 17.739282 18.595014
17.957280 17.284507 18.571177 19.484888 19.304036 19.091135
18.916305 17.994729 15.900189 15.387586 15.824693 16.056334
17.200061 16.637862 16.117868 15.165761 12.133987 9.928962
8.942541 8.737289 8.666435 8.848463 8.886059 8.712707
8.821221 9.026008 9.271688 9.266863 9.213934 8.908557
8.530933 8.512709 8.625843 8.828376 9.011896 9.157152
9.225697 9.239054 9.579624 9.887858 9.769540 9.613452
9.116070 8.632150 8.591552 8.484673 8.205851 7.832960
7.682059 7.721299 7.732613 7.772682 7.722532 7.706265
7.597361 7.397397 7.410698 7.440221 7.391886 7.408407
7.450205 7.332295 7.210297 7.272872 7.420876 7.702178
8.164351 8.377519 8.345449 8.081838 7.834346 7.851347
7.935696 7.861493 7.728534 7.777427 7.892308 8.283561
8.393873 8.175500 8.187137 8.294929 8.565497 8.796574
8.386344 8.587270 8.906087 8.668738 8.367892 8.818858
9.270280 8.974635 8.945940 9.183725 9.037243 8.772483
8.755487 8.833157 8.943064 9.317897 10.055606 10.334518
10.154855 10.104034 9.615617 9.345211 9.783253 10.712895
11.571888 11.618877 11.692958 11.124648 10.263194 10.414603
10.053746 9.554615 9.436545 9.156783 8.943737 9.088262
9.167814 9.320241 10.037853 10.075240 9.686005 9.812203
10.045721 10.265681 10.737529 10.746971 10.519350 10.945854
11.453520 11.366535 10.778081 10.731069 10.766647 10.484349
10.117369 9.817975 9.585803 9.260260 9.808014 10.697057
11.107172 11.557213 12.698443 13.208627 12.834944 13.069960
13.830157 13.977286 14.612077 14.923643 13.637417 12.307708
11.738182 12.281435 12.478657 13.013188 12.753386 11.074697
11.755404 14.897136 14.788478 13.873252 16.125607 17.492846
17.164897 16.953685 17.292783 16.654148 15.699683 16.642706
18.047637 18.661332 18.920569 18.819200 18.023728 15.493854
14.386475 14.360079 14.160511 15.450347 15.818719 14.688096
13.275473 11.649968 9.903282 8.989134 8.745528 8.456736
8.428542 8.498702 8.535889 8.650063 8.914695 9.079616
8.979073 9.117575 9.040668 8.764331 8.524577 8.604275
8.873438 9.134289 9.532550 9.555833 9.571629 9.936829
9.832952 9.419840 9.318454 8.828632 8.324987 8.321188
8.279010 8.165213 7.838396 7.619667 7.584564 7.595963
7.830185 8.050688 7.963330 7.546287 7.226600 7.257664
7.562861 7.733046 7.651462 7.535729 7.290911 7.279864
7.446815 7.448669 7.825008 8.190819 8.254586 8.236235
8.294415 8.368465 8.269700 8.530500 8.412994 8.006035
7.943180 7.961767 8.188727 8.309095 8.254774 8.109600
7.970901 8.197777 8.451657 8.368057 8.711762 9.278063
9.140199 8.597907 8.782382 9.200068 8.930957 8.694278
8.895991 8.972971 9.353463 9.805502 9.241788 8.794557
9.297675 9.808950 9.961224 10.127662 10.034426 9.521052
9.183118 9.477897 10.229801 11.026690 11.477059 11.653206
11.010922 10.257197 10.303662 9.936778 9.334786 9.108711
9.163726 9.343457 9.924530 10.222550 10.113672 10.291263
10.130211 10.115462 10.260113 10.440624 11.191473 11.586151
11.295930 10.917069 10.857341 10.826413 11.037921 11.550202
11.320936 10.602769 10.323703 10.201364 9.623897 9.272559
9.502709 10.105590 10.634967 10.571826 11.053639 12.510610
13.182590 12.921795 12.712161 12.728418 12.428959 13.065175
13.666229 13.147530 13.073040 12.734358 12.179368 11.876233
12.202852 11.826376 10.920985 11.960913 13.212473 12.823119
13.928944 17.137834 18.719986 18.542122 17.315324 16.879389
16.692630 15.435703 15.269706 16.896299 18.616563 18.973683
19.067502 17.892115 15.642727 14.449071 14.508370 14.167752
14.346290 14.628858 13.203340 12.132383 11.467885 10.078612
9.150390 8.800901 8.544849 8.572047 8.473495 8.594233
8.773220 8.868868 8.734517 8.475951 8.380343 8.404823
8.499251 8.343303 8.446573 8.942282 9.574253 9.992644
9.848575 9.476670 9.597370 9.507658 8.959159 8.817226
8.569755 8.292039 8.185739 8.137501 8.112321 7.780706
7.627072 7.606787 7.670816 7.943442 8.113426 8.016648
7.639629 7.315548 7.385112 7.628526 7.683799 7.777886
7.830308 7.728395 7.759684 7.792525 7.705256 7.864207
7.949671 7.934625 8.350519 8.996368 9.611334 9.658566
9.167848 8.557418 8.174237 8.094397 8.039854 8.043404
8.240222 8.328702 8.066500 7.807678 8.056031 8.399805
8.329649 8.746987 9.494615 9.498377 9.123835 9.223943
9.669825 9.659216 9.292942 9.205908 9.579211 10.699952
11.184182 10.469239 9.715997 9.687399 9.822752 9.751855
9.786177 9.401183 8.999586 9.138893 9.632993 10.067821
10.500044 10.822592 11.212099 10.997129 10.380717 10.220511
10.078158 9.855562 9.263540 9.261546 9.677491 10.152016
10.650911 10.288088 10.061362 9.993770 10.054437 10.195077
10.220907 10.786325 11.143668 11.342942 11.072173 10.579414
10.358787 10.485617 11.422401 11.272605 10.525547 10.439172
10.158200 9.795476 9.701980 9.991286 10.504662 10.698056
10.891246 11.627779 12.096193 12.374212 12.457031 12.041085
11.831876 12.248916 13.271270 13.981487 13.806986 13.983907
13.551656 12.350753 11.733239 11.586247 11.156838 10.684430
11.048340 11.431347 11.785294 13.504414 15.879529 16.995646
17.680548 16.801887 15.850267 15.837753 14.777091 14.079474
16.266547 17.982838 18.123535 18.579884 18.046697 17.552288
16.842951 15.637786 13.873518 13.924361 14.544598 13.093935
12.275614 11.768608 10.041592 8.883223 8.768633 8.835810
8.728398 8.424669 8.482895 8.712104 8.718131 8.451001
8.121700 7.819986 7.705089 7.964263 8.145161 8.359533
8.863668 9.673863 10.183425 9.922893 9.276265 8.943927
9.077089 8.948531 8.796427 8.798126 8.772878 8.591116
8.374087 8.058051 7.650405 7.648786 7.842952 8.000462
8.015891 8.020301 8.105672 7.937701 7.608664 7.665735
7.783216 7.718009 7.995446 8.303216 8.202945 8.204104
8.157104 7.965550 7.914309 7.745806 7.769873 8.436599
9.195981 9.776232 9.979835 9.242891 8.699266 8.644174
8.278194 7.928618 7.970187 8.196016 8.088171 7.937121
7.992774 8.087053 8.182499 7.806803 8.295029 9.083322
9.243256 9.449676 10.029408 10.788291 10.820019 10.129281
9.687046 10.074230 11.272567 11.767807 11.486014 10.721394
10.300548 10.414466 9.972583 9.243642 8.661702 8.497742
9.014444 9.696520 9.909853 10.146754 10.369839 10.717153
10.654740 10.105537 10.091735 10.092981 10.194559 9.910438
9.912579 10.118483 9.997664 10.187686 9.914450 9.847275
9.801289 9.704030 9.687507 9.541039 9.655049 10.370089
11.383160 11.087763 10.430349 10.444249 10.508123 10.728120
10.693001 10.588539 10.643198 10.328655 10.135021 10.010050
9.907835 10.291051 10.701711 11.129634 11.639853 11.741155
12.064463 12.212008 12.267252 12.041940 12.312341 13.990857
14.603536 14.138410 14.142573 13.305176 12.088480 12.303860
12.162100 11.239805 10.582848 10.397375 10.664406 11.080223
11.992539 12.742205 13.100682 14.208361 15.788364 14.962509
13.787783 13.014727 11.782684 13.537429 15.125377 16.425395
18.027436 18.490765 18.823288 17.663813 15.934126 14.368555
13.843698 13.689671 12.449848 12.118492 11.615530 9.760016
8.556880 8.534411 8.756452 8.517093 8.267104 8.313717
8.400695 8.441385 8.306276 7.946701 7.618995 7.552527
7.771389 8.003475 8.194054 8.575650 9.265056 9.851249
9.572518 9.105427 8.877106 8.913711 8.955423 8.879191
8.999106 9.034081 8.742326 8.335939 7.878518 7.500041
7.562162 7.808498 7.894728 7.939627 8.145502 8.078671
7.984600 7.886230 7.740342 7.752303 7.785609 8.197346
8.597738 8.622415 8.650256 8.417854 8.049382 7.920225
7.752474 7.800979 8.139062 8.583171 8.830502 8.941365
9.091642 9.081536 8.953747 8.586433 8.081050 7.795701
7.789364 7.789700 7.974909 8.072375 8.061253 8.177264
7.717326 8.130043 8.808817 9.153473 9.621968 10.745311
11.755533 11.637429 11.375266 10.840412 10.495382 11.185506
11.650816 11.884148 11.401460 10.547402 10.370277 9.969528
9.131619 8.543737 8.448163 8.894942 9.415536 9.707716
10.149666 10.455578 10.542965 10.271473 9.757811 9.804181
9.934303 9.925950 9.962028 10.155963 10.180487 10.040098
9.994326 9.620074 9.393847 9.320936 9.292419 9.380651
9.219933 9.187110 9.805902 10.649942 10.329837 9.664021
10.012151 10.445923 10.550166 10.927826 10.793974 10.500719
10.461020 10.313327 10.075880 9.868987 10.252620 10.781840
10.999034 11.183502 11.323254 11.871097 12.026575 12.354319
12.851295 13.072488 14.579976 15.524031 15.438286 15.156710
13.772055 12.386690 12.690573 13.018841 11.855669 10.432552
10.101625 10.173257 10.308454 11.112024 11.226547 10.981761
11.596925 13.726667 14.125351 12.588861 11.386212 10.876265
12.349253 13.489221 15.810590 18.417474 18.854115 18.850535
17.712174 16.035965 15.406780 14.205549 12.305976 11.306871
11.094139 10.678046 9.460555 8.435028 8.329955 8.329425
8.174940 8.262271 8.436322 8.406668 8.400488 8.378959
8.010528 7.764847 7.748857 7.746655 7.791997 8.090204
8.638315 8.988644 9.430404 9.580941 9.299601 9.045939
8.984145 8.977773 8.839212 8.756954 8.921660 8.599905
8.045609 7.761718 7.430531 7.390195 7.516663 7.713654
7.977397 8.273281 8.372693 8.345722 8.073625 7.766833
7.805612 8.066107 8.484432 8.851972 8.983013 8.918073
8.570069 8.186238 8.083523 8.009096 8.076986 8.076246
8.298179 8.570188 8.848117 9.192325 9.000995 8.882750
8.831109 8.266554 7.614304 7.501796 7.594393 7.684159
7.679477 7.800462 8.014303 7.827071 8.310831 9.030837
9.515618 10.141306 11.218653 11.927523 11.916555 12.277730
11.953177 11.218215 11.247305 11.348114 11.997511 11.974980
10.800538 10.267470 9.984562 9.313949 8.661157 8.400813
8.702511 9.238609 9.581245 10.084796 10.357396 10.282446
10.216750 10.017274 9.972386 9.990109 9.777739 9.602438
9.696198 9.939616 10.044357 9.850742 9.405362 9.118878
9.087471 9.130304 9.236624 9.129538 9.118559 9.309899
9.549261 9.325057 8.850220 9.267258 10.145470 10.536481
10.812603 10.556272 10.384500 10.531800 10.452969 10.238652
10.193223 10.867677 11.352571 11.103408 11.295294 11.901440
12.084635 12.040187 12.271320 14.398357 16.717603 17.458578
17.145973 16.265192 15.297082 13.961142 13.088219 13.725273
13.983577 11.975952 10.230220 9.950392 9.744902 9.754996
10.838223 11.616931 11.655673 11.798863 12.100934 12.284277
11.820880 10.804432 10.566112 12.217493 13.771955 16.336843
18.602511 18.065735 17.771730 17.331994 15.726938 15.361761
14.533983 12.559878 11.209178 10.402007 9.931443 9.080280
8.447935 8.061366 7.707130 7.698052 7.989185 8.345451
8.525850 8.598209 8.423633 8.040479 7.931685 7.815667
7.573477 7.590344 7.953615 8.426568 8.669206 9.269663
9.886117 9.765160 9.385720 9.030459 8.849839 8.594291
8.373924 8.544765 8.367200 7.907765 7.596466 7.324452
7.257144 7.323335 7.703774 8.026171 8.266078 8.759974
8.901729 8.349984 8.027692 8.153344 8.448571 8.738685
8.970684 8.922565 8.698299 8.549660 8.324882 8.354985
8.378631 8.345638 8.328802 8.397520 8.725055 9.233431
9.466128 9.311243 9.115729 8.835121 8.294961 7.723051
7.479091 7.508885 7.420602 7.320891 7.437492 7.526254
7.730542 8.428141 9.430977 10.159186 11.266180 12.057641
12.095281 12.344846 12.302213 12.118405 12.142306 11.729766
11.560256 12.091613 11.848288 10.799984 10.422308 10.125588
9.385820 8.762294 8.494125 8.717575 9.466763 9.981890
10.380241 10.228989 9.939801 10.218684 10.389910 10.271932
10.004930 9.842063 9.813020 9.736863 9.521416 9.491612
9.505078 9.238982 9.138113 9.160635 9.113620 9.095695
9.040505 9.028180 8.890699 8.860079 9.016897 8.858525
9.012694 10.016512 10.550325 10.214371 9.752432 9.869648
10.155851 10.282561 10.167973 10.051361 10.721489 11.269686
10.924309 10.923841 11.647507 12.359827 13.001745 13.178123
15.071786 18.340566 18.952407 16.735044 14.843209 13.684264
12.518512 12.462602 13.521979 13.352807 11.620025 10.732746
10.393900 9.831508 9.857930 11.018086 12.162872 12.132041
12.205299 12.284207 11.862375 11.570630 11.020059 10.840791
12.590391 14.660453 15.798063 16.018391 15.153359 15.688581
16.477708 14.710142 13.660509 12.959609 11.784206 11.130067
10.752758 10.228089 8.920280 8.313885 7.797088 7.463676
7.558425 7.743704 8.048871 8.344902 8.470980 8.236391
7.966932 7.838922 7.614388 7.450251 7.458352 7.575124
7.858924 8.303553 8.998400 9.743341 9.945042 9.508221
9.018748 8.663490 8.266132 8.112080 7.968961 7.876444
7.764349 7.444043 7.284601 7.355368 7.405807 7.693040
8.012396 8.142690 8.467826 8.760583 8.491836 8.277319
8.407471 8.664729 8.969379 9.109281 8.970969 8.595058
8.548501 8.545637 8.360571 8.258842 8.164562 8.148315
8.191383 8.596329 9.136988 9.723815 9.908663 9.445223
8.845777 8.252094 7.774611 7.379834 7.436434 7.428152
7.295497 7.291321 7.273106 7.912173 8.344372 9.176536
10.230393 11.346074 12.259453 12.467662 12.810139 12.563942
12.067642 12.030633 11.600307 11.851920 12.164665 11.966327
11.220729 10.495206 10.232026 9.779018 9.254843 9.028545
9.080783 9.621323 10.266392 10.654280 10.247036 9.961827
10.354097 10.425552 10.054893 9.763076 9.850498 10.168141
10.145627 9.408634 9.015092 9.122056 9.153234 9.243975
9.234988 8.822975 8.627741 8.816203 8.878266 8.732143
8.785681 9.051113 9.095620 9.287509 9.905713 10.320297
9.951071 9.335144 9.442712 9.638649 9.943273 10.063261
9.889255 10.559192 11.084613 11.029091 11.106849 11.073551
11.802489 13.005143 13.887635 15.214299 16.486932 16.154133
14.711730 13.769051 12.562246 11.810528 12.229659 12.561878
12.582414 11.860882 11.265991 11.196671 10.570522 10.701649
11.728690 12.189652 12.100611 12.693395 12.742171 12.212876
11.958716 12.314733 13.332377 14.031786 14.816213 15.033927
14.382114 14.685887 15.118963 15.014346 14.102547 13.233514
12.040770 10.519195 10.556685 11.107319 10.499939 9.016662
8.362102 7.875542 7.560161 7.599074 7.677764 7.782654
8.080028 8.225794 8.169825 7.976528 7.731292 7.589749
7.547770 7.416835 7.366860 7.533467 7.884693 8.510483
9.302413 9.825972 9.629616 9.445074 9.003510 8.384572
8.219331 7.808753 7.558564 7.552490 7.462230 7.492754
7.737028 7.886101 7.876950 8.080639 8.215704 8.249794
8.437100 8.422377 8.309720 8.550924 9.233800 9.505089
9.406067 9.217919 8.801665 8.705782 8.673664 8.264177
7.948682 7.953132 7.962425 8.096424 8.510034 9.037928
9.617101 9.590479 9.295495 8.850666 8.082804 7.641296
7.406135 7.457655 7.440163 7.355453 7.301435 7.233015
8.015959 8.140333 8.892088 9.830415 10.276250 11.164385
11.849902 12.230902 12.236616 11.889112 11.517870 11.248699
11.809047 11.872837 11.923752 11.876130 10.973137 10.371560
10.150547 9.794049 9.599003 9.563197 9.687389 10.292044
10.559600 10.287682 10.230645 10.372370 10.309628 10.349248
10.353248 10.069131 10.165511 10.059229 9.347464 8.858171
8.913160 9.151634 9.387297 9.278456 8.612852 8.311315
8.532726 8.699554 8.991891 9.263077 9.114414 9.152091
9.443617 9.661252 9.917009 9.704093 9.369417 9.452623
9.778129 10.274594 10.204048 10.001138 10.930618 11.156879
11.057517 11.154017 10.332693 10.512397 11.944802 13.489219
14.605324 14.773497 14.067378 13.665331 13.267404 12.798427
12.733994 12.797025 12.782461 12.814207 12.067852 11.157599
11.384247 11.192055 11.373385 12.075614 11.901612 12.577179
13.560512 13.542188 13.447252 12.906864 13.280954 15.467876
16.113801 15.839161 16.468802 15.846781 15.683917 15.173704
14.080154 13.453900 12.717444 11.938072 10.997545 10.592603
10.818137 10.441306 9.332817 8.626319 8.005612 7.607543
7.564297 7.683233 7.777055 7.926380 7.949654 7.885014
7.765210 7.637786 7.559066 7.587168 7.596270 7.536650
7.601020 7.803662 8.216270 8.808715 9.284139 9.582694
9.601972 9.004199 8.307948 7.915941 7.471133 7.285150
7.347738 7.446776 7.598715 7.851088 8.035518 7.864906
7.933372 8.188898 8.189675 8.234097 8.270368 8.183308
8.654564 9.498015 9.619780 9.288933 9.112610 9.042650
8.923353 8.863983 8.524602 8.269522 8.290697 8.385799
8.783278 9.140635 9.466855 9.642833 9.280942 8.943952
8.594357 8.095086 7.752504 7.530866 7.527549 7.537479
7.545435 7.472528 7.401216 8.383143 8.423587 9.016358
9.953821 10.329360 10.583076 11.057071 11.366226 11.313009
11.320215 11.262545 11.256513 11.539092 11.729130 12.033724
11.763682 10.966958 10.332698 10.049061 9.842105 9.910781
10.110624 10.025184 10.376155 10.383216 10.306087 10.565760
10.195164 9.942916 10.468273 10.657701 10.311089 10.094860
9.643267 9.078762 8.865350 9.219966 9.572724 9.618685
9.238280 8.625347 8.520226 8.735863 9.021297 9.475835
9.815788 9.466851 9.183949 9.240804 9.123014 9.318140
9.557832 9.736699 9.823426 10.441767 11.000442 10.377557
9.974104 10.708755 10.633559 10.211009 10.051610 9.111661
9.293398 10.786589 12.435479 13.396497 14.309973 14.041035
12.829598 12.841832 13.450753 14.160037 14.263769 13.553133
12.778910 11.672162 11.044156 11.330996 11.320026 11.230842
11.527406 11.694238 12.469662 13.437406 14.312433 15.037668
13.904437 13.108941 15.534268 17.566471 17.340102 16.877670
15.741250 14.553545 14.029546 14.113471 13.086403 11.625220
11.015672 10.682096 10.199556 10.114571 10.033936 9.437968
8.990326 8.417768 8.110878 7.917341 7.814776 7.885957
7.879743 7.762942 7.758450 7.635344 7.411171 7.328370
7.393318 7.647229 7.806665 7.939760 8.113144 8.269290
8.530349 8.712095 9.013577 9.215527 8.702099 8.033082
7.585934 7.151535 7.140408 7.380340 7.526540 7.613535
7.694662 7.788962 7.765528 7.986879 8.221178 8.083173
8.079739 8.092571 8.042421 8.677033 9.642635 9.607298
8.901135 8.740787 8.859721 8.851892 9.036452 9.089194
8.853212 8.682327 8.760378 9.113052 9.646922 10.146712
10.305662 9.730298 9.146809 8.665159 8.422863 8.229764
7.927580 7.906374 7.678278 7.643906 7.693558 7.650808
8.965744 8.952973 9.373546 10.445949 11.101970 11.379533
11.542245 11.039306 10.626381 10.514544 10.472567 10.584861
10.707846 11.467419 12.485423 12.311768 11.470424 10.588151
10.072961 9.884298 9.957953 10.377895 10.591303 10.782230
10.790001 10.696033 10.964999 10.399992 9.746765 10.148366
10.148948 10.064469 10.003802 9.549960 9.269907 9.228999
9.661504 10.030594 9.591282 8.931233 8.532702 8.687061
9.189839 9.616106 9.842715 10.002283 9.935282 9.617941
9.413919 9.051663 8.898188 9.202876 9.794278 10.121779
10.721339 11.124382 10.415215 9.794750 9.881298 9.654257
9.172457 9.102064 8.746158 9.082306 10.138512 11.309071
12.525336 13.767160 13.672290 12.347963 12.509666 13.640958
14.842337 14.705979 13.430745 12.741422 11.911951 11.396864
11.518805 11.580181 11.417961 11.487822 12.212180 13.079608
13.157313 14.066173 15.286383 14.233284 13.823609 15.565779
16.511446 15.516906 14.978875 15.583264 14.934132 13.195868
12.700113 12.249486 11.212736 10.354823 9.545541 9.655283
9.843055 9.513289 9.243260 9.058567 8.924392 8.986376
8.662684 8.026348 7.873600 7.926507 7.782832 7.725127
7.573889 7.340312 7.293354 7.364735 7.662309 8.032424
8.375726 8.637503 8.721506 8.784054 8.756278 8.665836
8.806017 8.624787 8.188035 7.698229 7.320073 7.575817
7.850086 7.879120 7.852737 7.853045 7.966415 8.233466
8.664997 8.629173 8.303464 8.403661 8.322779 8.150869
8.756072 9.557105 9.305628 8.561302 8.482590 8.575725
8.647187 9.059731 9.562429 9.614074 9.136072 8.891810
8.939101 9.588094 10.406065 10.734719 10.370434 9.841607
9.244904 8.866387 8.788334 8.483245 8.321111 7.773700
7.476276 7.651172 7.724282 9.376944 9.491663 9.972499
10.693116 11.630147 12.384858 12.046184 10.838763 10.043212
9.762221 10.077085 10.216626 10.045022 10.950580 12.073872
12.104984 11.638572 11.188868 10.723253 10.723210 10.913682
11.210248 11.700476 11.826820 11.699659 11.454759 11.300498
10.572795 9.740238 10.199327 10.458243 10.168254 9.892133
9.595902 9.531673 9.618792 9.790363 9.908531 9.369561
8.643808 8.463297 8.893266 9.502723 9.919218 10.091292
10.660932 10.941486 10.214387 9.524282 9.384337 9.192658
9.067055 9.615773 10.043701 10.590934 10.851894 10.244676
9.622169 9.389281 9.138658 9.041366 8.954775 8.842205
9.259885 9.920687 10.459080 11.064964 11.915643 12.383108
12.295421 12.729484 13.366412 13.938929 13.500985 12.429627
12.311272 12.807069 12.550276 11.953779 12.213699 12.324414
12.138369 12.234034 13.176111 13.506777 13.521115 14.769942
15.824350 15.477255 15.016232 14.448173 13.498224 14.104416
15.312976 14.795341 13.090541 12.422452 11.918336 11.407539
10.934869 9.614985 9.539521 9.601630 9.121128 8.885892
8.892104 9.221584 9.453181 9.054151 8.174608 7.968748
7.979145 7.784717 7.624377 7.464557 7.423241 7.474547
7.583358 7.800016 8.206353 8.619849 8.992649 9.107123
8.935035 8.828254 8.643198 8.585076 8.636842 8.342593
7.818790 7.680046 8.009249 8.305784 8.302699 8.178377
8.212526 8.439716 8.864480 9.156214 8.834035 8.544549
8.892448 8.958702 8.604537 8.767210 8.924633 8.715213
8.556722 8.574243 8.675066 8.875604 9.411859 9.893909
9.881081 9.156299 8.681348 9.211267 10.125830 10.456796
10.530460 10.358828 10.139711 10.159533 9.724540 9.287422
8.893572 8.589926 8.087984 7.612190 7.734690 7.901916
10.429268 10.316207 10.351070 10.564574 11.278946 12.168876
11.904007 10.590709 9.577248 9.362598 9.859618 10.137086
10.036063 10.334179 10.674762 10.868515 11.235012 11.767770
11.997066 12.075760 12.361578 12.316384 12.614557 12.762562
12.371773 12.029496 11.249339 10.378612 10.102777 10.602651
10.877632 10.499499 9.732109 9.484356 9.739375 9.776121
9.796662 9.755726 9.343714 8.860163 8.716619 8.965672
9.419973 9.977532 10.256153 10.957671 11.231947 10.192374
9.370708 9.683033 9.741021 9.480921 9.721649 10.195463
11.060709 11.145027 10.595241 10.065269 9.625970 9.344598
9.378375 9.331565 9.320760 9.699985 9.894345 9.978146
10.159137 10.706138 11.615708 12.551926 13.117661 12.994057
12.593166 11.897396 11.585838 11.654667 12.626586 13.118037
12.196665 12.152008 12.071992 12.400630 12.304838 12.423689
14.088381 14.339533 14.864211 16.039444 14.858825 13.324521
13.025365 13.297461 13.272961 12.934893 12.732884 12.533314
12.738497 12.176080 11.288613 10.951807 9.946540 9.256288
9.373537 9.110759 8.720674 9.004351 9.191855 8.930923
8.671752 8.351764 8.161493 8.024970 7.807711 7.488319
7.282023 7.371240 7.671856 7.787923 7.899867 8.220756
8.670247 9.209268 9.335404 8.962706 8.713012 8.709287
8.650737 8.663717 8.360318 7.898310 7.856712 8.009577
8.261610 8.537271 8.523790 8.515709 8.816303 9.093334
9.060680 8.620390 8.472306 8.955189 9.320073 9.187861
9.066743 9.195702 9.040287 8.743432 8.811317 9.016575
9.321889 9.577926 9.652056 9.780861 9.126751 8.575474
9.358307 10.414136 10.827494 11.078316 10.566800 10.113652
10.864985 10.631052 9.800369 9.536443 9.378147 8.735051
8.106985 8.156252 8.292220 10.573159 10.437836 10.353153
10.480040 11.266640 12.185860 11.861427 10.571299 9.814174
9.666567 9.548921 9.637222 9.946495 10.041386 10.018062
10.587669 11.803097 12.707572 12.894366 12.858908 12.652547
12.193796 12.771187 13.327272 12.873639 12.355208 11.372271
10.760672 11.112419 11.435193 11.052616 10.587104 9.915931
9.544667 9.666459 9.542573 9.595937 9.669036 9.381108
9.135767 8.993784 8.893768 9.271208 9.758105 9.744426
10.020284 10.404025 9.995459 9.485035 9.830369 10.258733
10.155350 9.875147 10.111476 10.950596 11.456729 11.552818
10.932740 10.450540 10.143809 9.768870 9.846606 9.843612
10.081985 10.138754 9.897073 9.640225 10.045993 11.009341
11.904304 12.340694 11.941542 10.988886 10.200658 10.534705
11.202836 11.977536 13.353954 12.972217 11.495955 11.274050
12.313586 13.331950 13.322648 14.449539 16.020473 15.922685
15.368579 14.819544 14.430768 14.052786 13.525272 12.572624
11.220330 11.032184 11.414081 11.473603 11.154979 10.939306
10.961886 10.148869 9.108352 9.244169 9.249373 8.774103
8.830490 8.593237 8.052792 7.973278 8.209154 8.075775
7.826843 7.557927 7.160677 7.080623 7.248065 7.595987
7.780453 7.878941 8.151002 8.761761 9.222377 9.093442
8.735334 8.578199 8.772930 8.732308 8.449691 8.277029
8.003339 7.790545 7.886855 8.105635 8.570513 8.884857
8.977530 9.376596 9.480798 8.946165 8.485709 8.497621
8.891326 9.455570 9.595184 9.497794 9.727280 9.540191
9.107520 9.245874 10.016620 10.131018 9.400042 9.178506
9.724589 10.074213 10.031748 9.950556 10.098799 10.513167
10.914099 10.678865 10.445921 11.185651 11.096999 10.239472
9.877785 9.889188 9.379265 8.589479 8.306956 8.301185
10.222960 10.259005 10.378777 10.969682 12.137052 12.884306
12.201880 11.162999 10.968981 10.642667 9.979929 9.669650
9.746530 9.929878 10.307096 10.998886 12.241581 12.947564
13.135737 13.281791 12.316272 11.607818 12.386552 12.842262
12.608182 12.118523 11.193586 11.227821 11.869294 12.074674
11.511194 10.966031 10.748196 10.484486 10.260030 9.936091
9.711168 9.767696 9.652760 9.203785 8.951525 8.859409
9.168844 9.463329 9.301388 9.533888 9.796784 9.646650
9.437467 9.534616 10.071001 10.123415 9.982392 10.632044
11.384134 12.068517 12.227691 11.422932 11.356440 11.213434
10.554249 10.316138 9.978314 9.809538 9.846819 9.796829
9.470375 9.570787 10.041060 10.654366 11.377191 10.852128
10.069343 9.766762 9.788741 10.701942 11.761054 13.350318
13.687253 12.298526 12.665338 13.935145 14.972065 15.499488
15.843293 17.446618 17.156083 15.815276 15.922844 16.567570
16.492703 15.499705 13.441140 11.291514 10.745557 10.851390
11.002748 10.902703 10.937049 10.575264 9.806593 9.285062
9.169362 9.051827 8.771646 8.629841 8.287364 7.798128
7.556031 7.816330 7.881517 7.519449 7.196524 7.012213
7.049923 7.153335 7.438271 7.770416 7.997838 8.259922
8.697186 9.078277 8.973855 8.705657 8.815737 8.885035
8.638981 8.292019 8.095277 7.988812 7.811271 7.907994
8.141666 8.612430 9.080671 9.538405 10.005880 9.708184
8.880645 8.477102 8.382022 8.697696 9.483679 9.822666
9.843228 10.019575 9.793154 9.461735 10.068318 11.050257
10.849533 10.050933 9.788206 9.970746 10.864914 11.437523
10.799462 9.944230 9.838567 10.247699 10.347077 10.374583
10.837345 10.713856 10.356838 10.043860 9.817004 9.645277
8.888933 8.317218 8.224941 10.863119 10.610676 10.414069
11.143302 12.076725 12.934787 12.870803 12.253615 12.241626
11.304889 10.236071 10.264312 10.408602 10.438335 10.783330
11.442859 12.496954 13.507633 14.031612 13.605236 12.511669
12.106259 12.602559 12.604914 12.028905 11.686381 11.431375
11.582158 12.060231 12.563808 12.279886 11.594743 11.897610
11.827684 10.993101 10.701818 10.591169 10.208858 9.540520
8.970220 8.730765 8.773876 9.187580 9.388381 9.363633
9.378664 9.248660 9.207509 9.234401 9.256577 9.567406
9.981801 10.712002 11.711556 12.065206 12.189103 12.105515
11.471553 11.499765 11.716779 11.360647 10.809576 10.278963
9.785488 9.616570 9.560770 9.426924 9.516842 9.752166
10.339323 11.020714 10.670300 10.090112 9.811647 9.528541
9.888285 11.237714 12.506376 13.617090 13.687917 14.943605
17.281313 17.524191 17.447809 17.547555 18.522523 18.428403
17.046875 16.560927 16.508805 16.901123 16.039174 12.913445
11.123801 10.969250 10.741431 11.045273 11.484432 11.059342
10.166573 9.933578 9.781895 9.284244 9.003285 8.805496
8.651770 8.395552 7.931288 7.731702 7.938010 7.844168
7.390244 7.088357 7.050954 7.204823 7.287195 7.629995
8.031151 8.261281 8.439349 8.620143 9.325472 9.518834
9.194650 9.086113 8.717592 8.498809 8.307492 7.871066
7.737685 7.962705 8.154269 8.295920 8.660132 8.870517
9.388713 9.972189 9.450521 8.788905 8.603054 8.368667
8.646346 9.557923 10.163777 10.446916 10.433469 10.080385
9.878646 10.804744 11.438760 11.115530 11.126000 11.030162
10.750055 10.703150 10.973216 10.708595 9.889169 9.830771
10.693354 10.701992 10.202299 10.072383 9.845822 10.331814
10.608001 10.035868 9.404746 8.823167 8.619590 8.686363
11.777877 11.249075 10.813953 11.167825 11.876562 13.056168
13.582478 13.422032 12.981043 11.738316 10.789326 10.927686
11.451190 11.573266 11.836338 12.442937 13.574373 14.959694
14.660165 13.399771 13.046530 13.200758 13.565585 13.068551
11.805051 11.435488 11.645190 12.251235 12.837293 12.807774
12.157705 11.660368 12.135080 11.930313 10.769211 10.485403
10.799010 10.222225 9.278391 8.777722 8.448197 8.535560
8.983485 9.095293 9.104808 9.271400 9.440060 9.362159
9.178384 9.199144 9.621876 10.322923 11.145424 11.636022
11.515613 11.993246 12.513097 12.186101 11.851853 12.073722
12.287993 11.850339 11.074605 10.567763 10.307975 10.034276
9.675208 9.592612 10.117876 10.665917 10.842292 10.524154
10.006966 9.785058 9.768757 9.855254 10.878369 12.151244
13.065403 13.675506 16.287728 19.081079 19.069169 18.383991
18.320297 19.052752 19.324037 19.109622 17.763987 15.855708
14.920421 13.740063 11.805765 10.903141 10.898418 10.439887
10.431528 10.847883 10.543755 10.150067 9.973811 9.579246
9.675890 9.538898 8.702422 8.549826 8.438448 8.020688
7.909881 8.154008 8.066331 7.553899 7.292058 7.406026
7.651521 7.921845 8.163652 8.316089 8.440458 8.449478
8.603068 9.436280 9.773973 9.459303 9.167085 8.825879
8.611109 8.254923 7.835553 7.685397 8.024288 8.258071
8.337989 8.538881 8.671714 8.951841 9.539496 9.409249
9.171013 9.198123 8.933810 9.062775 10.030970 10.642963
10.871084 11.248838 10.916823 10.683782 11.677541 12.050125
11.323945 11.477184 11.588917 11.071429 10.548879 10.585170
10.839184 10.295852 10.228629 11.135772 11.334464 11.094245
10.608284 10.115271 10.353996 10.646861 10.106331 9.312884
9.015884 9.145925 9.360502 12.471139 12.014644 11.868991
12.030810 12.838545 13.720411 14.413163 14.522357 13.231065
12.217156 11.768267 11.711077 11.933047 12.500599 13.252821
13.979104 15.169940 15.995337 14.614041 13.165524 13.205157
13.582118 13.848704 13.256546 12.453915 11.867853 11.323889
12.204088 13.047865 12.180085 11.235353 11.207862 11.515343
11.215896 10.659938 10.436875 10.524826 10.057450 9.320116
8.767660 8.406058 8.552271 8.707654 8.739872 8.944418
9.321659 9.670707 9.437356 9.130806 9.408318 9.837904
10.588935 10.916622 10.852192 11.083975 12.051650 13.105544
13.092371 12.776885 12.766739 12.860244 12.423277 11.525401
11.226224 11.157948 10.807489 10.296930 9.751766 9.746414
10.061094 10.457782 10.341090 9.914819 9.942325 10.009340
10.157983 10.912440 12.105711 12.671609 13.574544 16.745125
19.067038 19.095742 18.838725 18.781964 18.974964 19.105145
19.289927 18.449733 17.059926 14.976811 12.917890 12.112732
11.338905 10.772985 10.429509 10.151414 10.070809 9.977152
9.787175 9.251336 8.743828 9.523584 9.756128 8.657598
8.359009 8.431125 8.195671 8.079431 8.375247 8.342313
7.817333 7.623696 7.825480 8.036308 8.245270 8.581830
8.466102 8.216608 8.437259 8.914925 9.423809 9.710929
9.654347 9.448539 9.147686 8.668523 8.147853 7.869037
7.871617 8.095264 8.183148 8.256344 8.469828 8.483205
8.684684 9.201226 9.252086 9.420719 9.639016 9.784321
9.825424 10.135436 10.473016 11.084029 11.792651 11.523261
11.524044 12.582221 12.537336 11.373843 11.250787 11.281108
11.037285 10.490868 10.507433 11.332842 11.072445 10.825911
11.231949 11.419641 11.660918 11.200385 10.685270 10.484125
10.244888 10.133409 9.907757 9.621389 9.516995 9.453203
12.130535 11.925893 12.515384 13.051775 13.686130 14.547300
15.543270 15.516242 14.188993 13.308940 12.598871 12.299143
12.335914 13.171062 13.968531 14.838626 15.988997 16.501512
15.174248 13.891620 15.277392 16.281835 14.960165 13.274578
12.636700 12.133160 11.276066 11.366071 11.878205 11.349258
10.827550 10.860643 10.736821 10.648115 10.947054 11.386666
11.407930 10.452420 9.324594 8.760937 8.474938 8.654117
8.756178 8.789757 9.103892 9.150301 9.134555 9.294328
9.623528 9.870612 9.821322 10.225687 10.399607 10.491283
11.093539 12.483736 13.619374 13.474433 13.524488 13.572187
12.883617 12.174764 12.149551 11.897369 11.359161 11.104230
10.607462 9.975794 9.646499 9.733330 10.224913 10.119651
9.547027 9.575549 9.843262 9.882074 10.521339 12.255438
13.500993 14.182230 15.277923 16.326720 17.432100 18.172080
18.456007 18.776470 18.831002 18.114645 17.566326 16.697906
14.382277 12.856445 12.462993 11.447686 10.521358 10.348708
10.056027 9.787429 9.422700 8.977624 8.434465 7.893112
8.181576 8.876880 8.546919 8.089572 8.408973 8.451999
8.230987 8.456066 8.519648 8.160146 7.928298 7.984763
7.915836 7.822302 8.279335 8.308165 7.971204 8.348277
9.161292 9.738573 9.876993 9.643393 9.296387 8.850221
8.455613 8.155990 7.944138 7.936760 7.959556 8.009698
8.181520 8.471134 8.552405 8.689181 8.982708 9.163735
9.598209 9.975690 10.290090 10.393853 10.052779 9.858407
10.638234 11.364996 11.659151 12.219499 12.797193 12.386357
11.730540 11.588314 11.044252 10.702068 10.243898 10.328314
11.348496 11.497680 11.457090 11.406015 11.061126 10.915661
10.415835 10.391047 10.486516 10.184369 10.608958 11.083049
10.694544 9.942723 9.459176 12.153999 12.532187 13.665192
14.484132 14.613394 15.097006 16.002502 16.242188 15.697629
14.979943 14.012533 12.775142 12.849471 13.924077 14.489085
14.862007 15.422661 15.990717 15.009021 13.935551 15.823573
17.063562 15.033846 12.683295 11.843340 11.416949 10.875264
10.931238 11.059754 10.663138 10.284293 10.264353 10.044117
10.220192 11.134433 11.626895 11.238862 10.322158 9.414305
8.857893 8.424298 8.586251 8.849999 8.914458 9.021794
8.879438 8.965393 9.628721 10.292627 10.252148 9.727739
9.671365 9.904527 10.284014 11.209708 13.011454 14.050540
13.748824 13.765164 13.646851 12.811747 12.372969 12.447744
11.685767 10.839095 10.707178 10.586453 10.204406 10.103788
10.367188 10.266870 9.531364 8.855372 9.101223 9.925743
9.876111 10.098625 12.292350 14.192916 13.943349 12.667861
13.030048 15.335423 17.386063 18.411480 18.716475 17.832697
15.979568 15.071914 14.196392 12.608092 11.836962 11.725759
11.113340 10.620411 10.342855 9.871448 9.350232 8.450220
7.943131 7.697998 7.292779 7.295417 7.998925 8.277152
8.068174 8.368997 8.469000 8.341132 8.473793 8.647063
8.729547 8.365554 8.055750 7.770371 7.703507 7.932637
7.893636 7.831713 8.191454 8.800935 9.547329 9.985085
9.641490 9.026419 8.605238 8.369541 8.089174 7.994481
7.976771 7.816513 7.844421 8.126498 8.372605 8.594306
8.664417 8.806715 9.283002 9.770943 10.233907 10.687354
10.592886 10.019545 9.923673 10.172756 10.546692 11.714590
12.941779 12.955935 12.853467 13.045529 12.179245 10.920901
10.514935 10.341839 10.469330 10.894531 10.934204 11.079216
10.886076 10.394224 9.971814 9.646256 10.216538 10.618493
10.478570 11.450236 12.519544 12.116760 10.664232 9.795329
12.663553 13.456982 14.121118 14.202831 14.285288 14.663938
16.114197 17.245172 16.932491 15.958010 14.695550 13.279902
13.214231 14.060329 14.622554 14.990059 14.761634 14.501818
14.036059 13.103484 13.249442 13.535832 12.949126 12.062862
11.495289 11.044399 10.520110 10.702499 10.765351 10.367705
9.961605 9.775917 9.673732 9.850588 10.430741 10.351901
9.656058 9.198402 8.958702 8.777490 8.648705 8.813086
9.007458 8.925195 9.017970 9.113029 9.569186 10.426326
10.660493 10.671443 10.355258 10.043448 10.054665 10.350777
11.383848 12.350058 13.427486 13.738288 13.316431 13.159366
12.889465 12.553061 11.625038 10.477795 9.696124 9.853858
10.633611 10.508668 10.311721 10.653562 10.446954 9.385448
8.727436 9.067168 10.062737 10.477298 10.371275 11.793948
13.177310 12.616620 11.360104 11.971988 14.644195 17.438707
18.724686 18.763801 17.147341 15.016395 13.825973 12.783309
11.756265 10.612749 10.608795 10.856838 10.690137 10.306546
9.593864 8.847292 8.092814 7.801625 7.591779 7.324307
7.277203 7.506834 7.906412 8.143062 8.399179 8.529923
8.603950 8.622400 8.718172 8.803977 8.331027 7.991110
7.850696 7.978557 8.121247 8.047525 7.982826 8.171200
8.359834 8.818463 9.443148 9.401597 8.952602 8.633257
8.389986 7.997293 7.979600 8.161347 7.983077 7.814024
8.056083 8.305251 8.482935 8.569863 8.779954 9.391900
9.892894 10.353289 10.827341 10.553364 10.080122 10.240923
10.068014 9.809966 10.760853 11.934137 12.670678 13.939993
14.198650 12.120633 10.709427 10.577527 10.297113 10.429410
10.600214 10.289478 10.130905 9.928596 9.585076 9.463625
9.473391 10.143552 10.807337 10.990065 11.943801 13.295948
13.368627 11.627540 10.382385 12.568529 12.854959 12.811694
12.210608 12.233136 13.022529 15.241689 17.339431 16.756515
15.510314 15.243419 14.447617 13.419420 13.678034 14.354677
14.827363 14.307206 13.449647 13.357451 12.735068 12.129548
11.554400 11.157071 11.250638 11.300241 11.183078 10.678039
10.608057 10.538893 10.067394 9.701141 9.516477 9.365357
9.244692 9.298706 9.344967 9.233494 8.935667 8.797782
8.856421 9.001429 9.129635 9.238624 9.153719 9.236913
9.524824 9.968710 10.796100 10.941496 10.897250 10.733026
10.308363 10.594888 11.014463 11.415441 11.599004 12.372910
13.242220 13.044542 12.850371 12.725674 12.119046 11.020476
9.927149 9.130403 9.453965 10.445643 10.333397 10.107402
10.582411 10.416490 9.420830 8.802408 8.893048 10.048455
11.164245 11.015213 11.424323 11.997115 12.223971 11.986942
12.185862 13.944972 15.583024 16.672085 17.604584 17.850356
16.651037 14.735818 12.743206 11.285717 10.369715 10.212650
10.719871 10.659449 9.930262 9.159319 8.674072 8.240588
7.871257 7.568789 7.437536 7.357661 7.452056 7.766625
8.066698 8.315866 8.643738 8.783841 8.442881 8.330915
8.408255 8.078854 7.944720 7.974642 8.044238 8.115065
8.321373 8.437594 8.251027 8.077003 8.233328 8.642013
8.973409 9.028007 8.887520 8.529533 8.085585 8.047095
8.146612 8.041451 7.905141 7.930076 8.185820 8.548737
8.605781 8.699960 9.168765 9.582952 9.983451 10.211099
10.085430 9.973215 9.940847 9.690746 9.578936 9.839544
10.366050 11.750860 13.219967 13.977740 12.915016 11.458769
10.782385 10.419658 10.449982 10.404310 10.003423 9.634447
9.439701 9.090047 9.146976 9.280482 9.505507 10.172752
10.869319 11.373207 12.534938 13.664040 12.640778 11.366564
12.381039 12.521195 12.317816 11.496981 11.319093 11.491733
12.732006 15.109101 15.177317 15.076271 16.308505 15.462899
13.620972 13.541187 14.435136 14.683006 13.875792 12.947156
12.750397 12.530105 12.109147 11.466425 11.016234 11.026503
11.172141 11.280623 10.976526 10.763178 10.279206 9.445859
9.151551 9.176234 9.145616 8.853316 8.836736 9.064795
9.142338 9.143585 9.151907 9.234746 9.310491 9.424294
9.630303 9.593303 9.428931 9.705641 10.210788 10.776723
10.871672 10.603515 10.111141 10.191591 11.567109 12.145685
11.585509 11.535444 12.025679 12.711874 12.825892 12.516392
12.613370 12.055712 11.112135 10.324484 9.348965 9.311693
9.832943 9.523129 9.605670 10.251308 10.028506 9.171295
8.667996 8.640341 9.517615 10.655453 10.781664 10.927612
11.392582 12.199427 12.437551 12.166363 12.889169 13.842278
14.488685 14.958530 17.333816 17.918267 15.503535 13.300136
11.602333 10.882178 10.514971 10.779768 10.407675 9.447234
8.914947 8.716001 8.320155 7.715687 7.521958 7.479102
7.579331 7.865327 8.252981 8.517404 8.409298 8.583321
8.691299 8.163137 7.925135 8.395805 8.339001 8.138913
8.329458 8.196751 7.861905 7.960452 8.479143 8.436830
8.087605 8.163819 8.527827 9.019391 9.202534 9.070577
8.670656 8.246036 8.262721 8.338513 8.146445 7.958584
7.793503 8.018099 8.481342 8.654103 8.621811 8.569153
8.749637 9.104003 9.465432 9.515648 9.416433 9.377339
9.387346 9.443464 9.404671 9.799398 10.653967 11.423110
12.392869 12.590128 11.671072 10.754281 10.450677 10.315853
10.095829 9.645796 9.258799 9.029264 8.656165 8.715544
8.793766 8.884324 9.607157 10.289568 10.530514 11.243176
12.555501 12.495710 11.687283 12.321036 12.998140 13.166406
12.130016 11.750445 11.376872 11.427984 12.969182 13.922320
15.104310 16.478515 15.723753 13.988136 13.407517 13.949254
14.478874 13.908754 12.618544 11.819161 11.759688 12.249574
12.080923 11.712315 11.629051 11.678737 11.329037 10.567075
10.432544 10.034519 9.255086 8.967582 9.062911 9.113282
8.874608 8.656336 8.637787 8.593397 8.881204 9.333914
9.614431 9.495677 9.447023 9.849789 9.768411 9.489767
9.769021 10.262228 10.455905 10.213741 10.040374 9.902701
10.084661 11.310238 12.294114 11.822462 11.669489 11.981129
11.871202 12.185973 12.172054 11.897736 11.519710 11.287709
10.902424 9.771312 9.316112 9.203332 9.029903 9.238767
9.502526 9.508459 9.007043 8.739250 8.902264 9.350347
10.075693 10.134314 10.135652 10.425396 11.379380 11.649314
11.010484 11.424277 12.800519 14.101943 14.566311 16.655884
17.172644 15.190422 13.735124 12.117136 10.945887 10.640102
10.519350 9.572324 8.881900 8.623666 8.538902 8.337243
7.782866 7.691575 7.695056 7.890623 8.301293 8.573567
8.666264 8.412665 8.580658 8.741658 8.341422 8.187756
8.596407 8.768007 8.842995 9.003510 8.532362 7.991326
8.022148 8.377545 8.380244 8.244212 8.384369 8.811684
9.088251 9.139187 9.132293 8.870796 8.470272 8.353374
8.424933 8.247419 7.878469 7.642271 8.029263 8.501143
8.762327 8.689028 8.240551 8.370320 8.656520 8.823161
8.993489 9.067521 9.007674 8.985656 9.056692 9.022338
9.343402 9.736673 10.193854 10.770301 11.075415 10.824579
10.154919 9.924402 9.843227 9.514951 8.994379 8.685378
8.577918 8.370800 8.360611 8.398083 8.807817 9.665795
10.568266 10.536231 10.356963 11.349228 11.488782 10.934610
12.263650 12.907806 13.492320 13.208144 12.744614 11.811342
11.568017 12.830194 13.905304 14.618308 15.508185 14.988076
13.337405 13.004619 13.487292 14.119818 14.081516 12.667071
11.353776 11.353626 12.583420 12.586126 11.566673 11.252244
11.268061 10.700734 10.068480 10.192975 10.250765 9.815946
9.214905 9.167553 9.201862 8.932428 8.626776 8.426238
8.343227 8.726403 9.301031 9.766740 9.687638 9.374158
9.638210 9.543357 9.431038 9.841210 10.253071 10.476974
10.416051 10.078158 9.826362 9.795551 10.565026 11.629022
11.604637 11.464815 11.166796 10.738651 11.138302 11.425547
11.341325 11.197473 10.964960 10.716944 10.031597 9.348118
8.986989 9.038073 9.203922 8.961864 8.929853 8.995710
9.135189 9.379059 9.531203 9.843098 9.869604 9.805199
9.956437 10.956713 11.408710 10.989408 10.764107 11.100591
13.050195 15.303719 16.632009 16.182694 15.471921 14.027180
11.713362 10.482048 10.236661 10.119903 9.571928 9.098915
8.511108 8.311726 8.420309 8.192555 7.947548 7.800034
7.993783 8.402161 8.358756 8.178150 8.235784 8.727310
8.900197 8.584693 8.491183 8.572201 8.699643 8.955430
8.941457 8.520309 8.467536 8.618089 8.572926 8.437361
8.412750 8.642604 8.936552 8.981412 9.210991 9.508910
9.285625 8.646237 8.164621 8.192539 8.360345 8.060925
7.694040 7.957471 8.285428 8.532001 8.528278 8.216520
8.311897 8.459216 8.609039 8.915837 8.960672 8.772416
8.717431 8.970152 9.188582 9.475409 9.465215 9.282280
9.898649 10.470260 10.111493 9.490252 9.427100 9.509396
8.901321 8.246887 8.163512 8.278976 8.303273 8.198356
8.204036 8.765948 9.718783 10.638089 10.652044 10.251383
10.738729 11.034029 10.869752 12.056959 12.506290 12.978461
13.265229 13.006857 12.025406 12.058501 13.042422 13.681504
14.122550 14.269104 13.534883 12.943391 13.325848 13.676283
13.588353 13.252451 12.203829 11.292446 11.351134 12.087796
12.515664 12.062421 11.782039 11.335096 10.505623 10.179199
10.482393 10.738817 10.261636 9.617063 9.352647 9.367147
9.516439 9.283649 8.939150 8.794280 9.005152 9.662397
10.187865 10.077059 9.449098 9.280016 9.352686 9.518718
9.882790 10.507667 11.584945 11.849504 10.590871 9.923107
10.272042 10.887601 11.399527 11.462492 11.334925 10.811773
10.562218 10.648534 11.063918 11.537089 11.271869 10.717319
10.622138 10.245740 9.457669 9.128252 9.180004 9.343450
8.927950 8.608034 9.068215 9.338962 9.363118 9.385156
9.188077 9.465531 10.291689 10.776375 11.499672 12.281050
12.331312 11.636260 11.286881 12.369636 13.854097 14.483147
14.983486 14.848460 12.376344 10.069686 9.617776 9.720433
9.653064 9.511448 9.195790 8.538301 8.334201 8.537331
8.360603 7.964016 7.830457 8.076617 8.432418 8.400623
8.103093 8.233015 8.712072 8.780764 8.633741 8.672590
8.752119 8.695509 8.482251 8.465033 8.685172 9.039651
9.114269 8.813607 8.527227 8.341511 8.575436 8.887002
8.959436 9.367777 9.661453 9.599279 9.160401 8.337517
8.309183 8.730596 8.435838 7.914764 7.766161 7.877798
8.225965 8.342772 8.216807 8.297190 8.337901 8.588089
8.852254 8.706619 8.655775 8.878111 9.296762 9.520790
9.446613 9.189053 9.023358 9.382359 9.572159 9.158168
8.956690 9.015394 8.963780 8.547919 7.995772 7.985147
8.166987 8.191533 8.093801 8.093205 8.577492 9.385182
9.865496 10.368866 10.902156 10.799577 10.501405 10.384610
12.030252 12.613207 13.052022 12.722222 12.356594 12.184789
12.296669 12.659834 13.016808 13.439609 13.147472 12.546609
13.077962 13.384996 13.053012 12.436987 11.757289 11.138568
10.846775 10.878366 11.057886 12.039758 12.277700 12.190549
11.731260 10.543917 10.346358 10.636694 10.614568 10.330889
10.075234 9.692777 9.702208 10.393809 10.368450 10.034298
9.748938 9.815041 10.456431 10.625274 10.360265 9.751879
9.624900 9.722339 9.987852 10.158659 10.362955 12.166147
12.685513 10.745552 10.210662 11.083245 11.432340 11.295257
11.679018 11.778437 11.137809 10.838872 10.973673 11.370143
11.161753 10.582448 10.848659 10.992396 10.393872 9.586529
9.143053 9.267990 9.396602 9.076849 8.647282 8.980106
9.252749 9.325642 9.494478 9.234873 9.418373 10.915372
11.923879 12.200347 13.191729 13.394033 12.780062 12.401832
12.324119 12.174894 11.994671 12.851571 12.657025 10.848124
9.425474 9.004361 9.102511 8.983637 8.945891 8.791528
8.536301 8.513956 8.456279 8.136425 7.861317 7.971246
8.201901 8.395593 8.414752 8.373457 8.398993 8.583651
8.720436 8.621314 8.771152 9.055323 9.093241 8.755895
8.500083 8.680166 9.082879 9.328370 8.901989 8.399135
8.357629 8.489352 8.564939 8.719152 9.227003 9.586584
9.824122 9.803442 8.989762 8.762159 8.926896 8.398947
8.036394 7.934410 7.868022 8.138484 8.234447 8.143273
8.316024 8.361741 8.323756 8.331873 8.322166 8.583337
8.925750 9.275208 9.447216 9.214494 9.113828 9.252014
9.091227 8.637894 8.606935 8.691280 8.511963 8.338607
8.316455 8.158121 8.065828 8.145107 8.303722 8.294478
8.227209 8.854071 9.510763 9.713170 10.148454 10.779957
10.618499 9.999493 9.756344 11.802204 12.405528 12.681389
12.227025 12.003764 11.835774 11.774892 12.215232 12.493753
12.064184 11.592162 11.605732 12.009334 12.045967 11.690194
11.306335 11.067861 10.573699 10.525489 10.811436 10.762704
11.278971 11.430257 11.337710 11.044510 10.199123 9.952678
10.074083 9.943100 9.940769 10.084266 9.882297 10.150125
11.187161 11.333592 10.830559 10.655367 11.145918 11.276704
10.970612 10.775425 10.087733 10.171531 10.568867 10.548805
10.290881 10.369262 11.791512 12.384951 11.331824 10.637172
10.765535 11.067244 11.417060 12.273656 12.182873 11.300397
10.947156 11.153234 11.569147 11.318546 10.707487 10.757365
10.823092 10.485275 9.846665 9.224235 9.259272 9.267346
8.943685 8.787182 9.064020 9.330696 9.486436 9.742972
9.667052 9.498135 10.614162 12.100062 12.559425 12.846579
12.575849 12.109504 11.546883 11.064119 11.106407 11.343069
11.529830 11.400883 10.717748 9.363887 8.781331 8.791343
8.749548 8.774676 8.583305 8.361873 8.257917 8.076115
7.970606 7.891882 7.903867 8.068962 8.241129 8.398848
8.437955 8.357152 8.474297 8.605517 8.642303 8.820642
8.915089 9.000106 8.949938 8.495552 8.288749 8.606231
8.877293 8.723127 8.522427 8.777361 8.831584 8.463028
8.564079 9.075720 9.226368 9.457889 9.683110 9.201760
8.996846 8.946424 8.399036 8.182445 8.186217 7.981259
8.043179 8.142023 8.198120 8.461223 8.446390 8.275919
8.253906 8.303106 8.568787 8.793513 8.937873 9.014675
9.027197 9.092844 8.932159 8.509184 8.216599 8.395396
8.409329 8.088963 8.027846 8.187573 8.036643 7.888300
8.085419 8.431203 8.595574 8.711112 9.405547 10.118668
10.340337 10.165701 9.854363 9.800118 10.120857 10.379252
11.564887 11.673051 11.859338 11.930429 12.171756 11.695443
10.978165 11.230900 11.242324 10.940153 10.991035 11.072178
11.182711 11.267153 11.021973 10.632619 10.467376 10.258434
10.145971 10.319550 10.220493 10.324911 10.493793 10.463837
10.473737 9.984837 9.448863 9.572761 9.494401 9.292222
9.550957 9.956992 10.916235 12.132222 11.929520 11.003230
11.036718 11.603093 11.654245 11.453308 10.987369 10.112575
10.033806 10.600264 10.402302 9.995177 10.684328 11.702409
12.581243 13.105411 12.052250 10.909336 10.798958 11.461475
12.870345 12.879034 11.926469 11.351023 11.268433 11.277836
11.270758 11.185224 11.118278 11.208143 10.624782 9.934703
9.397233 9.213072 9.217983 8.941030 9.013162 9.270396
9.277240 9.617382 10.210919 10.310635 9.958020 10.480961
12.126300 12.841659 12.246777 11.549322 11.164376 10.639960
10.144817 10.400969 11.050448 11.417036 11.573679 10.943139
9.524306 8.849332 8.861886 8.764141 8.480557 8.282985
7.995175 7.764493 7.709301 7.718222 7.722509 7.674595
7.690376 7.807693 8.224622 8.366220 8.378587 8.387804
8.271881 8.623379 8.775941 8.602760 8.789762 8.939054
8.653647 8.429630 8.621004 8.650833 8.531333 8.632589
8.921063 8.940415 8.781643 8.777336 8.838393 8.729044
9.132239 9.569776 9.110772 8.823132 8.932167 8.712189
8.383370 8.257932 8.012957 7.981906 8.107940 8.227876
8.331472 8.303686 8.344608 8.411229 8.694797 8.982600
8.898634 8.834398 8.856957 8.798519 8.734772 8.635677
8.498793 8.496242 8.415914 8.273868 8.143230 8.065135
8.062328 7.945077 7.945668 8.168344 8.435758 8.697344
8.996804 9.634664 10.248508 10.672905 10.456669 9.852649
9.720884 10.102631 10.488478 11.732008 11.416028 11.608889
11.995928 12.147290 11.730383 10.779910 10.736401 10.644639
10.537731 10.974821 11.345183 11.189083 10.843206 10.707990
10.473654 10.102444 9.813201 9.691375 9.732054 9.600201
9.527685 9.764610 9.730651 9.954232 9.738965 9.411393
9.625070 9.378016 9.134440 9.348486 9.959024 10.957515
11.749173 11.610536 11.007008 10.745310 11.066034 11.934931
11.938045 10.995671 10.310210 9.967099 10.571226 10.409096
9.890333 10.676067 11.472128 12.609894 13.406079 12.619884
11.920542 11.742583 12.424818 14.069883 14.014707 12.680991
11.801132 11.191078 10.543268 10.826115 11.425313 11.264749
10.985041 10.400095 9.711131 9.180567 9.150760 9.255522
9.263329 9.377806 9.449760 9.473217 9.998057 10.844871
11.264756 10.962128 10.773147 11.697241 12.550547 12.371433
11.815362 11.775617 11.190670 10.146517 10.172025 11.189747
11.999044 12.035961 10.889446 9.388718 8.967597 8.822159
8.571629 8.226313 7.964436 7.814764 7.642578 7.467976
7.310263 7.240158 7.263467 7.301377 7.356419 7.787771
8.257259 8.479632 8.317372 8.209400 8.708108 8.937621
8.715052 8.912742 9.054474 8.817202 8.672645 8.935284
9.004626 8.605127 8.512641 8.669256 8.932605 9.239282
8.917598 8.551514 8.652417 9.013368 9.176127 8.731034
8.492956 8.670760 8.666701 8.285445 8.059864 7.998674
7.878036 7.859206 7.937111 7.970722 8.040140 8.183248
8.544208 9.069735 9.206570 8.836658 8.728221 8.901280
8.669899 8.560826 8.684908 8.654133 8.615852 8.398994
8.173883 8.167098 8.208233 8.287254 8.274983 8.352097
8.290642 8.375966 8.588824 8.988985 9.948761 10.575865
10.877835 10.657903 10.594249 10.646695 10.378669 10.353615
12.538683 12.441199 12.144092 12.088179 11.920763 11.278347
10.927118 10.944544 10.781009 10.407712 10.592567 11.229637
10.833138 10.295548 10.334808 10.246705 9.865827 9.427669
9.377950 9.363931 9.153387 9.117483 9.498554 9.778141
9.892103 9.710026 9.784208 9.971832 9.583801 9.181865
9.197513 9.677584 10.314111 10.814811 11.279510 11.052446
10.479533 10.632934 11.937496 12.404382 11.290628 10.718748
10.564297 11.263009 11.772732 11.188260 10.658347 10.717240
11.737554 12.359857 12.465791 12.904565 13.104617 13.604643
14.161279 13.862133 12.913887 12.203399 11.791469 11.102010
10.822639 10.970706 10.328221 9.595026 9.607915 9.450145
9.240135 9.361825 9.246394 9.494583 9.801537 9.702720
10.055396 10.749116 11.286341 11.665924 11.491278 10.850737
11.009957 11.829967 12.204463 11.745584 11.509532 10.957501
9.998588 10.132833 11.299082 11.620830 11.014662 9.943030
8.846305 8.815229 8.635883 8.240991 8.108698 7.843985
7.759201 7.648847 7.347975 7.160975 6.955894 6.874915
6.977331 7.173208 7.488199 7.859908 8.065390 8.158408
8.391064 8.754567 9.042436 8.930021 8.843180 8.907033
8.842223 8.818819 9.104113 9.170167 8.765004 8.684533
8.732235 8.959676 9.314494 8.962713 8.728550 8.916935
8.658407 8.380994 8.230327 8.198866 8.146062 8.064976
7.939309 7.726062 7.671161 7.530085 7.510704 7.637388
7.757733 7.897022 8.154045 8.818441 9.317664 9.162339
8.626032 8.466727 8.745735 8.666338 8.471424 8.436191
8.283701 8.250262 8.379586 8.309985 8.125480 8.167458
8.428380 8.303617 8.233867 8.091873 8.083097 8.371440
9.144256 10.983961 11.986037 11.922762 11.061341 10.657211
10.813830 10.577709 10.604162 12.816536 12.684625 12.199333
11.740854 11.197197 10.791886 10.902901 10.826542 10.548274
10.396887 10.416704 10.601109 10.430085 10.101373 10.074322
9.987474 9.512720 9.108354 9.045296 8.919445 8.816947
9.006411 9.404522 9.787841 9.656970 9.457195 9.727284
9.707077 9.434245 9.340180 9.363939 9.501193 9.745681
10.116446 10.568115 10.853020 10.587750 10.013574 10.621397
11.524078 11.212928 10.882922 10.885652 11.032170 11.859368
11.856513 10.607876 10.333403 10.926674 11.551560 12.453900
13.004067 12.986255 13.373032 13.520779 13.692283 13.532186
12.788248 12.460289 11.761573 10.574236 10.122989 9.823912
9.402469 9.349134 9.144202 9.121389 9.355584 9.557261
9.860316 10.185999 10.124574 10.459858 11.271926 11.615923
11.650224 11.617672 11.441279 11.104568 10.913626 11.258203
11.044999 10.548560 10.517292 10.313985 10.192908 10.582222
10.267577 9.611886 9.045109 8.457781 8.478276 8.302406
7.995183 7.913837 7.808359 7.723066 7.544280 7.419964
7.247859 6.923394 6.828576 6.933196 7.131830 7.332096
7.474887 7.518665 7.785344 8.164192 8.384843 8.546384
8.483979 8.531169 8.686077 8.752925 8.952759 9.421283
9.534830 9.198894 8.997955 8.924182 8.975399 9.019713
9.101722 9.129478 8.822394 8.262891 7.939667 7.843520
7.826871 7.707808 7.530708 7.570603 7.539555 7.445792
7.421313 7.510929 7.695647 7.877307 7.981603 8.391515
8.793298 8.940243 8.914334 8.498170 8.267157 8.388719
8.467465 8.380633 8.232811 7.946339 8.022573 8.365287
8.336893 8.218559 8.276141 8.442465 8.277746 8.200475
8.011932 7.782354 8.228817 9.224731 11.181080 12.271305
12.115272 11.315801 10.693213 10.182042 9.737505 10.019576
12.517173 12.874019 12.587231 11.515656 10.678869 10.453064
10.866005 10.905000 10.417685 10.298806 10.261632 10.324614
10.504079 10.233865 9.982314 9.694864 9.404909 9.240689
8.967229 8.673470 8.643102 8.822042 9.207073 9.533697
9.405592 9.213652 9.231850 9.091324 9.259964 9.639692
9.648919 9.507841 9.417510 9.475315 9.819929 10.509096
10.381066 9.711743 9.648795 10.012384 10.366875 10.606875
10.674980 10.660183 10.630669 10.283774 9.865392 9.887607
10.079288 10.382477 11.321485 11.954441 12.140331 13.046874
13.642674 14.077742 14.168629 13.353331 12.712530 12.121746
10.743056 9.990593 9.949905 9.692970 9.526883 9.107837
8.924044 9.530098 10.238833 10.480603 10.812148 10.913121
10.809933 11.132610 11.812712 12.276740 12.650075 12.817753
11.626009 10.515004 10.602976 10.269224 9.930889 9.959480
9.954442 9.742904 9.573010 9.467531 9.323104 8.987003
8.534899 8.492277 8.217931 7.905877 7.862368 7.896621
7.768730 7.420568 7.292164 7.114062 6.829737 6.815822
7.012869 7.180536 7.287562 7.352357 7.282444 7.422383
7.798919 8.060506 8.125433 8.147405 8.439234 8.801641
8.998083 9.146598 9.528146 9.546487 9.113581 8.978328
8.911413 8.975955 9.103766 9.303467 9.179289 8.442175
7.999863 7.852526 7.638445 7.531736 7.589923 7.487423
7.446425 7.470871 7.450746 7.570636 7.656039 7.824731
8.034319 8.119468 8.466557 8.663678 8.498950 8.487359
8.371662 8.196176 8.149795 8.363489 8.480629 8.050846
7.632810 7.793424 8.173483 8.256481 8.251044 8.283853
8.424351 8.392661 8.318882 8.145600 7.793791 8.289295
9.203208 10.181783 10.940056 11.001676 10.664224 10.282738
9.561732 8.985020 9.034359 12.413645 12.797534 12.398463
11.500400 10.948237 10.502787 11.017303 11.322734 10.754530
10.314101 10.256078 10.386133 10.473722 10.357180 10.031361
9.428237 9.081088 9.014776 8.819378 8.527351 8.477266
8.636646 8.952193 9.358196 9.430568 9.225605 9.077892
9.189704 9.652073 10.094761 9.806002 9.460661 9.806230
10.182568 10.443050 10.464782 10.010597 9.793018 9.799929
9.651640 9.609856 9.891058 10.117436 10.182666 9.805369
9.255204 9.259430 9.451415 9.639391 9.863386 10.604138
11.456688 12.110059 13.053354 13.333931 13.545516 14.286586
14.069458 13.295805 12.717273 11.303634 10.147933 9.838406
9.554094 9.530476 9.714094 10.105665 10.814573 10.962895
11.028253 11.369203 11.345380 11.005205 11.113665 12.406462
13.819829 14.294046 13.829652 12.064228 10.454206 10.194752
9.737580 9.379199 9.029181 9.092762 9.311298 8.999933
9.048444 9.265350 9.084360 8.848174 8.735266 8.428103
8.070937 7.885145 7.839147 7.690022 7.436620 7.202310
7.001764 6.815238 6.780831 6.948472 7.160706 7.257928
7.323356 7.424481 7.595300 7.842894 7.901164 7.916437
8.137639 8.373695 8.655848 9.064855 9.246069 9.290126
8.997588 8.522272 8.720656 8.973329 9.049903 9.266156
9.244993 8.894496 8.415327 8.106914 7.910987 7.766483
7.714903 7.587241 7.477716 7.426858 7.327502 7.359497
7.619942 7.708137 7.783465 8.050754 8.046968 8.252460
8.644237 8.632035 8.560393 8.458654 8.390592 8.504627
8.711186 8.480464 7.950833 7.703103 7.641591 7.879913
8.155614 8.188007 8.026684 8.043338 8.222480 8.207484
8.118455 8.037574 8.609262 9.208241 9.464347 9.978043
10.163571 9.650851 9.077406 8.997457 8.815657 8.570026
12.425731 11.974270 11.322056 11.346748 11.154894 10.762279
11.004300 11.123547 10.999732 10.619202 10.573277 10.706392
10.433990 10.399614 10.371748 9.688898 8.900197 8.628613
8.682592 8.750086 8.770750 8.691162 8.827171 9.106326
9.240282 9.289997 9.274027 9.458943 9.766661 10.301589
10.076604 9.604157 9.966142 10.531430 10.611854 10.370672
10.025599 9.794687 9.842352 9.675036 9.376679 9.329278
9.490049 9.359935 9.086075 9.338296 9.463061 9.167007
9.278847 9.808224 10.687627 11.776761 12.630538 13.134205
12.932931 12.902628 13.820160 14.031751 13.607154 12.994855
11.784233 10.563331 9.559910 9.141615 9.248797 10.308766
11.426710 11.632891 11.363385 11.402925 11.352382 10.946413
10.784116 11.203150 13.006140 14.779265 14.922450 13.590656
11.794263 10.362381 9.748373 9.366586 8.779918 8.487671
8.811127 9.100250 9.101603 9.230975 9.512001 9.452427
9.059164 8.627931 8.218544 7.866498 7.574026 7.469453
7.473957 7.510445 7.278361 6.937712 6.915721 6.899837
6.859516 7.048273 7.221997 7.355506 7.545519 7.775647
7.870648 7.687762 7.643787 7.894468 8.210036 8.371094
8.527911 8.914863 9.105581 8.829705 8.554929 8.727502
9.052763 9.181960 9.216452 9.146800 8.794573 8.329058
8.120502 7.898536 7.691265 7.625391 7.395584 7.346863
7.340262 7.127849 7.246527 7.633200 7.753303 7.876514
8.192657 8.107474 8.196000 8.605924 8.578517 8.566664
8.796910 8.884340 8.962500 8.932134 8.406592 8.016101
7.970591 7.760730 7.788766 8.034852 8.105189 7.892412
7.782710 8.078979 8.197436 8.435419 8.684151 8.777335
9.102995 9.531547 9.741338 9.768107 9.302551 8.608151
8.795186 8.769111 8.374805 12.141279 11.946001 11.513004
11.404528 11.447238 11.214235 10.832411 10.480415 10.464810
10.439484 10.410752 10.532077 10.560813 10.560319 10.376128
9.658121 8.863018 8.629291 8.675938 8.806783 8.828408
8.627913 8.713406 8.917328 9.089074 9.375713 9.656426
9.772629 9.899713 10.213697 9.962622 9.595319 9.576090
9.890953 9.864875 10.016961 10.142869 9.781036 9.689896
9.549135 9.321919 9.310878 9.339931 8.916561 8.846988
9.589048 9.771942 9.151974 9.208463 9.741064 10.462970
11.877644 12.889065 12.979603 12.567133 12.804472 13.872254
13.856019 13.319295 12.955702 11.976715 10.707384 9.638889
9.099258 9.279790 10.528518 11.286291 11.128272 11.363208
11.365409 10.733103 10.174989 10.293486 10.994830 12.830777
13.847656 13.505250 12.659192 11.261376 10.390912 9.783221
9.187444 8.716647 8.652485 8.990935 9.192468 9.524218
9.713351 9.728661 9.569788 9.018020 8.504777 7.995511
7.625998 7.424653 7.297219 7.372207 7.538862 7.396012
7.025259 6.935329 6.943590 6.920884 7.013113 7.085121
7.219218 7.481808 7.674438 7.634658 7.522473 7.553787
7.677404 7.982363 8.389110 8.529932 8.777640 9.021520
8.839913 8.757673 8.934020 9.016434 9.006950 8.949861
8.940139 8.822784 8.290662 7.945104 7.754889 7.512701
7.340843 7.156068 7.264254 7.332241 7.171362 7.351076
7.800712 8.056553 8.245595 8.479488 8.327264 8.215103
8.536765 8.717148 9.037252 9.334560 9.195358 9.078626
8.937899 8.646462 8.314718 8.209439 8.172607 8.257060
8.174870 7.918789 7.876171 7.839163 8.025207 8.266776
8.678126 8.862360 8.798940 9.278377 9.714040 9.674734
9.493178 9.329566 8.875814 8.682474 8.557891 8.256619
11.347323 11.374232 11.311036 11.343144 11.382677 11.321651
10.833136 10.097972 9.737759 9.776547 9.949938 10.180005
10.349920 10.482061 10.275786 9.501863 8.996992 8.947381
8.821935 8.667440 8.646925 8.578297 8.711346 9.048724
9.325732 9.594931 9.822610 9.922122 9.832237 9.722777
9.611624 9.332629 9.098277 9.109926 9.097927 9.429658
9.681766 9.439530 9.359941 9.407704 9.341995 9.262896
9.100557 8.790726 9.128396 9.711675 9.553002 9.180368
9.365123 9.797272 10.449545 11.346377 11.773055 11.824565
11.917651 12.795839 13.994824 13.653943 12.808404 12.425051
11.392354 10.228528 9.885235 9.659905 10.213003 11.157862
11.028453 10.710827 10.786278 10.624963 9.865843 9.471427
9.846599 10.500647 11.600639 12.226309 11.950160 11.571082
10.931165 10.338840 9.670461 9.000403 9.002533 9.083176
9.175114 9.477338 9.868402 9.856136 9.486041 9.464644
9.350577 8.872804 8.319548 8.021539 7.817579 7.569099
7.555002 7.587274 7.391836 7.090791 6.914019 6.948886
6.994061 6.944528 6.973933 7.155925 7.578170 7.756483
7.555431 7.543957 7.700612 7.694878 7.810008 8.262496
8.670587 8.739936 8.676279 8.648269 8.652775 8.726904
8.894119 8.972045 8.614763 8.324770 8.388737 8.179716
7.774720 7.473510 7.294100 7.207048 7.070512 7.124286
7.176961 7.255793 7.490184 7.948599 8.301294 8.187311
8.327054 8.437730 8.590560 8.780518 9.075892 9.780119
9.885803 9.554988 9.311194 9.221499 9.350000 9.112211
8.674587 8.512718 8.490076 8.217758 7.857754 7.882545
7.911940 7.965378 8.299182 8.604302 8.735354 9.056103
9.288854 9.309315 9.551035 9.465623 9.286139 8.979317
8.476676 8.183708 8.012216 10.492161 10.418604 10.544311
10.916152 10.830747 10.761244 10.547851 9.861879 9.493851
9.558882 9.651356 9.687352 9.829121 10.259697 10.271476
9.580760 9.237993 9.381621 9.171093 8.815543 8.884296
8.884048 8.854560 9.043734 9.415833 9.637660 9.571322
9.596656 9.361187 9.121807 9.329490 9.258616 8.835686
8.557824 8.664021 8.891385 8.876168 8.839213 9.099038
9.267616 9.414950 9.476706 9.030434 8.908989 9.317298
9.470196 9.267447 9.132345 9.372697 9.870021 10.575305
11.171010 11.349579 11.553923 12.029268 12.747165 13.371273
12.736018 12.046023 11.711125 10.648765 9.839952 9.926353
10.259507 10.943053 12.043277 12.028020 10.988628 10.611378
10.553023 9.686863 9.098613 9.357660 10.108885 10.657377
11.036053 10.856472 10.386130 10.497975 10.514947 9.901714
8.921998 8.783821 9.216638 9.235037 9.229669 9.545342
9.610597 9.366462 9.597808 9.746138 9.380960 8.881959
8.447926 8.146898 7.897153 7.920575 7.811008 7.456709
7.154881 7.009251 7.055544 7.014288 6.889638 7.040734
7.390888 7.763796 7.841286 7.639253 7.686682 7.949030
7.974629 8.042092 8.233351 8.371660 8.433961 8.354042
8.348496 8.443114 8.501595 8.672141 8.791302 8.575145
8.104690 7.771422 7.735045 7.602747 7.361637 7.204037
7.095683 6.974921 6.937652 7.158442 7.381791 7.542779
7.871437 7.989117 7.783915 7.825716 8.214863 8.766924
9.032739 9.146041 9.434573 9.653649 9.839869 10.026299
9.922669 9.809135 9.700511 9.307865 8.837769 8.426040
8.250975 8.095479 8.074425 8.278656 8.298879 8.482545
8.816588 8.939436 9.060976 8.945788 9.040495 9.202704
8.971909 8.812217 8.593097 8.266299 8.136638 8.141024
9.951111 10.001825 10.108850 10.276140 10.333296 10.354726
10.130363 9.642846 9.602422 9.713822 9.610112 9.526704
9.680298 10.160756 10.073058 9.504501 9.511378 9.619909
9.482380 9.295841 9.267637 9.214625 8.917780 8.861576
9.119256 9.171201 9.126262 9.161811 8.931997 8.816457
8.952750 8.951662 8.686939 8.631232 8.813530 8.803104
8.749524 8.815845 9.178064 9.344105 9.614384 9.957596
9.416640 9.009066 9.036850 9.164697 9.403432 9.342401
9.501491 9.864304 10.373012 11.201608 11.759661 12.123095
12.436941 12.493773 12.503104 12.198745 11.654320 11.221004
10.830724 10.351549 10.191214 11.075593 11.743844 12.079351
12.074179 11.088592 10.768480 10.500158 9.642517 9.121030
9.187985 10.053864 10.501993 10.300506 9.793273 9.776853
10.325267 10.559905 10.179479 9.267536 8.888920 9.075629
9.123735 8.994198 9.128977 9.394980 9.495829 9.653664
9.746915 9.610565 9.198163 8.768613 8.448078 8.159212
8.241825 8.032913 7.625823 7.373027 7.116586 7.063553
7.009938 7.065931 7.239032 7.461753 7.715104 7.808086
7.758502 7.770389 8.029953 8.094217 8.120466 8.399611
8.489245 8.480333 8.493100 8.353326 8.345220 8.455140
8.491842 8.533333 8.601346 8.300552 7.761780 7.611294
7.619870 7.526334 7.378131 7.206918 7.018510 7.027841
7.303217 7.433592 7.580473 7.777568 7.808929 7.702662
7.628506 7.924390 8.396480 8.776734 8.858065 8.841501
9.038818 9.414423 10.190202 10.303082 9.944748 9.941076
9.659105 9.062577 8.462498 8.420783 8.399320 8.430890
8.736824 8.747879 8.791901 9.160857 9.119240 8.817513
8.859762 9.019090 8.831196 8.490542 8.313624 8.251547
8.208306 8.184928 8.269227 9.963359 9.947312 9.877024
10.192084 10.503784 10.227611 9.742757 9.562372 9.891855
9.910671 9.652415 10.034998 10.221332 10.131196 10.067266
9.685344 9.925304 9.957035 9.719663 9.780170 9.596022
9.362719 9.130046 9.009551 8.900112 8.765180 8.907875
8.804813 8.469464 8.531199 8.520795 8.464759 8.472660
8.727935 9.011715 8.976521 8.995887 8.928286 8.953186
9.167411 9.519017 10.085130 9.766021 8.979136 8.742666
9.042466 9.453723 9.585235 9.703415 9.829240 10.315092
11.305936 12.116870 12.197945 11.838440 11.949838 12.316582
12.419606 12.440348 12.294630 12.210665 11.835092 11.195664
11.530450 12.493003 12.058186 11.102285 10.847814 10.458197
9.586230 9.096620 9.135512 9.221911 9.781987 10.263670
10.229150 9.824212 9.745897 10.069168 10.035620 9.815840
9.664461 9.330372 8.787580 8.746751 9.012746 9.135435
9.346326 9.580951 9.636731 9.713487 9.716587 9.350966
8.900201 8.478480 8.180370 8.105287 7.826807 7.509475
7.336501 7.069859 6.942827 7.028896 7.250723 7.339533
7.397857 7.581788 7.811385 7.937455 7.810368 7.790313
7.868091 8.068517 8.460320 8.897737 9.051804 8.920169
8.699389 8.531374 8.570779 8.555936 8.674548 8.746833
8.410860 7.861581 7.592233 7.635838 7.641039 7.508766
7.316953 7.075591 7.047182 7.153839 7.269126 7.634277
7.792129 7.817341 7.652167 7.497666 7.768887 8.146756
8.420372 8.639495 8.958956 9.135985 9.063697 9.460866
9.942508 10.018876 10.099927 9.976635 9.543132 8.830042
8.534501 8.481107 8.797747 9.341760 9.499683 9.510180
9.647220 9.487469 9.029306 8.867288 8.869465 8.919010
8.759116 8.619983 8.603514 8.536476 8.562130 8.659645
9.877350 9.876905 9.756037 9.941081 10.135918 9.872803
9.612704 9.547114 9.970814 10.125305 9.875109 10.331279
10.428020 10.163414 10.326815 10.365494 10.749117 10.673422
9.998017 9.864780 9.771247 9.573846 9.412861 9.121126
8.861046 8.755486 8.748960 8.472109 8.245275 8.341626
8.333356 8.436402 8.681853 8.811318 8.826689 8.764135
8.674345 8.618293 8.591703 8.645906 8.861119 9.386677
9.545861 9.048227 8.664390 8.817918 9.162081 9.562081
9.895765 10.358130 11.339520 12.433114 12.994609 12.454359
11.818388 12.057850 12.481081 12.599927 13.105097 13.502288
13.045740 12.627724 12.128165 11.495935 11.958752 11.863586
11.105049 11.231073 10.600440 9.513583 9.157098 9.172482
9.441988 9.836375 10.069233 10.197117 10.223035 10.077457
9.993413 9.652045 9.303691 9.302345 9.082825 8.601709
8.604671 9.066989 9.186903 9.195298 9.383977 9.363553
9.491568 9.526282 9.252392 8.916035 8.350302 7.835599
7.651974 7.557997 7.323143 7.134253 6.943173 6.910015
7.205519 7.393500 7.429321 7.521270 7.609034 7.787458
7.888212 7.734146 7.685364 7.779756 7.959711 8.271566
8.621953 8.936417 8.863909 8.554302 8.475717 8.619427
8.616089 8.728074 8.763590 8.347863 7.753416 7.463659
7.559387 7.666227 7.559982 7.321178 7.076067 6.922511
6.955970 7.138043 7.525300 7.661828 7.659822 7.541230
7.468997 7.663500 8.002448 8.319038 8.581842 9.097957
9.368059 9.084427 8.886613 9.302966 9.732977 9.916162
10.084051 9.609716 8.819259 8.596480 8.662898 9.058845
9.554857 9.908425 9.882198 9.523552 9.112349 8.824756
8.833627 9.140238 9.433937 9.343650 9.268883 9.253909
9.330109 9.393449 9.379859 9.626533 9.755142 9.751609
9.566127 9.438515 9.520885 9.536904 9.547282 10.329228
10.698848 10.416599 10.491093 10.354044 10.288404 10.672079
10.981390 11.339598 11.246529 10.486614 10.094572 9.862942
9.655080 9.402807 9.054314 8.901311 8.702419 8.474432
8.248501 8.178868 8.222741 8.274449 8.564371 8.818105
8.992766 8.871642 8.451886 8.316835 8.426754 8.494962
8.436217 8.497582 8.913844 9.327319 9.156663 8.802999
8.895706 9.066018 9.230138 9.550202 10.242325 11.540488
12.269030 12.724352 12.725189 12.144598 11.708724 11.386967
11.780357 12.412415 12.932409 12.781387 12.415401 12.246584
11.583227 11.085193 10.893129 10.847196 11.185931 10.659220
9.878401 9.680081 9.592373 9.886478 10.009809 9.775263
9.856511 10.113305 10.092865 10.237649 9.883492 9.194850
8.868347 8.735573 8.780562 8.986273 9.188862 8.977176
8.835361 9.054165 9.207598 9.258864 9.120330 9.033509
8.986454 8.425400 7.805509 7.595658 7.390477 7.168746
6.958906 6.808507 6.996291 7.317807 7.473094 7.607966
7.813632 7.824662 7.682129 7.601897 7.586329 7.796649
7.970483 7.918170 8.111946 8.207444 8.320816 8.397765
8.201213 8.377394 8.609707 8.568912 8.596283 8.435281
8.132127 7.784806 7.515282 7.674060 7.793167 7.675904
7.517822 7.283259 7.076885 6.959420 7.077234 7.264889
7.298612 7.427109 7.460470 7.442444 7.579081 7.972737
8.342012 8.533221 8.914769 9.212508 9.053937 8.722571
8.895861 9.322654 9.510532 9.511458 8.999664 8.672869
8.812974 8.930532 9.095273 9.075293 9.289630 9.582481
9.433725 8.835262 8.483722 8.923568 9.715351 10.303943
10.185806 9.634607 9.434682 9.548255 9.418239 9.290829
9.212597 9.180203 9.168276 9.166574 9.284262 9.589316
9.588675 9.662379 10.499808 10.770846 10.481733 10.278494
10.119364 10.409680 11.148779 11.523507 11.442542 11.241027
10.510680 10.114793 9.889691 9.708912 9.487094 8.998154
8.787501 8.660686 8.423740 8.241500 8.360581 8.482825
8.403594 8.502965 8.753577 9.000679 8.818604 8.390166
8.307990 8.341093 8.404834 8.511741 8.537549 8.847919
9.224698 9.325070 9.204443 8.983529 8.913769 8.916980
8.950009 9.435906 10.405077 11.203189 12.282274 12.445526
11.660409 10.996023 10.361398 10.714764 11.300626 12.021052
12.283599 11.706570 11.407871 11.134001 10.810097 10.822523
10.814091 10.705668 10.401950 10.127345 10.002082 9.915782
10.167637 10.253398 10.026335 10.260022 10.332534 9.951753
9.965676 9.682945 9.296789 9.105449 9.261926 9.395232
9.410098 9.338630 8.974181 8.848842 8.945576 9.305226
9.247987 8.841152 8.730829 8.562543 8.061067 7.800315
7.742933 7.371082 7.167117 6.964181 6.834538 7.062266
7.294709 7.593796 7.932462 7.980889 7.924140 7.884547
7.830588 7.890394 8.053016 8.124775 8.059802 8.137209
8.109885 8.160625 8.344199 8.320402 8.441164 8.585341
8.519886 8.376346 8.105981 7.869304 7.771632 7.762173
7.900144 7.863772 7.721007 7.671547 7.519412 7.277508
7.114207 7.157464 7.124716 7.095547 7.216030 7.336376
7.377609 7.508356 7.954643 8.287017 8.576428 8.971274
9.083748 8.904239 8.666500 8.630003 8.741340 8.837837
8.960296 9.007943 9.199393 9.252084 9.103550 9.145050
9.088352 9.276600 10.081137 10.455065 9.645182 9.069722
9.649596 10.140725 10.447010 10.598211 10.256001 9.877769
9.524164 9.292031 9.223287 8.939899 8.770908 8.719814
8.871476 9.137687 9.737540 9.841564 9.733123 10.226784
10.638635 10.601663 9.997345 9.707422 10.315882 11.274168
11.829190 11.754677 11.319656 10.428165 9.941859 9.903647
9.837962 9.621582 9.049606 8.646048 8.652185 8.549001
8.471772 8.715054 8.803429 8.654898 8.552468 8.802371
8.866651 8.584697 8.493831 8.377608 8.181566 8.150317
8.351636 8.359043 8.364558 8.731260 9.202463 9.437438
9.190380 8.801864 8.673613 8.666811 9.024983 9.510492
10.335584 11.550660 11.446860 11.004461 10.816078 10.293931
10.331076 10.806276 11.304950 11.406727 11.163369 10.901448
10.969509 11.242573 11.421637 11.338836 10.664823 10.187921
10.250063 10.109914 10.044233 10.470325 10.739437 10.664891
10.934163 11.036751 10.453214 9.820727 9.353654 9.275829
9.298007 9.704775 9.969229 9.601634 9.401429 9.270170
9.071046 9.183692 9.464541 9.097379 8.497779 8.228546
8.013464 7.708288 7.745909 7.931503 7.705102 7.412765
7.267161 7.199204 7.217213 7.316502 7.696488 8.127438
8.183414 8.143252 8.182443 8.147125 8.080035 8.139535
8.094562 7.998398 8.150382 8.189713 8.240327 8.343879
8.441777 8.617594 8.662778 8.571598 8.216166 7.888137
7.792751 7.784765 7.949385 7.999544 7.783282 7.758926
7.899795 7.808139 7.422284 7.239211 7.289075 7.148098
7.155552 7.257266 7.302979 7.427741 7.541869 7.895053
8.373468 8.815413 9.136927 8.899351 8.638268 8.566243
8.327253 8.161852 8.115796 8.353718 8.791959 9.123622
9.371454 9.356835 9.136433 9.383189 9.751128 10.303749
11.259412 10.786253 9.781632 10.147295 10.318835 10.556997
10.877751 11.001354 10.629087 9.807480 9.544090 9.405137
8.688021 8.742484 8.971614 9.080150 9.179082 9.804669
10.062270 9.987707 10.214698 10.779861 11.115166 10.613273
10.230435 10.532575 11.103369 11.628654 11.968511 11.597397
10.825209 10.302382 9.947148 9.860543 9.670760 9.127389
8.827873 8.787550 8.640901 8.528322 8.752672 8.981833
8.986833 8.865466 8.888155 8.977130 8.891699 8.796265
8.422675 8.150134 8.166268 8.248825 8.254120 8.196782
8.388602 8.710003 9.094262 9.178141 8.752137 8.486498
8.572576 8.757022 8.945774 9.252725 10.056252 10.587670
10.715110 10.645411 10.368092 10.191442 10.269250 10.389401
10.867202 11.314764 11.027288 11.167847 11.797254 11.802694
11.292541 10.492915 9.926027 10.051865 10.122103 10.084629
10.623679 11.055950 10.924477 10.856509 10.956333 11.015734
10.445956 9.606007 9.440555 9.406641 9.418481 9.798239
9.685690 9.456883 9.455516 9.256095 9.318465 9.370115
8.868510 8.328705 8.092964 8.023325 7.889609 7.896094
8.104050 8.030266 7.698204 7.578056 7.558409 7.427139
7.393785 7.707206 7.973009 8.166763 8.336872 8.319870
8.144737 8.050089 8.205970 8.196097 8.083838 8.221907
8.491504 8.588636 8.391092 8.375675 8.631321 8.632964
8.411307 8.073340 7.851123 7.907771 7.932684 7.952049
8.016508 7.946109 7.979037 8.091292 7.986098 7.625688
7.478873 7.550086 7.340503 7.263620 7.448883 7.453412
7.535533 7.677182 7.936081 8.337044 8.685194 8.819148
8.553723 8.481063 8.468709 8.310631 8.148614 7.962835
8.065265 8.337634 8.493217 8.782161 9.096242 9.120149
9.360901 9.825608 10.317892 11.006818 10.972781 10.098936
9.927322 10.131367 10.524155 10.765172 10.805021 10.341995
9.486736 9.383164 9.396589 8.579494 8.721304 8.953290
8.898571 8.963649 9.491074 9.995589 10.202604 10.572207
11.069184 11.363655 11.541407 11.182487 10.955187 11.168889
11.383017 11.666898 11.541060 11.141732 10.632134 10.113480
10.020427 9.743627 9.204446 8.994764 8.862906 8.728719
8.554779 8.666789 9.099577 9.237157 9.062552 8.935941
9.142349 9.154699 8.857311 8.510070 8.347102 8.410180
8.481549 8.439639 8.337776 8.298708 8.439190 8.845314
8.875797 8.460270 8.396248 8.640014 8.777041 8.939875
9.098021 9.626612 10.369956 10.588225 10.582213 10.341214
9.903614 9.742027 10.023779 10.960310 11.294234 10.903690
10.881455 11.396183 11.620562 11.074247 10.500427 10.125112
10.144714 10.308499 10.107407 10.488065 10.971008 10.778355
10.614563 10.492465 11.341899 11.416913 10.221682 9.826095
9.565006 9.337158 9.458691 9.485989 9.313980 9.178158
9.348828 9.494723 9.276625 8.776137 8.300461 8.191096
8.210370 8.065591 7.945290 8.030012 8.154217 7.949127
7.674813 7.682695 7.562928 7.504323 7.746018 7.878586
7.973287 8.248003 8.385631 8.264113 8.297930 8.360236
8.512278 8.570297 8.402884 8.626671 8.828669 8.576322
8.380979 8.515916 8.510531 8.258614 7.959901 7.757660
7.832616 7.953902 7.969699 8.018753 8.087806 8.033048
7.961417 7.999425 7.922454 7.855599 7.900846 7.868116
7.787594 7.818128 7.721662 7.588630 7.728691 7.990478
8.156482 8.295195 8.254723 8.041031 8.043531 8.137426
8.307580 8.355747 8.151900 8.057904 8.044378 7.964592
8.105111 8.535349 8.980346 9.461278 9.782327 10.315415
10.845886 11.157843 10.583003 9.856886 10.036928 10.151423
10.270965 10.252442 9.586476 8.889346 9.115023 9.444208
8.707433 8.744458 8.826382 8.794649 8.743679 9.116405
9.833614 10.111690 10.684033 11.315935 11.352220 12.018772
12.189612 11.571181 11.377768 11.548089 11.618363 11.455874
11.253119 10.776630 10.428040 10.110021 9.684995 9.371845
9.007946 8.789710 8.697633 8.616153 8.736379 9.207184
9.436241 9.197430 9.059059 9.052629 8.903564 8.803039
8.891311 8.838909 8.562808 8.484111 8.486482 8.434221
8.460581 8.528858 8.839994 8.954935 8.792696 8.890506
8.974147 9.081963 9.280877 9.359363 9.765429 10.329773
10.486814 10.781539 10.633381 10.079248 10.017836 10.213815
11.058472 11.360454 10.863285 10.592395 10.744449 11.039660
10.608888 10.263171 10.433723 10.536778 10.472553 10.397793
10.934121 11.238552 10.798174 10.429783 10.371979 11.469278
11.799291 10.569980 9.926261 9.732188 9.751201 9.807497
9.597222 9.231060 8.963220 9.177135 9.574692 9.463328
8.874836 8.434495 8.353877 8.205513 7.956716 7.939480
8.069769 8.185199 8.138073 7.942810 7.816494 7.644471
7.512566 7.619631 7.823471 8.153067 8.446924 8.371414
8.202065 8.250554 8.379937 8.874239 9.177303 8.832090
8.687191 8.795667 8.790554 8.643847 8.594722 8.568293
8.284359 7.925572 7.699503 7.659233 7.784099 7.838389
7.860543 8.022996 7.985755 7.875688 7.985511 8.056284
8.161992 8.307441 8.349294 8.254202 8.146645 7.929494
7.623518 7.627352 7.863238 8.168701 8.343465 8.092559
7.786620 7.687277 7.856588 8.325290 8.582524 8.226025
7.813646 7.751650 7.626626 7.693530 8.038014 8.386569
9.004065 9.416317 9.946366 10.976996 11.679818 11.262412
10.614342 10.446325 10.412204 10.430940 10.045138 9.345790
8.943367 9.100355 9.236306 8.915603 8.960197 9.074242
9.079625 9.215068 9.516271 9.794761 9.804619 10.241541
10.946182 10.959597 11.383468 12.061461 12.000812 11.807651
12.041407 11.854646 11.228286 11.070671 10.828905 10.412679
9.989501 9.574545 9.280086 8.865245 8.765925 8.824837
8.823124 8.946898 9.375130 9.651654 9.522819 9.351929
9.103620 9.063081 9.066410 9.104499 9.217988 8.890571
8.544835 8.639364 8.693626 8.710293 8.800752 8.926453
9.150321 9.340769 9.553548 9.590339 9.559958 9.552859
9.548079 9.892794 10.277951 10.488788 10.847848 10.714718
10.235572 10.356429 10.558853 10.800117 10.901408 10.642479
10.467084 10.631330 10.866795 10.569701 10.294515 10.575640
10.788221 10.619228 10.754970 11.456510 11.696089 11.097898
10.348334 10.136304 10.772302 10.923662 10.164291 9.564137
9.461802 9.908522 10.327770 10.200138 9.585637 9.017841
9.136559 9.462239 9.364996 9.123953 9.048876 8.980585
8.594447 8.249726 8.144768 8.128592 8.195823 8.258512
8.226732 7.926876 7.696807 7.848003 7.937500 7.936827
8.245397 8.431344 8.283598 8.030195 8.117663 8.703345
9.252968 9.288227 8.890801 8.832619 8.902239 8.866668
8.833680 8.566998 8.405273 8.255550 7.978621 7.853642
7.779823 7.746412 7.653918 7.775554 8.122637 8.045472
7.807372 7.752477 7.854696 8.295611 8.823294 8.719304
8.299297 8.115404 7.914605 7.742885 7.751798 7.988963
8.332001 8.481329 8.237894 7.874636 7.784524 7.914221
8.272835 8.580128 8.246643 7.755873 7.650297 7.705620
7.841010 7.855185 7.905211 8.387366 9.254230 10.063253
10.802866 11.165395 11.117163 11.119345 10.878977 10.523704
10.293283 9.810988 9.306458 9.133109 8.997544 8.888460
8.832119 8.894683 8.908762 8.875442 9.332313 9.679094
9.684074 9.783332 10.015453 10.310146 10.242921 10.389910
11.097022 11.657047 11.905096 12.143939 11.915502 11.372680
11.356828 10.962079 10.197495 9.960692 9.796376 9.307818
8.736125 8.694599 9.078496 9.269795 9.365695 9.566751
9.693891 9.707738 9.596776 9.553356 9.552092 9.276604
9.097184 9.169479 9.064533 8.875579 8.864679 8.768222
8.818267 9.132808 9.399122 9.636107 9.849473 10.231833
10.356117 10.088511 9.739891 9.696029 10.021699 10.459083
10.818443 10.783810 10.538091 10.336454 10.360460 10.570488
10.424740 10.398037 10.584489 10.543282 10.763779 10.853232
10.773134 10.888205 11.141687 11.039279 10.734572 10.815773
11.044432 10.998413 10.589070 10.187895 9.842235 9.938589
10.014116 9.795753 9.551630 9.374794 9.655207 10.129488
10.080484 9.525346 9.152333 9.228319 9.249476 8.980501
9.104901 9.520547 9.434078 9.151087 8.906059 8.461687
8.099355 8.166777 8.329117 8.236510 8.032367 7.922606
8.232064 8.442055 8.154201 8.096442 8.198471 8.200853
8.342607 8.455506 8.757106 9.114552 9.256868 8.872814
8.744609 8.963665 9.041128 8.929937 8.570537 8.487275
8.331818 8.064928 7.947864 7.876255 7.928650 7.861906
7.992887 8.522135 8.497218 8.125759 8.044740 8.185654
8.567498 9.214489 9.195299 8.561040 8.251553 8.113683
8.108546 8.210227 8.360753 8.455217 8.401463 8.227315
7.874228 7.820113 8.187749 8.425251 8.500360 8.363300
7.995111 7.882283 8.036276 8.084112 7.899329 7.803759
8.385448 9.433789 10.241362 10.643629 10.734139 10.529711
10.500886 10.554309 10.274453 9.897170 9.569527 9.154405
8.677366 8.391833 8.294587 8.272825 8.390308 8.438974
8.585912 9.021359 9.365203 9.585983 10.088353 10.492309
10.372402 10.300084 10.586816 11.080346 11.508714 11.993608
12.454209 12.356176 12.013249 11.737913 11.118364 10.486128
10.222460 9.900816 9.252630 8.799176 8.825260 9.391255
9.854246 9.862411 9.720163 9.680913 9.758245 9.615955
9.633591 9.539697 9.218585 9.260554 9.330971 9.176875
9.179805 8.956909 8.649308 8.906349 9.371414 9.759936
10.022429 10.375533 10.852722 10.882549 10.563569 10.194825
10.130931 10.271355 10.503666 10.968323 10.945184 10.550501
10.252776 10.174564 10.347831 10.369461 10.421955 10.673907
10.691573 10.688402 10.667256 10.748184 11.062849 11.177335
11.047751 10.860303 10.566900 10.412264 10.143714 9.657074
9.696596 9.582447 9.442739 9.513459 9.579098 9.619914
9.345734 9.369410 9.594605 9.439028 9.215444 9.316066
9.298391 9.108899 8.982178 9.103045 9.607695 9.501999
9.421633 9.305350 8.612986 8.264231 8.322283 8.264105
8.123460 8.140418 8.181514 8.341818 8.428232 8.244345
8.221308 8.298398 8.253743 8.426160 8.481455 8.571823
9.067982 9.515716 9.429530 9.255290 9.353846 9.625922
9.328781 8.828004 8.819955 8.465264 8.145380 8.019565
7.892724 8.134398 8.228126 8.334992 8.845114 8.963225
8.640010 8.738436 9.029565 9.095706 9.553491 9.565804
8.979962 8.720587 8.483474 8.347535 8.488089 8.524669
8.316876 8.218189 8.203581 7.959593 7.936301 8.322276
8.502637 8.515658 8.469752 8.342613 8.371179 8.344386
8.053486 7.964642 8.029337 8.379815 9.134079 9.817678
10.245422 10.504779 10.365190 10.016518 10.001185 10.179213
10.094944 9.634211 8.940296 8.187396 7.873715 7.873404
7.875731 8.056650 8.345018 8.776315 9.061686 9.428852
9.951304 10.530204 10.910435 10.773979 10.815962 11.308188
11.817031 11.668540 11.854900 12.614044 12.611831 12.150787
11.715788 11.395922 11.028224 10.297954 9.625910 9.148596
9.024019 9.293063 9.974884 10.471285 10.256330 9.899340
9.700482 9.539544 9.364362 9.510260 9.611748 9.526040
9.660175 9.685039 9.229919 8.938943 8.850599 8.718498
8.942159 9.262550 9.666062 10.108110 10.696773 11.196366
11.240304 11.097319 11.018988 10.821556 10.382581 10.353209
10.665202 10.813640 10.482161 10.116290 10.314449 10.573353
10.554783 10.438435 10.622228 10.776134 10.634935 10.547035
10.859981 11.157288 11.394390 11.389658 11.203987 10.657901
9.949488 9.689921 9.354014 9.287398 9.111301 8.857903
8.942871 9.074064 9.166920 8.989275 9.216804 9.496344
9.269000 9.060612 9.072260 9.062388 8.853832 8.802006
8.854522 9.067721 9.124312 9.374367 9.256487 8.481516
8.363954 8.521066 8.288546 8.106849 8.124769 8.225646
8.465238 8.293765 8.040784 8.287548 8.462388 8.404533
8.463425 8.456911 8.571042 9.076045 9.558747 10.465965
10.813608 10.225562 9.953246 9.420679 8.869133 8.891074
8.629896 8.249945 8.129057 8.069791 8.190225 8.440315
8.741424 9.025222 9.110961 8.952484 9.263728 9.830653
9.798241 9.854920 9.756602 9.452048 9.097794 8.703731
8.497766 8.390669 8.422544 8.304506 8.350756 8.380109
8.163505 8.058712 8.165432 8.283789 8.419769 8.370989
8.391671 8.640900 8.523559 8.150707 8.063565 8.193878
8.484982 8.694354 8.884357 9.502533 9.930764 9.909457
9.556888 9.687614 10.202808 10.080446 9.401467 8.643715
8.024455 7.699537 7.709423 7.910058 8.053011 8.405819
8.855949 9.153061 9.620067 10.349474 10.903105 10.952764
10.909961 11.325137 11.833743 12.257403 12.279673 12.106599
12.535865 12.844514 12.478392 11.998066 11.598629 10.994741
10.026083 9.338333 9.283591 9.383459 9.646108 10.127733
10.468163 10.421887 10.266800 10.136705 9.897277 9.752523
9.793592 9.790945 9.900892 9.982134 9.760235 9.161124
8.622967 8.670593 8.685968 8.758168 9.089358 9.551122
10.279999 10.985097 11.331687 11.441728 11.289807 11.742037
11.643076 10.503178 10.320444 10.447461 10.279814 10.141183
10.300168 10.690699 10.812498 10.849449 10.807600 10.777081
10.814367 10.730410 10.496898 10.816740 11.622214 12.205834
12.228481 11.831930 10.921177 9.759851 9.479825 9.378570
9.112110 8.960409 8.869311 8.836302 8.709096 8.647598
8.679600 9.000872 9.252090 9.020381 8.762470 8.586206
8.473058 8.423517 8.464038 8.381807 8.326490 8.561665
8.913875 8.937044 8.494793 8.345243 8.417104 8.328868
8.269114 8.174962 8.001164 8.031759 7.924749 7.768127
7.932465 8.223092 8.572729 8.767557 8.570582 8.566319
9.192335 9.980922 11.067403 11.294611 10.406804 9.723230
9.111382 8.642840 8.886636 8.871753 8.517714 8.514987
8.382236 8.461451 8.816693 9.128544 9.381331 9.489634
9.497685 9.880332 10.527907 10.778929 10.558322 9.956364
9.563714 9.244392 8.912260 8.671721 8.197603 8.145790
8.357831 8.500462 8.419072 8.259574 8.190306 8.105766
8.286903 8.544546 8.524382 8.536160 8.624210 8.382402
8.158903 8.019171 8.109218 8.548689 8.547409 8.574710
9.289509 9.407014 8.973379 9.117498 9.561389 9.833480
9.670623 9.061794 8.461421 7.951954 7.569329 7.474394
8.014889 8.264201 8.758449 9.021085 9.541476 10.136744
10.723141 11.397904 11.276117 10.906349 11.383369 11.907156
12.222551 12.818049 12.331078 12.037876 12.732683 12.855284
12.461412 11.660536 10.787759 10.022984 9.461566 9.668849
9.936885 9.909248 10.052458 10.341658 10.579903 10.795886
11.040068 10.769394 10.286735 10.235380 10.204750 10.347791
10.301494 9.614315 9.074569 8.791379 8.770023 8.776076
8.820952 9.146043 9.696538 10.478486 11.008036 10.956154
10.702881 10.716896 11.611547 11.717484 10.698323 10.388303
10.339288 9.923253 9.639835 9.916784 10.741188 11.088402
10.909994 10.856073 10.701873 10.574694 10.535148 10.502885
11.021251 12.244823 12.789381 12.875693 12.493231 11.153500
9.853260 9.346214 9.326582 9.086577 8.938080 9.038481
9.008167 8.978429 8.814635 8.683077 8.922939 9.115200
8.944863 8.767137 8.619182 8.409273 8.526471 8.577950
8.311758 8.363905 8.564460 8.647829 8.833146 8.609682
8.140959 8.118638 8.204393 8.198156 8.171362 7.911307
7.700156 7.613027 7.627512 7.626054 7.871860 8.474924
8.465829 8.207672 8.534892 9.242432 10.077741 10.356905
10.383930 10.120554 9.494009 8.960992 8.642639 8.858270
8.904811 8.945124 9.102204 8.851868 8.849834 9.028549
9.239140 9.435926 9.511956 9.673346 10.075708 10.988096
11.767809 11.286008 10.054436 9.385866 9.204023 8.978196
8.558711 8.211704 8.105119 8.179097 8.308682 8.257367
8.110063 8.161383 8.142875 8.345405 8.696384 8.818486
8.703082 8.276167 7.953600 8.012520 7.955931 8.079502
8.529817 8.761229 8.903100 9.095513 8.784972 8.646406
9.031266 9.210905 9.365387 9.319014 8.825469 8.161475
7.716559 7.518542 7.469676 8.032256 8.383400 8.926623
9.363211 10.264847 11.186964 11.911188 12.101996 11.740486
11.311607 11.309972 11.650609 12.090727 12.436741 11.765596
11.778029 12.361568 12.324757 12.065665 11.352723 10.790907
10.393359 9.961204 9.964028 10.086375 10.132295 10.229815
10.281663 10.549841 10.958056 11.263681 11.134262 10.692841
10.661428 10.750748 10.609287 10.210948 9.443304 9.014248
9.004882 8.860359 8.981491 9.082226 9.301784 9.889573
10.357083 10.788597 10.724822 10.484217 10.651361 11.000631
11.174766 10.822306 10.459859 10.187176 9.668583 9.556071
9.726382 10.484609 11.291026 11.083573 10.694163 10.416489
10.323885 10.561654 10.830373 11.490279 12.563384 13.262148
13.221275 12.620173 11.369431 10.025855 9.405914 9.397872
9.191704 8.726662 8.715252 8.912316 9.097884 9.024870
8.860885 8.898254 9.047629 8.959402 8.858413 8.955919
8.818213 8.645346 8.493386 8.430473 8.591277 8.661467
8.678028 8.711480 8.508816 8.098910 8.021094 8.107931
8.078367 8.082046 8.065518 7.954774 7.675631 7.481857
7.560325 7.806079 8.047829 7.879270 7.813417 8.384112
8.981399 9.367632 9.209865 9.238885 9.388789 9.062755
8.780209 8.594699 8.604381 8.686856 8.902075 8.899820
8.742535 8.841256 8.921707 9.273414 9.673145 9.736351
9.856881 10.304223 11.268928 12.256565 11.696779 10.456109
9.812441 9.457269 9.188682 8.636463 8.366562 8.458782
8.373409 8.226812 8.204470 8.098899 8.128536 8.227603
8.556439 8.850868 8.927485 8.592848 8.001832 7.796804
7.885210 7.910828 8.007989 8.338625 8.660294 8.965536
8.819288 8.401245 8.726259 8.955254 8.713934 8.927356
8.860032 8.211807 7.607730 7.428382 7.403422 7.340469
8.174977 8.507008 9.052267 9.618286 10.571894 11.605170
12.333600 12.605218 13.069659 12.832364 11.705378 11.323385
11.484670 11.484877 11.227395 11.758500 12.276401 11.732447
11.001176 10.826582 11.106975 10.949511 10.392393 10.126058
10.134481 10.179048 10.336616 10.337250 10.349397 10.685594
11.177749 11.523066 11.246471 10.760373 10.584276 10.506021
10.159735 9.467434 9.149966 9.228146 9.042808 9.125736
9.352181 9.569334 10.031930 10.368901 10.499120 10.556134
11.004498 11.183254 11.035507 11.392737 11.171477 10.486874
10.057871 9.600160 9.795593 9.994819 10.274184 10.940035
11.089118 10.755503 10.383107 10.372840 10.870653 11.168569
11.773127 12.600584 13.022306 12.796713 12.051540 11.107346
10.069625 9.718865 9.668782 9.435760 8.839469 8.521388
8.763557 8.995711 8.985047 8.775934 8.622981 8.675852
8.708033 8.792479 9.111019 9.079673 8.600795 8.265226
8.374492 8.572611 8.632600 8.626726 8.558653 8.473215
8.283570 8.154371 8.039563 8.057177 8.104647 8.128351
8.043598 7.726322 7.416898 7.498318 7.810865 7.974246
7.879394 7.785393 8.250438 8.945219 8.933060 8.546715
8.532267 8.620577 8.555939 8.620959 8.402672 8.127218
8.333470 8.510411 8.358454 8.348692 8.675544 8.875688
9.441028 10.106968 10.483955 10.776932 11.237386 12.437028
12.956075 12.180770 11.211607 10.075139 9.609372 9.507093
9.048908 8.881443 9.204620 9.114041 8.792974 8.526015
8.281405 8.403395 8.380935 8.552833 8.745030 8.706694
8.472779 8.130321 7.819716 7.800798 7.928635 7.937618
8.107591 8.407289 8.612648 8.718153 8.628301 8.620226
8.806055 8.670397 8.492798 8.189294 7.627895 7.246427
7.179125 7.168667 7.118474 8.496676 8.863278 9.639594
10.050372 10.670679 11.613767 12.423428 13.150460 13.741578
13.325340 11.833025 11.118931 10.804011 10.651362 10.860596
11.178228 11.438007 11.240543 10.820929 10.990905 11.382111
11.187698 10.876195 10.705746 10.462165 10.219881 10.305421
10.380816 10.390180 10.668543 11.362620 11.828118 11.606501
11.172151 10.846633 10.730896 10.662631 10.026441 9.625713
9.602292 9.469757 9.514906 9.814708 10.179798 10.443982
10.824032 10.655867 10.698564 11.081178 11.158782 11.347718
11.633553 11.297295 10.537112 10.120580 9.872093 9.884231
10.000435 10.189392 10.561951 11.247520 11.292916 10.648022
10.624457 11.114318 11.311339 11.661392 12.053787 12.255125
12.105783 11.326010 10.838552 10.326709 9.846156 9.660437
9.646991 9.348984 8.885531 8.926838 9.014349 8.873853
8.650884 8.368307 8.297306 8.475154 8.563868 8.874953
8.888353 8.648547 8.501529 8.422943 8.655452 8.731888
8.620344 8.654739 8.612540 8.347365 8.252428 8.175920
8.001305 7.962774 8.044241 7.937327 7.787550 7.565803
7.461570 7.760474 8.110113 8.265908 8.022775 8.121399
8.768209 8.751398 8.365001 8.353933 8.305187 8.216691
8.278366 8.140950 7.965102 8.115664 8.247409 8.162724
8.338183 8.914052 9.360617 9.949053 10.534025 10.840103
11.288804 11.725941 12.505989 12.736905 12.053664 11.448167
10.391366 9.712801 9.614125 9.488652 9.685840 10.274937
10.205155 9.583675 8.957515 8.533746 8.685565 8.602491
8.349770 8.310125 8.312865 8.295451 8.097214 7.748213
7.734069 7.899933 8.024359 8.239098 8.759519 8.885510
8.749314 8.929850 8.799640 8.686211 8.594199 8.169157
7.701554 7.308727 7.141765 7.106687 7.131364 7.168493
9.094015 9.470349 10.069724 10.282996 10.822806 11.800940
12.589878 12.967177 13.237071 13.017887 12.028479 11.462234
11.052164 10.759402 10.724376 10.709267 10.809144 10.691964
10.518149 10.695717 11.336907 11.685450 11.530297 11.168305
10.866076 10.641361 10.372323 10.303493 10.445492 11.227984
11.865680 11.822347 11.634929 11.468753 11.210496 10.795117
10.602354 10.228548 10.060830 9.886101 9.777494 9.942701
10.019845 10.415122 10.903026 11.277911 11.161671 11.439630
11.672719 11.455331 11.515386 11.522868 11.095304 10.571792
10.380829 10.413116 10.334979 9.967087 9.892411 10.554973
11.733099 11.739209 10.884644 11.006402 11.450985 11.306700
11.227550 11.762925 12.151664 11.658157 10.792617 10.659369
10.410977 9.675262 9.244971 9.179421 9.244843 9.135806
9.163549 9.091282 8.696012 8.520361 8.249661 8.080512
8.226427 8.170882 8.323815 8.502320 8.670684 8.826974
8.762022 8.933858 9.022070 8.964406 8.933937 8.729946
8.480124 8.353623 8.212641 7.963462 7.840351 7.832481
7.744904 7.737494 7.865618 7.886972 7.931143 8.075835
8.177749 7.994259 8.263696 8.709548 8.612104 8.399000
8.143032 7.888207 8.012762 8.138841 8.037086 8.186270
8.282192 8.215949 8.211422 8.702241 9.536305 10.087066
10.754202 11.564895 12.214789 12.572666 12.432336 11.981876
11.740033 11.721681 11.846187 11.193846 10.064763 9.752987
10.181792 10.662141 11.257067 11.213720 10.230507 9.570984
9.373885 9.166670 8.688865 8.130581 7.850704 8.072390
8.142248 8.077287 7.957948 7.782979 7.889729 8.155933
8.540595 9.012677 9.350736 9.325678 9.206217 8.732999
8.403744 8.237094 7.727407 7.418430 7.294225 7.308276
7.372522 7.416404 7.388299 9.751746 9.907797 10.132725
10.286098 10.876978 11.538575 12.083170 12.511552 12.700379
12.808451 12.325115 11.802432 11.444434 11.086297 10.815093
10.752987 10.850033 10.553571 10.148155 10.268434 11.413310
12.523158 12.816364 12.068839 11.608249 11.508843 10.957784
10.706363 10.962393 12.019903 12.449696 11.958704 11.679378
11.842969 11.650042 11.084850 10.866661 10.589989 10.386489
10.195756 10.014581 10.014080 9.976652 10.538369 11.213610
11.458660 11.492023 11.936721 12.322957 11.929979 11.511449
11.540097 11.515637 11.032686 10.868310 11.201729 11.238299
10.725353 10.468551 10.941437 11.603688 11.355262 10.773358
11.118422 11.387986 11.051813 10.950719 11.586488 11.733100
10.924509 10.210529 10.350928 10.434682 9.749850 9.110417
8.700465 8.634831 8.863657 9.050220 8.977378 8.646911
8.360000 8.218567 8.197046 8.224463 8.097479 8.098405
8.440539 8.773394 9.020121 9.172485 9.221401 9.214951
9.172865 8.991901 8.652884 8.431533 8.308566 8.101268
7.966302 7.958214 7.810859 7.704171 7.676736 7.999970
8.340840 8.316466 8.326109 8.155574 7.965292 8.402419
8.671972 8.623129 8.420059 8.054051 7.864740 8.074292
8.325461 8.077778 7.990649 8.102369 8.076754 8.196535
9.209388 10.662329 11.238009 11.883469 13.056298 13.255901
13.261698 13.105338 12.457145 11.865428 11.632777 11.804255
11.065746 10.101470 10.143454 11.061729 11.535661 11.555338
11.194648 10.317765 10.103754 10.006139 9.374915 8.670455
7.976685 7.588988 7.828073 8.091357 8.309214 8.308119
8.050792 8.117365 8.408244 8.713770 9.021488 9.503384
9.823765 9.623134 8.878701 8.371903 8.005588 7.460747
7.345263 7.432169 7.516426 7.610113 7.722708 7.754266
9.909841 10.160242 10.553692 10.410455 10.635494 11.363444
11.623184 11.586349 11.445540 11.847713 11.840123 11.121232
10.854915 10.803009 10.649605 10.610036 10.568366 10.517643
10.170859 10.257786 11.327259 12.506650 13.206424 12.963475
12.468663 12.034060 11.873019 12.145399 12.571846 13.010034
12.936623 12.311196 12.124920 12.708017 12.542285 11.818035
11.504203 11.383478 11.180306 10.647273 10.284840 10.008292
9.861841 10.663697 11.105483 11.000208 11.285314 11.780853
12.074078 11.624184 11.230661 11.395209 11.711356 11.499824
11.100151 11.179643 11.673679 12.044773 11.809396 11.466429
11.272818 10.831214 10.475183 10.583728 10.612303 10.543130
10.657192 10.950338 10.811493 10.279894 9.879661 10.118170
10.456717 9.992210 9.319533 8.830757 8.534663 8.621309
8.820968 8.634918 8.363278 8.125331 8.210896 8.560772
8.710799 8.521729 8.358372 8.547594 8.904782 9.259007
9.416795 9.409372 9.326329 9.048393 8.862543 8.757688
8.415111 8.318526 8.389026 8.360705 8.242206 8.120488
7.957086 7.749303 7.967823 8.234705 8.150999 8.180298
8.175070 8.084930 8.366353 8.479304 8.491679 8.356180
8.098478 8.041688 8.013506 7.990340 7.773472 7.672869
7.805140 7.893950 8.115540 9.138387 10.721221 11.830376
12.380541 12.897336 12.588718 12.732057 13.082194 12.492089
11.949946 11.584143 11.357202 10.541176 9.865200 10.038892
10.753109 11.135267 11.277750 10.907869 10.046294 9.925129
9.788258 9.159026 8.809447 8.293925 7.841162 7.834216
7.915300 8.277059 8.364895 8.094870 8.128996 8.422208
8.609525 8.866974 9.246758 9.669032 10.161865 10.025228
9.136952 8.146309 7.622352 7.626608 7.635377 7.636800
7.734545 7.702681 7.605336 9.969837 10.290603 10.555852
10.269321 10.310704 10.896620 10.817820 10.671763 10.748207
10.806121 10.844363 10.387753 10.287880 10.325174 9.993360
9.948642 10.169764 10.407758 10.267989 10.290339 11.376496
12.768325 13.702943 14.330615 13.501566 12.492338 12.621289
13.251023 13.872400 14.071203 13.979553 13.559801 13.350611
13.734889 13.433828 12.401373 11.737998 11.785011 11.926200
11.259796 10.712484 10.120741 9.697271 10.303528 10.749882
10.783630 11.268012 11.447036 11.308889 11.178711 11.086538
11.120786 11.376511 11.375832 10.718803 10.677305 11.664003
12.357388 12.116403 11.634120 11.416661 10.817481 10.245465
10.098220 9.862250 9.865345 10.195031 10.496067 10.408415
10.162105 9.814706 9.792376 9.973018 9.607880 9.161482
8.803842 8.429234 8.428525 8.568956 8.328127 8.065099
8.004291 8.293850 8.682137 8.843619 8.614979 8.430610
8.515003 8.782564 9.180887 9.201254 9.188952 9.148513
8.900160 9.119727 9.083723 8.833053 8.747525 8.654972
8.808907 8.689063 8.571726 8.302624 7.834243 7.753690
7.879246 7.805820 7.776365 7.804731 7.758523 8.087919
8.174834 8.046958 8.243246 8.317886 8.203082 8.080557
7.868979 7.660939 7.738496 8.033385 8.160773 8.339783
9.143854 9.916243 11.406533 12.053788 11.865031 13.097202
14.293004 14.376749 12.988353 11.813657 11.321955 10.945195
10.441762 9.805340 9.611446 9.844800 10.386532 10.947431
10.526837 9.450776 8.979704 9.087594 9.072818 8.940719
8.578441 8.155241 7.935141 7.782515 8.190661 8.356850
8.097408 8.000830 8.201432 8.554348 8.820340 8.788828
9.120109 10.229568 10.904522 10.078983 8.745527 8.279275
8.227558 8.048550 8.002467 8.200285 7.971914 7.615600
9.962490 9.987142 9.920632 10.074979 10.304461 10.155804
10.083013 10.586899 10.675721 10.222257 10.259235 10.131752
9.892938 9.872132 9.700664 9.651985 9.824221 10.117640
10.177546 10.292195 11.439120 13.266264 14.654224 15.058446
13.834264 13.110980 14.050715 14.635556 14.445367 14.147488
14.286490 14.707637 14.410825 13.846713 13.278923 12.351843
11.939998 12.376006 12.640012 11.967027 10.971065 9.905438
9.432992 9.744517 10.088656 10.800774 11.424836 11.060112
10.705590 10.954430 11.048620 10.924146 10.920737 10.742261
10.214591 10.519482 11.540314 12.164472 12.143265 11.580482
11.450226 11.164400 10.403110 9.939960 9.540223 9.351217
9.741457 9.952451 9.859792 9.953116 9.739509 9.434585
9.402259 9.165566 8.980885 8.741664 8.363755 8.393248
8.386834 8.188401 8.101573 8.140342 8.318761 8.573955
8.766789 8.539608 8.518117 8.772974 8.830282 8.928115
8.943506 8.945560 8.739352 8.479518 8.942581 8.934433
8.922383 9.091609 8.894178 8.997671 8.958355 8.807850
8.491522 7.922128 7.505335 7.543049 7.583818 7.640664
7.561931 7.347226 7.623682 7.919923 7.904312 8.377707
8.882433 8.805180 8.713524 8.555527 8.115553 7.937935
8.161827 8.479273 8.926968 9.706332 10.174145 11.534089
12.075822 12.221280 13.853016 14.644548 14.262216 12.805177
11.605407 10.968971 10.493271 10.201067 9.961636 9.637699
9.391028 9.646978 9.980712 9.638655 8.783616 8.436164
8.798527 8.964269 8.789531 8.441703 8.130399 7.932286
7.907641 8.184985 8.366984 8.207827 7.975124 8.222871
8.631863 8.990683 9.300508 9.445908 10.022550 10.978336
10.777586 9.607329 9.076735 8.879390 8.544709 8.344903
8.450278 8.311850 8.033199 9.956662 9.814587 9.968558
10.407762 10.498560 10.457376 10.108559 10.354797 10.695389
10.149219 9.926084 9.666888 9.354652 9.650214 9.803250
9.693975 9.626476 9.796574 10.079215 10.579597 11.651005
13.388332 14.581493 14.461012 13.698641 13.885532 15.870752
16.541589 15.490629 14.582231 15.129395 15.529905 14.565469
13.932594 13.094623 12.430282 12.807944 13.516381 13.882698
12.915373 11.081225 9.852328 9.523318 9.645208 9.849702
10.507474 10.697073 10.377115 10.368955 10.606536 10.564623
10.375803 10.283666 9.977790 9.692288 10.015721 10.867890
11.492433 11.747350 11.361246 11.188207 11.312318 10.652606
9.926329 9.352762 9.091526 9.373539 9.530607 9.817636
10.001193 9.782576 9.666693 9.538645 9.461710 9.325700
8.851285 8.507459 8.425790 8.387938 8.372290 8.442948
8.441008 8.383427 8.630075 8.897241 8.831009 8.870960
8.995848 8.996825 8.874512 8.989261 9.062316 8.725501
8.390901 8.436012 8.466479 8.566602 8.908615 8.965151
9.025585 9.025033 8.785236 8.568317 7.972120 7.330506
7.309957 7.339910 7.402006 7.304364 7.131018 7.313699
7.580438 7.883839 8.455770 8.789341 8.990863 9.605002
9.401841 8.550908 8.420431 8.373184 8.528877 9.420586
10.325141 10.431973 11.183839 11.617547 11.586078 12.333270
12.448341 12.345270 12.281416 11.701726 11.057539 10.420365
9.809695 9.798072 9.549231 9.002008 8.934589 9.032516
9.018439 8.799154 8.726250 8.890752 8.711127 8.587298
8.545020 8.255589 7.948351 7.901909 8.053671 8.207842
8.206993 8.170514 8.292853 8.539203 9.366074 10.349926
10.463535 10.526246 11.339763 11.132473 9.960375 9.574555
9.254303 8.706169 8.429505 8.347114 8.236029 8.147367
10.140858 9.926114 9.937504 10.210717 10.232102 10.570116
10.387680 10.650955 11.083794 10.287559 9.621127 9.127559
8.908362 9.281910 9.439885 9.439448 9.439095 9.504702
10.255216 11.118969 11.888101 13.134537 14.211375 14.308843
14.760048 15.084336 15.917169 17.914508 18.488354 17.720366
17.338077 15.872973 14.643326 15.146308 14.398116 13.577239
14.458226 14.968691 14.279113 12.966770 11.454371 10.277264
9.845899 10.165887 10.459433 10.416604 10.021976 9.886737
10.147643 10.183842 9.897631 9.756914 9.836655 9.730557
9.515810 9.578727 9.905458 10.111310 10.570217 10.921983
11.154060 11.199028 10.443844 9.781416 9.335951 9.141372
9.278537 9.703188 10.527098 10.827222 10.437253 10.328691
10.343107 10.312320 9.937620 9.375077 9.161253 8.824925
8.688056 8.650354 8.605571 8.587517 8.524427 8.661312
8.892794 8.979551 8.908531 9.022337 9.093377 8.966976
9.027528 9.091453 9.054428 8.884243 8.574248 8.448674
8.434590 8.600362 8.693295 8.757144 8.976416 8.802898
8.527198 7.927063 7.260334 7.137926 7.098297 7.075155
7.062351 7.149009 7.215586 7.267799 7.689666 8.182655
8.441055 8.951017 9.748447 9.588229 9.170640 9.385502
9.251367 9.185074 9.637178 10.332784 10.880245 11.229682
10.878444 10.330059 10.612896 10.781507 10.872580 11.419780
11.366608 10.718600 9.958917 9.362228 9.410757 9.295789
8.818178 8.790220 8.836766 8.751117 8.858044 8.800039
8.733535 8.653956 8.526483 8.577236 8.483418 8.164139
8.029731 8.014973 8.038868 8.273446 8.527482 8.570300
8.758692 9.855254 10.876574 10.753146 10.693487 11.467316
10.666352 9.221805 9.309244 9.106295 8.544387 8.427525
8.321110 8.082082 8.016242 9.704624 9.595038 9.369780
9.526998 9.859222 10.192484 10.323573 10.588895 10.728652
10.036895 9.206800 8.741102 8.795805 9.035658 9.148846
9.155972 9.231249 9.511055 10.319511 10.883031 11.252430
12.361215 13.818789 14.744866 15.697835 15.743590 16.041710
19.391930 21.431531 20.919437 18.937070 16.192393 14.843506
14.792793 14.730878 14.050933 14.927318 15.675504 13.991827
12.184602 11.484361 10.743178 10.309048 10.599631 10.874450
10.504992 9.701595 9.529760 9.854224 9.822696 9.500099
9.465660 9.688690 9.783796 9.488101 9.189607 9.070049
9.244051 9.740781 10.198039 10.625025 10.439068 9.828529
9.698825 9.627895 9.452129 9.507298 9.960399 10.685565
10.890620 10.654504 10.644669 10.879995 11.134624 10.638145
10.185895 10.123778 9.735744 9.168075 8.777658 8.686092
8.639055 8.650032 8.752724 8.978885 8.932914 8.743153
8.996771 9.056089 9.017094 9.092878 9.124631 9.199982
9.109927 8.846211 8.697730 8.629774 8.603655 8.697977
8.693498 8.663285 8.586690 8.363520 7.830245 7.330471
7.090275 7.027020 6.974190 7.066971 7.275359 7.231678
7.207597 7.599358 8.019346 8.429819 9.002960 9.409414
9.467289 9.553185 10.092218 10.779270 11.041057 10.204820
9.823892 10.925168 11.311719 10.489634 9.973880 9.951868
9.792540 9.903235 10.478656 10.490781 10.041609 9.560993
9.244284 9.442221 9.348682 8.860404 8.800801 8.779779
8.793787 9.003953 8.932781 8.930930 8.817807 8.544623
8.619521 8.717875 8.548442 8.361790 8.224349 8.226439
8.353422 8.486716 8.630008 8.893881 9.720841 10.603083
10.728617 10.839793 11.192465 10.163761 8.767829 8.615421
8.560034 8.230242 8.163307 8.118027 8.043612 8.108358
9.373377 9.379794 9.290114 9.453962 9.768310 9.859754
9.802046 9.774556 9.860430 9.598235 9.102064 8.833801
8.975815 9.384660 9.548830 9.607087 9.559944 9.741037
10.199143 10.406177 10.896474 12.213546 14.214447 16.101992
16.472282 15.928381 16.360481 18.709253 20.899179 20.746156
18.961133 17.068216 15.117269 13.951189 14.030506 13.720380
14.511582 15.315113 14.078565 12.343362 11.517995 11.198395
10.798070 10.747624 11.073904 10.682408 9.744691 9.205524
9.205138 9.171569 8.921611 9.205727 9.703829 9.683533
9.404907 9.079160 8.892275 9.148395 9.419946 9.713314
10.076108 9.812478 9.568366 9.888348 9.839002 9.580696
9.678101 9.817773 10.220844 10.308296 10.046745 10.512587
10.889221 10.889604 10.365137 10.123545 10.250038 9.891056
9.326416 9.035634 9.053186 8.993693 8.956761 9.028658
8.954352 8.710234 8.606662 8.660090 8.729590 8.947173
9.159023 9.121329 9.126899 9.161563 9.056883 9.064138
9.005537 8.764086 8.703510 8.777973 8.548801 8.360452
8.281809 7.909644 7.525001 7.214800 7.172009 7.184732
7.373872 7.553080 7.330968 7.241453 7.694976 8.041272
8.343062 8.840743 9.181477 9.450291 9.404915 10.008866
11.117542 11.335430 10.234732 9.657966 10.269866 10.299248
9.867416 9.591537 9.413292 9.213723 9.734879 10.284106
10.111060 9.769835 9.803361 9.962057 9.890817 9.642787
9.294276 9.200648 9.113642 9.411178 9.576525 9.339094
9.135635 8.812746 8.527264 8.595261 8.861006 8.934492
8.676603 8.387856 8.423649 8.402774 8.369891 8.362942
8.446097 9.428967 10.822599 11.192385 11.145683 11.061805
10.248162 9.042859 8.331735 8.226911 8.187134 8.060165
8.021489 8.111592 8.167318 9.705161 9.653933 9.592196
9.616168 9.458442 9.371503 9.437352 9.374249 9.371220
9.392347 9.365283 9.379715 9.340172 9.621033 9.803434
9.926635 9.958533 9.840793 10.202278 10.871692 11.357033
12.379190 14.583292 17.015111 17.147669 16.741665 17.587874
18.739051 20.594812 20.014522 17.802709 16.137309 14.567131
13.859172 13.807309 13.828293 14.307018 14.751516 14.016283
12.765449 11.891395 11.479492 11.205301 11.344276 11.404499
10.783962 10.060502 9.158513 8.753834 8.719506 8.699365
9.209823 9.733683 9.660633 9.551641 9.415399 9.180851
9.313987 9.526517 9.922855 10.347944 10.076436 9.903256
9.989505 9.684417 9.463479 9.759090 9.816784 9.753973
9.746744 9.530800 9.772669 10.051425 9.958864 9.494446
9.575912 9.750644 9.484524 9.646553 9.609647 9.431717
9.319930 9.250091 9.166322 8.735483 8.514535 8.535027
8.433243 8.454914 8.768609 9.030995 9.014169 8.910828
8.913485 9.102545 9.343944 9.213659 8.768061 8.617138
8.699926 8.593636 8.345875 8.143349 7.945207 7.640401
7.357963 7.311359 7.375243 7.614731 7.849715 7.554764
7.440140 7.956618 8.208765 8.440557 8.866534 8.945742
9.079107 9.293498 9.946009 10.311956 10.038901 9.529033
9.287283 9.659851 9.635849 9.414074 9.254425 9.014970
8.856655 9.334502 9.674347 9.574832 9.698932 10.055572
10.224600 10.063655 9.891057 9.910365 9.752292 9.478457
9.840824 9.831756 9.428954 9.255840 8.975031 8.477985
8.246536 8.589409 9.062473 9.058333 8.664976 8.432292
8.386769 8.406800 8.231307 8.123798 9.176072 11.297684
11.553137 10.438908 10.073674 9.569068 8.922240 8.373330
8.134260 8.283672 8.286566 8.248970 8.080473 7.843690
9.927233 10.024244 9.822530 9.576197 9.425462 9.287648
9.455003 9.479458 9.315609 9.203079 9.329537 9.741403
9.876695 9.855627 9.821900 10.111809 10.227746 9.893944
10.304361 11.113188 11.684132 12.678093 14.190671 16.329925
16.910542 17.367051 18.591594 19.033620 19.795224 18.783686
16.762395 15.044789 14.043430 13.694206 13.723800 14.206200
14.561353 14.731357 14.017794 13.063328 12.239201 11.759019
11.512009 11.385348 11.303443 10.693630 10.005157 9.244381
8.691302 8.658810 8.873502 9.296945 9.788681 9.793497
9.692680 9.693409 9.552262 9.699068 9.754335 9.826880
10.188835 10.071307 9.904881 9.819566 9.541915 9.627563
10.016234 9.977529 9.460136 9.018615 8.999528 8.976596
9.127762 9.335761 9.050282 9.296955 9.560331 9.523362
9.856146 9.915399 9.843983 9.814742 9.766410 9.365004
8.716686 8.550173 8.653262 8.644885 8.464518 8.546235
8.722780 8.694902 8.624144 8.800943 9.314049 9.580845
9.497992 8.996641 8.700601 8.597491 8.394570 8.195652
7.938839 7.779843 7.684554 7.557955 7.314537 7.378182
7.639059 7.854482 7.665715 7.514694 7.906695 8.103150
8.421423 8.873617 8.816174 8.714814 9.044697 9.817489
10.061190 9.663744 9.111520 8.696857 8.944996 9.265739
9.386589 9.159922 8.832613 8.818696 9.156518 9.318637
9.247101 9.546525 9.640975 9.572861 9.822673 9.896247
9.866874 9.886070 9.773013 9.846966 9.671932 9.358221
9.348035 9.125680 8.608356 8.254028 8.446947 8.918547
9.012323 8.709696 8.296928 8.275489 8.447238 8.267399
8.162273 8.772625 10.410483 11.116133 10.227075 9.191353
8.588548 8.556644 8.384047 8.138859 8.104302 8.241604
8.316578 7.983550 7.708985 10.060967 10.244159 10.118815
9.757670 9.693692 9.631188 9.550903 9.636705 9.591519
9.318072 9.361739 9.648617 9.830372 9.981868 10.124544
10.509050 10.672494 10.271589 10.147280 10.528021 11.735679
13.140565 13.497142 14.736078 16.295812 17.304423 17.550887
17.122735 17.174457 16.742050 16.228756 15.239974 14.535527
15.069526 15.810439 15.813013 15.435647 15.637754 15.001423
13.483277 12.586017 12.259085 11.483608 10.516613 10.551921
10.544014 9.977319 9.228523 8.533505 8.587691 8.970815
9.247147 9.706549 10.146855 10.362291 10.267560 9.913690
10.023459 9.961185 9.855969 10.112605 10.110801 9.996104
9.782551 9.626422 9.930922 10.147636 9.757770 9.202794
8.779668 8.678614 8.621863 8.688129 8.841219 8.688782
8.966659 9.489243 9.491661 9.549904 10.041865 10.280470
10.175862 10.049611 9.493079 8.934105 8.675295 8.719313
8.825656 8.588774 8.408095 8.442411 8.461477 8.601278
9.132073 9.700265 9.912784 10.054534 9.543137 8.821830
8.480401 8.214561 7.994369 7.752365 7.588258 7.589241
7.532786 7.145579 7.166119 7.542443 7.759586 7.738773
7.498514 7.493800 7.667186 8.062777 8.742255 8.852783
8.636215 8.641324 8.997173 9.593877 9.433794 8.706816
8.345127 8.536836 9.017280 9.373890 9.279339 8.930434
8.894285 9.094817 9.300511 9.394303 9.293686 9.105578
9.207220 9.558438 9.716818 9.585639 9.736318 10.223234
10.163543 9.626138 9.483239 9.555227 9.325732 9.062940
8.732415 8.688099 8.861711 8.742348 8.691102 8.476265
8.385319 8.498304 8.280401 8.180764 8.599081 9.503628
10.402682 10.537241 9.372155 8.306469 8.211016 8.195066
8.154086 8.109103 8.184030 8.421165 8.075089 7.613857
10.486558 10.387670 10.348262 10.127403 9.834561 9.889269
9.709291 9.602994 9.746221 9.696358 9.873093 9.991750
9.838719 10.198079 10.691605 10.909040 11.028218 10.767334
10.236617 10.351060 11.781406 13.168707 13.602431 14.600681
16.066015 17.108783 17.010350 16.471689 16.173820 16.159802
16.596308 16.018527 15.667178 17.055636 18.229088 17.572538
16.602893 16.750517 15.764078 14.350354 13.478791 12.401955
11.385182 10.179244 10.016077 10.144985 9.652864 8.978779
8.504431 8.626155 8.986921 9.470547 10.251210 11.041691
11.071423 10.605503 10.122057 9.959658 10.047214 10.221273
10.419839 10.409229 10.542061 10.270015 10.125017 10.183444
9.866196 9.541684 9.156142 8.866959 8.753889 8.592258
8.499154 8.542452 8.509094 8.695928 9.291899 9.450242
9.587502 10.206274 10.274745 9.922510 9.561102 9.188794
9.122588 8.906804 8.624221 8.641122 8.478754 8.240044
8.249425 8.441617 8.678300 8.949008 9.699537 10.507653
10.629274 9.735504 8.748739 8.314220 8.045262 7.989485
7.865411 7.717574 7.529423 7.333477 7.135673 7.117430
7.355028 7.575449 7.741227 7.764652 7.522578 7.427109
7.939908 8.832907 8.972379 8.908635 8.771012 8.395476
8.938455 8.917950 8.328330 8.206973 8.285735 8.613139
8.939899 8.997379 8.974571 8.984223 8.982701 9.170556
9.109980 9.023449 9.076297 9.170202 9.473828 9.553239
9.413727 9.617764 10.213322 10.289503 10.002478 10.077630
10.049320 9.835372 9.607872 9.206649 9.026743 9.094704
8.972978 8.835442 8.580737 8.445980 8.539905 8.469449
8.324650 8.547685 9.413195 10.101617 10.121055 9.363259
8.454246 8.288706 8.342154 8.387987 8.576443 8.446750
8.538946 8.425614 8.009207 10.446089 10.416614 10.323912
9.992731 9.552088 9.569592 9.808840 9.927861 10.087201
10.088865 10.228995 10.557833 10.646307 10.787535 11.127808
11.193378 11.108473 11.057568 10.734847 10.953063 11.718715
12.514327 13.704008 15.196224 16.270344 16.783367 17.511692
17.300723 16.299633 16.530602 17.157576 16.610369 16.396705
17.672359 18.464405 18.247838 17.961715 18.020500 16.210962
14.465731 13.609522 12.392830 11.547765 10.292825 9.778601
9.669957 9.278902 9.022353 9.186513 9.425640 9.708057
9.987004 10.558470 11.255721 11.079190 10.440452 10.078187
10.022058 9.981185 9.989297 10.270960 10.653337 11.026090
10.828422 10.789628 10.527826 9.798976 9.604824 9.421488
9.120468 8.903872 8.723126 8.687136 8.711216 8.644010
8.619298 8.975810 9.615208 10.075902 10.516120 10.322344
9.682276 9.224456 9.058215 9.355751 9.314391 8.767564
8.553663 8.376174 8.118182 8.120671 8.374960 8.784984
9.055841 9.856497 10.859066 10.649096 9.523932 8.683972
8.323564 8.130036 8.097961 8.053272 7.944343 7.668305
7.411527 7.310274 7.275414 7.317899 7.391754 7.659007
8.105345 8.129193 7.901117 8.371889 9.171129 9.192445
9.193149 8.907040 8.231207 8.540643 8.667315 8.352045
8.133553 7.954683 8.151646 8.691593 8.911933 9.110960
9.203436 8.998097 8.908618 8.699231 8.909096 9.243845
9.339488 9.630512 9.720963 9.382659 9.417625 10.043838
10.660661 11.088258 11.032322 10.549747 10.360215 9.887899
9.315948 9.144196 9.214221 9.343593 8.982138 8.461001
8.459889 8.806613 8.979203 8.735640 8.727317 9.324852
9.566138 9.275794 8.979249 8.820995 8.708458 8.776212
8.807806 8.805337 8.577616 8.584423 8.713080 8.537925
9.950702 10.177635 10.196827 9.751276 9.264209 9.224644
9.818753 10.297270 10.354542 10.397850 10.675382 11.137809
11.395486 11.300274 11.349468 11.330802 11.536437 11.420018
11.249250 11.637759 11.555953 11.901693 13.526678 15.235102
16.019950 16.424022 17.495421 17.137892 16.006932 16.446872
16.885399 17.067388 17.222901 17.643021 19.090964 19.202975
18.468385 18.325870 16.538664 14.388109 13.174481 12.388127
11.460489 10.360835 9.786953 9.617453 9.702188 9.947262
10.168421 10.349062 10.483939 10.272897 10.336670 10.692715
10.917998 10.570147 10.045296 10.014544 9.832143 9.758202
10.312241 11.263094 11.653982 11.436802 11.097703 10.685004
10.053170 9.539961 9.340346 9.218602 9.009957 8.891722
8.874699 8.888097 8.878683 8.595044 8.611026 9.389854
10.163531 10.614792 10.373161 9.604529 9.273691 9.681331
10.132409 9.827470 9.114155 8.585658 8.392346 8.116393
8.114641 8.566644 8.946525 9.493053 9.884444 10.099239
9.843638 9.054652 8.673731 8.624592 8.473307 8.263894
8.131209 8.008130 7.990138 8.046754 7.880068 7.634653
7.534388 7.531727 7.669609 7.945594 8.323934 8.402047
8.513994 8.952868 9.085074 9.057559 8.733808 8.207787
8.181589 8.325058 8.265003 8.188451 8.194966 8.369728
8.976660 9.020312 8.909979 9.064925 8.788652 8.559701
8.478341 8.803287 9.146983 9.196753 9.575716 9.805198
9.588094 9.646355 10.321326 11.001123 11.475236 11.350939
10.690014 10.443444 9.842145 9.293455 9.276281 9.379267
9.482278 9.214510 8.710394 8.752594 9.249524 9.372600
9.125084 8.937046 9.076271 9.230081 8.914069 8.651025
8.935451 8.859123 8.784885 8.813036 8.485739 8.321524
8.637082 8.921274 8.881963 9.632610 9.754736 9.650840
9.438534 9.293593 9.498046 10.217894 10.663748 11.004825
11.259878 11.276776 11.462104 11.453792 11.575064 11.640796
11.493422 11.891599 11.655608 11.479582 11.799672 11.740145
12.519188 13.940193 15.134980 15.453276 15.256799 15.778332
16.074342 15.781256 15.958727 16.256494 16.971696 17.370623
17.402174 18.919101 19.276468 18.036494 16.851182 15.541200
14.652214 13.538916 12.065119 11.070582 10.617589 10.190075
9.924739 10.298273 11.010015 11.384959 11.342328 11.120102
10.809444 10.674197 10.713600 10.979007 10.900563 10.263527
9.696088 9.650908 9.875814 10.367836 11.385777 11.817512
11.539215 10.996810 10.396284 10.054019 9.892028 9.523878
9.190988 9.074035 8.954264 8.783326 8.675105 8.717305
8.673463 8.865259 9.371775 9.800153 10.104939 10.188370
9.941801 9.567356 9.918662 10.465886 9.907067 8.999533
8.481885 8.312799 8.146767 8.217344 8.681661 8.990714
9.186257 9.223459 9.122460 9.022235 8.754724 8.659969
8.766155 8.644650 8.448232 8.266173 8.138025 8.287130
8.606367 8.494112 8.097949 7.849210 7.815517 7.711361
7.595434 7.972082 8.383072 8.447473 8.549450 8.740633
8.765116 8.682290 8.459840 8.400732 8.603590 8.660138
8.602224 9.003058 9.258960 9.104075 8.788894 8.575850
8.717560 8.553636 8.403689 8.368865 8.461608 8.616498
8.763171 9.295315 9.594131 9.734875 10.088857 10.563668
10.993143 11.329979 11.155903 10.426862 10.038473 9.544613
9.112649 9.221657 9.452287 9.481357 9.167706 8.789228
8.988884 9.597273 9.644250 9.478122 9.236388 9.236187
9.293804 8.712189 8.515163 8.832559 9.020818 9.021337
8.803327 8.401688 8.320768 8.601533 8.648382 8.541851
9.774727 9.714496 9.482016 9.395522 9.717626 10.225425
10.600107 10.900765 11.838253 12.296121 11.474504 10.999327
10.924801 11.207170 11.700115 11.686598 11.693085 11.363644
11.350166 12.064533 12.255023 12.770221 13.496780 14.003175
14.228623 13.880240 14.088946 15.000870 15.560897 15.941592
15.932538 16.246071 16.759841 16.916381 17.255177 17.534721
16.367881 14.986949 14.673150 14.263304 13.552641 12.260682
11.370914 11.137654 10.718799 10.562631 11.513394 12.239240
12.184249 11.973069 11.557829 11.146745 11.387755 11.486138
11.195226 10.934551 10.549459 10.000511 9.826240 10.033696
10.388373 10.956149 11.262716 11.250079 10.784951 10.092534
10.000854 10.318417 9.938802 9.391991 9.231280 8.994830
8.778397 8.966885 9.327096 9.263109 9.235591 9.535764
9.604518 9.699647 9.835019 9.730735 9.461972 9.472839
9.708399 9.193490 8.456525 8.158042 8.027618 8.105791
8.286131 8.560002 8.691987 8.561486 8.661021 8.673877
8.589760 8.580790 8.519185 8.558062 8.494488 8.500607
8.483904 8.499133 8.642084 8.733748 8.717471 8.467285
8.194863 8.093552 7.814784 7.630230 7.992657 8.549183
8.737921 8.524357 8.323972 8.245050 8.459634 8.628548
8.825201 9.201034 9.419206 9.402123 10.149376 10.422608
9.361210 8.922329 8.754036 8.532408 8.411315 8.351552
8.428404 8.386346 8.385407 8.766069 9.136687 9.248332
9.588460 10.013496 10.503898 11.089013 11.184837 10.451689
9.766049 9.358310 9.028372 8.974174 9.072581 9.434707
9.621211 9.189307 8.674097 8.828470 9.420445 9.631989
9.802828 9.689379 9.704855 9.508907 8.790880 8.879377
9.320617 9.826941 9.795999 9.149490 8.502129 8.371262
8.533211 8.145782 7.813334 10.162726 10.025427 10.022034
10.240442 10.572243 10.896352 10.968384 10.945636 11.523445
12.075093 11.313475 10.467059 10.510155 10.786566 11.131400
11.694620 11.682109 11.014927 11.064284 11.949468 12.319736
12.260122 12.603448 12.619016 12.663082 13.196022 13.491201
14.219842 14.963267 15.677915 15.999383 15.826878 15.905234
16.088506 15.862863 15.532312 14.464791 13.772743 14.201897
13.496687 12.617079 12.329559 11.977559 11.527860 11.015808
10.827178 11.900730 12.596450 11.809981 11.755567 11.785838
11.182450 11.632704 11.843500 11.263079 10.865910 10.947942
10.720759 10.395304 10.439327 10.515544 10.768892 10.994531
11.107173 10.713468 10.154385 10.056056 10.338118 10.184780
9.801268 9.495884 9.272269 9.392186 9.889042 10.509534
10.164798 9.538095 9.517349 9.433288 9.348043 9.172782
8.860524 8.922787 9.052350 8.926949 8.499944 8.033723
7.811576 7.811870 7.966427 8.071084 8.217684 8.110759
8.014467 8.248908 8.223646 8.209117 8.405638 8.344574
8.188062 8.195273 8.440263 8.635031 8.863729 9.081385
8.871694 8.722628 8.557769 8.391519 8.524047 8.231206
8.023149 8.401316 8.574249 8.699442 8.484335 7.923259
7.892127 8.241808 8.371308 8.494647 8.919577 9.347203
9.796391 10.480899 10.392624 9.211050 8.695033 8.601291
8.395518 8.394428 8.654912 8.983876 8.913481 8.778324
8.834158 9.018894 9.147790 9.265787 9.547173 10.299399
10.695955 10.516057 9.800067 9.226559 8.967901 8.869746
9.048509 9.155886 9.505676 9.553363 9.076157 8.511258
8.430273 8.845557 9.229108 9.787532 9.880423 9.768347
9.679298 9.358658 9.453968 9.784584 10.032691 9.769030
9.056556 8.347197 8.371815 8.446365 8.219483 8.217041
10.553637 10.374940 10.422733 11.049723 11.405025 11.274491
11.251717 11.234267 11.323867 11.579628 11.229145 10.658316
10.872930 11.092709 11.037447 11.661399 11.853886 11.282187
11.052266 11.647091 12.040464 11.965423 12.159743 12.340351
12.409671 12.967040 13.280478 13.605940 14.537086 15.242230
15.623444 15.058374 14.605400 14.859399 14.562710 14.433143
14.271641 14.446376 14.278207 12.769823 11.767864 11.946553
12.077714 11.465656 10.892804 10.682989 10.975520 11.230958
11.013590 11.272444 11.488639 11.052154 11.173546 11.345658
10.902868 10.551036 10.970838 11.034710 10.948649 11.268946
11.107117 11.110806 11.182626 10.693270 10.459319 10.339732
10.124769 10.273580 10.377530 10.496329 10.080825 9.851637
10.436472 10.765178 11.051814 10.796907 9.991233 9.536496
9.307111 9.120798 8.858385 8.660285 8.733876 8.693493
8.608039 8.372529 8.004621 7.765782 7.691450 7.727118
7.821459 8.062441 8.159093 8.068891 8.133552 8.048228
8.026285 8.342762 8.278978 8.037680 8.124338 8.269328
8.489384 8.851227 9.109512 9.087547 8.756841 8.361178
8.360044 8.615486 8.521089 8.587173 8.731987 8.369820
8.304047 8.152346 7.713087 7.910325 8.135632 8.128006
8.253226 8.473381 8.954950 9.544334 9.770457 9.623995
9.070672 8.368756 8.154355 8.434308 8.721947 9.102457
9.541505 9.471184 9.067333 8.690180 8.790312 9.127449
9.041373 9.054759 9.724551 10.047032 10.072646 9.741218
9.181044 9.085464 8.986398 8.892799 9.111842 9.309614
9.303559 9.164919 8.787154 8.539604 8.709581 9.063119
9.624749 9.746296 9.429544 9.219275 9.356853 9.867583
9.790295 9.328809 8.885559 8.387558 8.263407 8.648845
8.519025 8.333309 8.514028 10.670670 10.641180 10.909161
11.472446 11.741532 11.460951 11.191880 11.516257 11.625205
11.627678 11.470023 11.082826 11.314382 11.406338 11.312151
11.831008 12.509652 12.157916 11.483458 11.780927 11.834790
11.664046 11.871220 12.361236 12.451730 12.466849 12.500485
12.851989 14.033278 15.155029 16.119016 15.616819 14.627672
14.344429 14.096130 14.514305 14.633228 14.659012 14.341124
12.849239 11.731854 11.840966 12.020721 11.679355 11.205644
10.676878 10.446591 10.146376 10.191630 10.406920 10.341408
10.260722 10.657809 10.816777 10.195634 10.027661 10.380376
10.674966 11.111831 11.460675 11.206923 11.131434 10.978767
10.318508 10.336446 10.344700 10.235641 10.320933 10.387687
10.912847 10.831186 10.639765 11.008334 11.072019 10.929747
10.532625 9.733323 9.168219 9.171020 9.112540 8.807286
8.671587 8.707891 8.613816 8.577090 8.418776 8.172328
7.896168 7.521625 7.484082 7.628835 7.890434 8.293951
8.533249 8.714275 8.645402 8.334205 8.250556 8.211781
8.131439 8.156004 8.183144 8.448728 8.752926 8.858687
8.956334 8.935638 8.941326 8.816692 8.535138 8.623126
9.068748 9.170577 8.652019 8.315016 7.957827 7.624366
7.889334 7.990189 8.156167 8.456603 8.590212 8.855780
9.036098 9.250705 9.377877 9.201968 8.520259 8.055418
8.541331 9.079817 9.289659 9.315331 9.244868 8.857324
8.477294 8.561952 8.875776 8.889162 8.851334 9.191339
9.558187 9.797143 9.669575 9.305525 9.119572 9.012647
8.744580 8.895337 9.031021 9.156631 9.594265 9.472072
9.055970 9.088961 9.187903 9.184627 9.021761 8.719429
8.723350 9.019459 9.439252 9.275964 8.733622 8.409998
8.150109 8.257492 8.542719 8.493008 8.399661 8.388180
10.583471 10.805469 11.212746 11.455393 11.455974 10.966770
10.667217 11.142137 11.290676 11.189234 11.084128 10.937264
11.236532 11.405830 11.308097 11.712640 12.574543 12.500292
12.195313 12.169154 11.700598 11.207028 11.167608 11.849327
12.071551 12.084869 12.326268 13.066154 13.975650 14.917719
16.410197 16.549162 15.413794 14.579842 14.246626 14.478927
14.045680 13.404010 13.478215 12.762350 12.155000 12.232928
12.031648 12.102549 11.896306 10.996418 10.666974 10.450349
10.043616 9.878758 9.978707 10.190598 10.438791 10.323876
9.893758 9.927473 9.973257 10.369802 10.963784 11.019468
10.748254 10.519904 10.206381 10.062513 10.593058 10.661011
10.329436 10.344117 10.503698 10.874945 11.025161 11.186900
11.211291 10.905822 10.841459 10.349771 9.415362 8.951304
8.980582 8.936742 8.662249 8.481170 8.582414 8.681191
8.657869 8.439069 8.157028 7.877088 7.598985 7.511570
7.545510 7.853172 8.251617 8.682225 9.059811 8.985572
8.528233 8.221491 8.273888 8.323998 8.230399 8.198509
8.416186 8.585244 8.705012 8.944601 9.459935 9.883828
9.386570 8.942523 9.202033 9.270759 9.221073 9.020064
8.628353 8.079525 7.801779 8.046943 8.239481 8.626602
8.739563 8.617990 8.595194 8.687679 9.095337 9.044577
8.730097 8.508204 8.351111 8.563881 8.939970 9.017841
8.759469 8.697806 8.544557 8.439226 8.526711 8.699745
8.769201 8.625630 8.805709 9.048460 9.186772 9.246158
9.189221 8.947256 9.031270 8.992441 8.720822 8.811044
9.061175 9.528227 9.652329 9.508171 9.622913 9.226794
8.464359 8.171121 8.169955 8.275809 8.418534 8.523057
8.556122 8.421564 8.419139 8.262821 8.029652 8.121661
8.386423 8.532744 8.440332 10.673613 11.069557 11.284783
11.336701 11.059243 10.411700 10.293630 10.765461 11.066259
10.736412 10.392816 10.383365 10.723142 11.013440 11.099649
11.361103 11.972873 12.584800 12.409588 11.843510 11.374205
10.670649 10.361763 10.968337 11.434619 11.616217 12.115274
13.149902 13.943256 14.656233 15.593203 15.937047 15.579878
14.572950 13.898349 13.602756 12.858255 12.553635 12.555005
12.120540 12.055142 12.100348 11.956102 11.841997 11.826364
11.841532 11.591492 11.018432 10.434885 10.181732 10.477679
10.709429 10.376556 10.217027 10.309876 10.301558 10.298479
10.848023 11.126278 10.774209 10.547711 10.283087 10.014781
10.062532 10.556375 10.883999 10.446329 10.315221 10.574537
10.772797 10.890512 11.227123 11.130078 10.471951 10.350011
9.994324 9.202309 8.844250 8.760556 8.491070 8.272502
8.215403 8.314108 8.446528 8.547270 8.524429 8.238060
7.875192 7.742415 7.835571 8.000351 8.173256 8.127042
8.400429 8.739680 8.660350 8.564304 8.394863 8.367594
8.619187 8.552496 8.295834 8.466313 8.633593 8.913070
9.321775 9.795547 9.955145 9.288359 9.155986 9.410686
9.147285 9.219068 9.360374 8.793199 8.091458 7.902907
8.190227 8.479487 8.640655 8.890525 8.627854 8.226441
8.546381 8.902980 8.697918 8.353213 8.339906 8.474488
8.385489 8.424476 8.680942 8.619356 8.525592 8.485253
8.552051 8.518604 8.438060 8.480915 8.380344 8.429151
8.498067 8.578478 8.658904 8.796124 8.813640 8.887247
8.783105 8.494669 8.770418 9.041308 9.206889 9.455817
9.518870 9.399982 8.987282 8.283035 8.028364 7.950923
7.680241 7.702964 8.000921 8.215806 8.231440 8.464137
8.513079 8.296819 8.377909 8.542703 8.602578 8.582460
0.000000 11.188905 11.333533 11.497721 10.990506 10.388331
10.483205 10.902465 11.197230 10.753807 10.199942 10.017591
10.318181 10.574593 10.812528 11.175350 11.854348 12.921641
12.232832 11.167788 11.023439 10.463631 10.193203 10.417829
10.738096 10.924309 11.547158 12.852965 13.689391 14.676304
15.447481 15.422854 15.361056 14.547108 13.753770 13.067686
12.270516 12.322869 12.187937 11.826352 11.633645 11.587687
11.948593 11.548974 11.535922 12.358776 12.080348 11.068315
10.540848 10.563821 10.930084 10.850875 10.239846 10.364923
10.635320 10.563940 10.664188 11.161560 11.256722 10.633988
10.361864 10.336228 10.307227 10.284049 10.382248 10.689765
10.539513 10.401511 10.526159 10.644659 10.755258 11.049491
10.848824 10.100130 9.650215 9.350705 8.836996 8.580565
8.574394 8.160742 7.977309 8.082568 8.135128 8.126449
8.321876 8.567373 8.351922 7.969894 7.795795 8.052980
8.376134 8.205534 7.843787 8.109880 8.442270 8.439225
8.676683 8.588791 8.394197 8.776170 8.790963 8.384361
8.642797 8.845349 9.091381 9.418195 9.659487 9.721861
9.063458 8.985060 9.110656 9.017956 9.519423 9.625561
8.750299 8.041851 7.919505 8.180778 8.386289 8.205024
8.860388 8.893146 8.161197 8.343757 8.631624 8.573909
8.297005 8.249085 8.355562 8.138013 8.092913 8.693146
8.774405 8.513506 8.507877 8.606234 8.495711 8.282638
8.297263 8.337431 8.322574 8.274821 8.373767 8.459056
8.683304 8.858564 8.806669 8.389216 8.304051 8.738289
8.982554 9.124907 9.393095 9.316555 8.900148 8.724263
8.374228 8.204261 7.869036 7.356135 7.432150 7.824147
8.041032 8.062957 8.475091 8.729146 8.685217 8.845642
8.756322 8.682509 8.754876
