-996 121 100.000000 100.000000
0.000000 17000.000000 0.000000 12000.000000
171 0.000000 0.000000 0.000000
0 0 0 0 0 0 0
0.000000 150.371825 150.247344 150.306129 150.143813 152.706241
162.552133 171.497169 171.964960 165.564942 161.585973 169.648855
178.613918 183.404441 189.688738 192.746681 192.077806 191.321975
196.992175 199.924982 199.771848 212.725738 235.267164 254.644992
250.900046 247.204665 271.608158 281.181369 267.936223 247.828005
249.495524 255.148862 239.669881 234.802736 227.210368 218.895072
220.946236 233.705891 241.755229 242.502695 250.678010 249.155943
247.463797 248.883889 261.235758 277.604449 269.889154 245.761136
227.133904 225.734625 220.122362 209.882759 201.389570 197.714229
203.642389 210.977777 213.578089 210.025612 211.355951 212.796907
217.656277 247.310358 260.934022 248.217686 234.795262 227.089342
239.834602 246.505434 240.651990 235.739819 233.107556 236.249573
229.349043 213.339075 209.384522 212.607354 203.600663 202.389266
197.100373 179.146207 170.127107 165.210855 166.160186 166.797874
165.838637 165.829311 166.114875 169.449517 173.510749 187.957984
210.850290 232.299963 230.386330 232.103128 259.990998 260.732941
245.306428 239.347166 222.960784 197.631634 188.800910 193.468281
198.640824 199.807871 203.468400 209.386063 199.106597 182.113061
174.262248 171.445016 163.777448 155.495253 148.494368 143.385203
145.081565 149.478004 150.794896 151.903555 159.145579 171.394165
180.695773 183.946260 188.723800 201.598377 224.384043 236.575424
247.023066 274.245822 272.325840 250.069819 236.858088 222.092280
224.107487 232.101037 221.980500 213.425105 218.500004 227.796504
237.266887 250.003729 260.435372 266.257881 275.960065 285.015644
280.653778 269.179317 268.449702 255.947692 228.492979 215.241483
206.767914 190.081317 178.740779 181.949658 179.112174 177.131524
172.820943 160.434436 159.750998 161.252725 163.233790 170.429311
180.995385 179.884886 167.607362 163.139504 165.670384 163.112412
159.829498 160.617762 0.000000 153.360354 152.229469 151.663881
152.073207 153.529387 157.379834 165.096294 173.420948 172.685643
166.704056 165.333460 172.480892 180.697649 184.453140 191.954621
201.077295 199.851240 191.905712 191.291309 190.540001 193.648607
203.530001 228.450562 251.911042 250.610692 249.005480 265.315363
274.411193 259.381957 242.452079 252.255640 254.118693 236.757228
235.456119 230.007044 220.820734 219.550069 230.605304 237.880057
237.748853 241.061576 238.558577 238.738153 242.402684 252.358726
264.361782 260.090433 241.798148 227.077429 223.936729 218.930629
208.742104 200.126979 200.538999 209.338556 217.647704 221.911367
219.271729 214.750309 214.742502 222.193376 244.834518 254.859160
243.553401 232.332004 224.652626 231.225811 236.994836 234.138430
231.726189 227.168185 226.844246 226.211544 212.753463 206.823130
209.871438 201.831982 198.572043 192.283809 178.635902 170.277327
166.836019 169.283266 170.194675 169.862457 167.365353 166.079074
171.424135 176.310070 192.023078 212.271012 222.546648 222.329219
230.668267 252.981795 260.531072 254.054013 239.647865 221.080019
202.113947 195.460539 202.510665 203.859363 200.039798 202.806209
211.833254 208.020423 187.773358 173.967842 168.026803 158.935476
153.678919 149.805729 145.617757 145.975679 149.906180 151.538512
152.921827 161.536865 168.341041 172.610379 175.159462 180.736740
195.013683 214.290904 226.833050 243.428835 267.141824 258.902648
243.769577 233.485341 222.846001 228.503526 229.648068 221.822824
216.863801 224.167041 230.699100 230.075616 244.572763 262.918090
268.559966 269.078821 272.319185 265.106215 255.141229 259.246883
249.170564 225.958889 211.667599 202.415511 187.700343 175.052562
175.440600 173.171343 171.263783 167.035239 157.353410 157.804631
160.201047 162.462253 168.379840 174.027077 171.448562 162.202606
159.757065 162.155698 161.517345 158.555441 158.125589 161.466581
156.539218 157.886298 158.753240 158.879916 161.339814 166.527820
171.679746 175.286133 175.995088 176.864504 179.592827 182.397414
183.113923 185.379220 198.628956 208.069225 203.060514 193.257914
185.766107 183.847704 190.003379 194.406681 217.077144 242.014149
253.712407 268.572909 271.673938 269.025872 255.461528 240.412459
242.343701 238.342295 227.679883 226.663138 222.759650 217.527898
218.729517 228.015246 230.143126 228.582017 231.943162 232.370935
230.802702 232.672503 239.391423 243.418862 241.587557 230.453966
220.328297 224.306635 223.936807 210.609457 203.569127 205.449354
213.791003 220.688133 223.535086 224.099099 214.148727 214.906629
223.452606 231.087068 242.931456 241.103885 229.973341 216.288127
215.381460 221.793294 226.816633 228.963705 218.642840 213.562544
215.807346 205.679302 200.537451 203.492098 198.229738 192.726400
187.849814 179.558646 171.900097 170.594119 173.907781 174.870446
172.031141 170.588150 172.392275 176.332259 180.878058 199.218751
218.819374 221.354958 231.155169 241.966317 246.368765 259.503815
276.042317 252.166948 213.097498 201.043956 200.979704 212.579960
213.051334 209.270334 209.066540 209.355375 208.700773 191.939842
177.204602 167.696085 156.190377 155.373934 153.900847 150.123662
148.794617 150.517420 154.151527 157.224182 163.830501 165.521039
166.301908 168.640286 176.687422 189.393660 199.884574 212.760055
235.747984 258.581384 256.087750 247.077619 236.270033 230.912041
235.404664 225.506078 220.349109 220.210847 220.937292 224.941099
219.320830 228.030668 255.123760 262.220301 251.859495 253.045002
245.963490 232.811254 241.955759 242.851843 222.447047 207.658143
195.733248 181.548108 172.324652 168.077588 163.886798 161.094927
157.807899 153.812094 155.217787 157.544482 162.842933 167.272500
164.201837 159.274919 155.174166 153.491801 152.899293 155.607981
156.476226 155.314803 156.601115 160.738833 161.349176 163.791056
165.788654 168.950147 175.846242 177.950682 177.048014 180.732767
187.740140 190.251299 189.053406 187.048383 189.383287 202.612041
206.069412 195.814706 188.916702 185.651968 191.603181 195.493430
191.814809 203.556307 228.077970 267.493040 297.687299 289.657406
272.900403 265.601878 246.959895 220.719160 216.902515 217.491198
209.725451 206.072525 212.736340 221.831681 224.484486 224.369711
224.447987 234.911176 237.894437 228.378075 229.106257 235.635414
239.408332 241.019814 233.438881 225.009311 235.360522 235.048334
220.882624 218.830352 215.526262 215.085493 216.718758 219.028459
221.822119 216.090855 220.979486 222.512083 221.029903 234.995206
243.314113 229.574929 209.279896 209.377834 220.310115 230.757983
237.073901 224.496487 210.011382 207.134654 199.166980 198.113018
199.390079 195.121625 192.180971 191.127076 186.993647 180.247754
175.820312 175.115537 173.479345 169.656132 173.919311 179.803061
182.057755 189.722467 208.755594 226.328865 238.651242 259.730086
267.427030 258.568645 264.050296 276.680621 253.875012 215.174910
207.671485 211.282286 218.932159 227.848890 224.590516 217.503477
210.018569 201.511629 189.654829 178.146174 168.425695 159.918084
159.554761 157.024146 153.438118 153.568665 153.674770 156.195653
159.834777 161.604215 163.851617 167.398089 171.598091 180.408593
187.361325 195.628438 210.452282 226.899208 242.023543 252.606300
254.471407 247.088038 244.710315 240.856954 231.271039 225.467973
218.150007 214.216038 217.355997 214.562364 215.624199 236.363981
248.291619 240.862068 244.393949 248.088059 241.888364 244.847970
239.186163 215.677548 204.154301 193.381953 177.191578 170.597649
164.533036 159.381595 156.116588 152.271355 149.607835 153.060575
157.593645 162.754184 164.057456 158.177675 153.881396 150.607304
147.810205 147.473314 152.818996 154.786219 151.471969 150.641622
159.893967 160.959781 167.186376 172.738290 179.983471 189.848626
189.673376 185.478081 186.153972 191.152381 193.979258 191.760606
192.045720 196.588930 204.481630 211.125525 200.925850 186.459646
184.199670 193.493501 192.905210 184.896691 192.557471 219.926649
262.946369 282.190607 265.410806 253.081432 253.001459 234.585807
209.550598 208.711024 211.327955 202.822596 201.432793 211.522250
219.392276 219.803536 222.664013 223.309185 232.574884 238.745873
230.313762 229.035308 237.228230 254.149766 263.752250 254.834590
250.640581 256.020345 248.344917 234.575133 229.247487 226.185308
225.289230 223.463841 221.871866 221.504373 223.493469 231.957512
230.211937 228.114323 230.607519 231.730894 220.897344 204.998870
208.047754 221.535199 227.810643 231.225301 224.594273 211.977312
207.656921 200.451402 204.086638 204.368969 197.044712 194.895073
194.228867 189.890635 182.990703 177.889900 175.476300 176.016796
176.045453 178.052287 183.798889 189.617666 196.854728 213.282601
235.298794 257.927554 278.268664 281.482013 271.261502 262.855316
259.135021 254.435536 233.278309 220.376025 223.975131 229.502188
240.304690 232.210005 220.701150 212.755481 197.302894 187.964828
177.243769 167.715249 163.490426 160.560290 157.907006 154.688787
155.929779 158.599075 161.047390 162.107448 159.623311 161.824303
167.143686 172.508011 180.682464 186.975483 197.282848 211.792832
218.892769 219.819369 230.066322 247.395328 243.965599 241.780809
236.315440 228.197482 225.106119 216.370922 218.218892 216.121367
210.263340 216.932034 230.077182 241.868328 240.254702 242.292640
254.358183 258.956071 255.264697 231.654428 202.884072 194.094069
188.493750 175.848092 167.783145 159.547257 153.636984 151.107787
148.550554 146.854090 151.796957 158.149125 159.416421 157.928560
155.074665 152.692975 148.042520 144.092391 144.569052 149.298050
149.824483 147.510848 148.319141 158.797428 164.320749 175.401426
183.625233 190.472762 204.656985 210.208458 199.652618 193.292300
194.925887 198.598650 193.851268 191.647637 199.293709 205.082059
218.010139 215.128614 193.385091 183.913902 188.161935 193.319608
191.558679 193.448920 213.948081 238.731490 241.189481 226.823961
222.377099 222.984160 217.796082 210.974449 208.625816 208.238087
203.202761 208.239275 214.417191 217.782471 220.985125 222.441951
220.694112 224.012505 227.742419 225.992353 232.905406 245.723420
265.173360 281.026818 274.650697 274.710539 276.432714 265.808505
257.732587 243.126809 231.342588 232.131474 234.151439 230.169405
225.048077 228.933169 238.347048 241.713779 240.287717 226.617660
216.287623 212.662806 204.765061 205.855472 212.537868 211.927194
216.160392 223.436475 219.775873 211.030143 207.055930 210.951860
209.235843 202.613608 195.694843 191.393878 186.492164 176.975142
174.651840 176.533152 177.905642 180.135282 181.717869 188.044903
195.201717 201.572242 215.837059 246.064249 270.608387 281.528938
282.758994 269.353336 258.299052 261.284558 264.853371 263.947521
253.689243 233.690355 229.256251 237.475851 232.401026 220.022530
209.037619 195.849246 191.072637 182.580131 171.746381 167.046794
163.426261 160.461421 156.481703 158.691263 163.366787 167.263380
168.796623 163.844436 166.951019 174.092289 178.756909 186.159220
189.396863 193.011429 199.000642 199.888186 200.052507 210.336518
230.687012 231.327074 224.764722 223.874430 216.585455 211.319350
210.017913 214.809146 214.927968 210.148088 217.133097 225.500222
233.759801 237.174467 237.116789 244.676918 252.261142 251.001758
220.812617 189.768988 181.732610 175.967089 171.261016 164.791525
155.561444 148.949341 146.131841 148.545105 149.305499 151.467623
157.403979 158.099685 158.924337 158.688235 152.724236 147.826435
143.091894 141.498359 143.915907 143.899714 142.733208 142.927767
162.629952 171.620095 184.787468 195.407591 206.424967 216.506879
212.942340 202.954978 198.184537 194.922456 195.405433 193.798800
196.594119 200.209983 198.060953 206.989438 209.425050 195.369525
187.455965 191.134274 199.529665 203.042664 199.535910 204.349996
217.258811 220.801528 215.730761 208.446444 207.456443 214.557800
215.773106 212.997720 209.757531 205.404969 214.904917 223.517960
223.942130 219.342680 215.139934 213.676816 215.880737 217.753273
215.807502 228.824737 253.820873 274.594255 298.570503 294.880943
299.851989 310.593625 291.503162 275.856092 254.027010 239.432848
238.803454 237.766544 232.472737 225.967530 228.300471 234.842842
241.469175 244.917121 227.956908 210.661631 207.551488 205.450758
203.739140 204.524579 203.721256 212.479742 225.286839 224.265550
213.674805 215.504051 220.759340 215.073684 209.737911 201.362665
193.088157 186.042057 174.362525 171.277192 175.723976 175.172688
176.815207 182.583230 196.731872 208.664839 209.691320 225.735769
259.849922 288.579818 297.838492 280.863047 262.592935 270.449104
275.056222 260.274582 266.313927 271.378230 247.232676 234.060378
241.028370 239.006585 220.794514 207.921756 201.533568 196.836080
187.167865 176.002837 170.770364 168.010132 165.379494 162.688097
165.197970 166.676453 168.492589 171.758768 168.078132 173.152681
185.040503 191.401518 194.727165 193.389097 189.305267 184.013285
182.733046 194.251490 205.938274 216.356684 221.588883 215.650222
216.972668 214.074425 207.741207 208.860836 212.337592 215.685708
217.703036 219.581221 219.571775 225.320418 231.431222 228.493037
237.068703 257.260101 249.098216 209.078696 183.322738 176.726921
168.865747 165.546291 159.590832 154.977967 151.506923 147.751308
150.669850 151.836890 153.150233 159.678727 160.665973 159.800505
160.850036 155.582386 148.974013 143.338122 142.358714 144.034125
142.230376 140.742666 141.257257 170.585210 179.496705 192.604077
199.395451 212.743838 214.879756 199.532471 194.467185 194.966899
189.832333 183.360306 189.160293 201.722841 199.834305 192.631615
193.604913 196.536943 192.163353 189.597625 200.294283 207.094985
205.639629 201.590434 202.528333 209.838456 213.520140 207.670643
203.878213 206.965184 216.551120 226.693568 224.448451 218.242120
210.575992 212.797481 223.474009 225.534259 223.168613 220.012820
218.049646 218.550717 222.015251 219.580652 220.697911 243.226778
283.873116 315.590125 305.010294 303.144253 311.689991 299.811333
285.749983 260.703823 245.380005 241.484129 226.100230 219.353118
221.544218 224.665661 232.933239 237.776960 234.942601 220.984411
203.265488 200.169917 203.798266 200.523116 198.029036 196.914089
203.239996 216.176132 218.144784 210.313249 213.184638 219.707177
215.321319 209.208648 203.353462 192.301693 179.351044 174.012339
174.548012 176.900503 176.729449 176.888178 184.529017 200.402967
215.257574 222.878915 243.357359 287.586726 324.756928 345.230210
313.199057 270.790531 279.093988 281.075893 266.334182 258.194856
255.515625 256.222818 255.527643 255.827942 252.047587 226.530365
209.860994 205.031290 197.750826 190.865097 182.401821 176.961111
175.264005 175.369487 174.696554 172.189413 167.732348 170.070033
173.525509 171.663761 176.816035 187.969665 197.008605 199.584905
196.365224 189.901010 183.422261 186.196762 204.589094 212.199623
210.556889 210.131024 204.952972 206.043738 207.032375 206.916656
207.565059 206.038416 209.304688 219.561955 225.048605 223.944203
223.519577 223.743663 217.905905 234.229900 254.911192 234.914599
203.062141 186.002897 179.953538 171.770430 162.827593 158.598130
157.030988 153.523595 150.223560 151.851392 154.280993 155.799061
158.849935 161.830674 161.092723 161.785524 161.754538 153.695334
145.095974 143.483265 143.866788 143.695749 144.391358 144.849866
179.962133 184.836224 195.900201 197.978825 199.370901 195.416360
186.058678 189.926834 193.108423 185.374198 174.622404 180.127330
190.884320 189.254063 187.349565 188.109404 192.345478 193.121346
190.647880 198.192801 207.773072 208.405574 208.010947 213.230113
217.060916 214.807715 207.632447 210.262160 211.852806 220.728562
233.683907 227.411325 228.350263 223.654743 212.953420 217.828961
230.944678 239.177356 236.202027 231.792933 227.845352 231.262596
227.270900 220.506813 228.540896 265.205986 296.058833 292.872183
286.751201 303.084413 309.895257 301.369543 286.450804 255.979169
233.943502 214.295743 213.948266 222.779196 226.541382 232.943980
232.532058 220.264285 206.461782 199.682918 198.990462 201.795570
199.474076 193.321492 189.384113 192.788714 202.372086 204.750272
201.216768 203.694237 208.860267 209.559413 202.042683 194.968248
189.681760 181.127830 179.171225 184.240096 190.262145 189.861570
185.407364 188.481022 192.518992 203.724954 232.370384 254.286417
284.892782 336.521172 361.074206 333.844888 290.958856 288.954539
296.362307 302.520609 290.705097 257.397286 252.011759 257.527942
259.680112 256.790549 242.048747 221.495181 205.759157 195.908973
195.230441 191.650420 183.630696 183.500988 190.424156 190.461358
181.282506 173.187056 174.891857 179.036163 178.923291 180.054902
184.072223 192.758777 197.878206 195.493835 192.031650 191.228731
194.020216 199.019959 202.005497 202.061036 199.629101 195.095653
192.954162 198.415947 201.958317 196.745210 194.853668 205.630256
216.917168 220.322267 221.554452 216.802992 211.986996 208.105754
217.800214 226.763895 214.856591 199.949031 186.365820 178.303355
172.348659 163.246818 159.921736 160.163535 157.167193 153.108264
154.251561 157.137936 156.596490 155.429219 157.626967 160.322422
161.726082 160.982590 155.475918 147.984672 145.594366 147.365006
146.704516 146.792917 147.331782 180.603103 182.778730 189.938714
193.087616 190.248455 184.011112 180.587472 185.758474 186.838120
181.035297 174.253387 174.221748 178.531106 176.896316 173.194990
176.082659 183.313749 187.219224 186.992300 187.825135 194.866295
208.352513 220.358579 220.860263 221.627482 221.622081 219.601258
215.300784 207.394024 217.162212 227.010946 219.142780 226.335962
232.519726 219.265607 215.694245 231.467861 241.615891 237.930296
231.090638 228.222442 238.394061 231.524409 225.466983 230.714763
245.045403 268.368771 282.770673 290.122899 317.440926 323.151423
312.719973 308.015428 264.710359 229.023157 216.559705 217.395519
221.557536 223.140227 225.928854 219.097696 207.121609 203.805128
205.699075 205.487789 202.177531 201.788006 197.433028 188.569345
187.016864 189.057809 190.614188 189.078487 193.846096 202.597392
206.910026 204.116401 201.576837 200.808377 194.910364 188.587755
190.463092 199.229973 202.739787 196.192755 193.965655 198.355663
209.624418 240.409729 266.910282 288.313374 335.642362 342.618095
324.504235 315.292134 307.918301 298.496328 306.723339 309.609409
276.759428 260.803606 250.900857 243.467279 241.135807 242.877516
230.138015 212.028932 204.501875 204.881196 203.649046 192.412272
191.054556 204.772199 205.564720 192.519113 178.647155 175.667014
184.126695 187.561946 187.551746 187.990527 188.830364 193.823099
196.804934 194.175212 191.977541 190.750526 187.226996 192.481296
201.154531 203.563290 199.737581 191.045985 192.850494 196.406727
194.325403 196.878526 205.026220 208.546925 208.792797 213.015279
208.230505 200.212067 198.767170 201.431011 205.447339 201.868833
192.447921 178.147233 168.294030 167.999012 162.362634 157.790357
159.124148 158.874678 156.393987 156.576979 159.452289 157.768048
157.649675 157.592426 158.023598 161.533852 159.930119 157.086980
152.853195 152.160763 151.929211 147.545859 147.730689 149.113770
176.652535 178.477114 181.697765 184.678470 184.129231 179.328765
178.031434 177.148360 176.599123 180.227708 179.574200 174.479150
172.938515 169.610669 164.339620 167.786738 173.877522 178.907583
182.988590 182.227163 184.685453 202.061161 219.099295 216.208145
212.427617 210.150482 216.083332 219.069614 211.763225 218.546746
222.417739 218.684543 227.060979 229.016973 218.848448 218.212022
232.082717 243.302921 240.171981 231.447259 232.921859 249.687248
243.320775 238.568078 240.211594 240.881196 264.617637 283.060965
293.243817 319.718947 331.800043 317.671537 293.241809 254.500241
229.827064 220.195520 216.698034 214.963432 214.436047 215.942707
203.773216 196.748815 204.923659 212.877889 212.589184 207.092011
204.912858 198.466490 189.499675 186.094815 186.761610 186.510085
185.900221 189.759001 197.294207 200.427897 201.826642 206.818714
209.556688 208.397728 203.230374 196.023954 196.306679 203.062465
200.319015 200.360801 217.230770 232.353561 250.035516 278.659276
316.111480 333.463262 326.302354 325.849995 321.775421 308.573994
289.954912 293.964441 314.877133 307.470762 284.716075 259.313749
237.037845 230.309942 234.057182 230.761319 223.384906 224.178711
225.784858 220.536058 206.704999 203.038726 210.720067 210.305171
196.746845 178.678689 176.016386 185.178916 190.616662 193.296570
192.094497 188.569004 191.989305 198.362498 194.513361 185.924959
185.264132 187.351729 191.524575 200.193544 202.071198 195.069423
189.802285 188.289630 189.021873 193.714399 196.632704 196.231827
196.592053 203.123626 206.647826 202.417590 198.136261 195.179203
193.586311 192.184145 185.340423 179.515674 171.994025 165.872164
164.735522 159.902878 157.854750 155.868382 155.908369 158.559652
159.820697 162.995076 163.150100 163.800724 162.046917 161.396219
163.421601 161.503940 160.658010 155.840322 154.301136 151.849944
147.839093 149.966984 151.285205 176.352377 176.813125 176.439793
176.549499 175.777681 172.136983 170.505517 170.212672 172.927988
180.327875 183.141963 177.495514 172.129551 166.529779 165.642281
167.630068 170.219380 176.844414 180.910955 180.537708 179.148618
187.509442 199.900158 201.035587 193.347280 191.389472 203.365956
216.280230 216.531090 217.672789 221.543309 222.651067 228.511897
225.011835 219.145929 226.613520 237.338545 241.313595 248.169831
257.678863 258.365323 273.424902 276.930768 267.257247 261.603836
249.934613 259.941304 278.359271 295.900591 322.552527 330.552745
317.941657 284.501779 250.065677 234.712747 223.555860 214.669914
205.967429 208.084007 205.787166 191.736162 189.531739 203.635147
215.272765 215.071232 215.112757 207.550640 201.182875 195.708424
188.834663 190.943788 189.540055 190.895325 192.576849 199.212957
202.084372 198.822727 203.564531 212.933631 214.495521 207.063311
200.008993 198.736985 202.851413 205.356986 206.152196 228.197196
255.346341 262.783493 279.254040 324.028882 336.165994 321.178489
326.765943 335.694833 330.419406 314.249736 312.216419 313.814655
311.430618 300.680033 273.573524 253.939600 248.701599 238.940288
232.937004 232.541486 237.969283 241.079685 233.179842 216.948458
207.008373 205.015850 203.435291 194.936252 180.931679 178.241444
182.520547 185.462886 189.383080 193.783150 190.969012 189.630494
197.178126 195.245531 186.668794 188.251409 189.759656 191.073789
196.707994 194.257797 187.928615 184.180666 180.397266 182.676266
190.675817 189.756787 186.085283 189.234335 194.328533 195.195963
195.359124 198.152687 194.946291 186.106534 183.562285 181.657184
176.264274 174.246301 170.608946 165.649868 163.579294 163.117679
158.439469 158.539488 161.649286 163.553948 168.982871 167.355139
163.307690 163.061423 162.762141 162.114162 161.769262 162.146427
156.593397 152.558434 152.728532 150.002345 149.666384 150.722265
167.530672 168.525848 170.863400 170.887195 170.065532 170.070442
169.275148 171.673167 174.810563 181.059812 184.064251 179.499096
173.970694 168.281373 167.792727 168.219419 169.350635 172.315577
178.346638 181.064321 176.948488 177.331833 182.708765 185.421873
184.015053 184.730426 190.415976 203.211735 211.960165 212.784815
221.616725 231.690428 232.682431 226.842542 224.312051 239.839322
250.254913 245.885327 252.631875 273.436430 291.455219 325.314673
328.601569 298.256211 289.976550 285.181938 277.235713 278.031404
291.748684 308.860324 312.777277 306.464787 283.454518 252.472139
229.891339 219.156666 213.960847 207.276000 208.933779 200.808360
190.235957 189.383511 200.922367 207.740744 209.770011 212.083207
204.349252 202.723198 201.397679 190.719063 185.767184 184.238387
186.053746 195.250485 201.653775 202.849226 205.537580 209.592515
218.655645 219.792765 206.302168 196.277893 197.315786 205.040319
210.648562 208.878367 227.611892 258.916534 283.285405 311.994539
342.557735 363.562887 350.727544 333.737482 359.896280 371.507722
331.142897 306.571539 296.771195 300.189286 301.810014 280.090868
267.581876 262.130828 244.831361 232.505119 244.169153 252.629620
241.086579 224.320172 209.781618 198.398072 194.689276 195.494610
193.360904 184.844751 180.670799 181.421002 182.064809 185.877223
193.753368 194.881783 194.130694 196.128350 192.670213 190.587104
192.292829 192.684877 194.989586 197.861108 196.144782 190.585343
182.172446 176.958851 182.493584 192.394707 188.499057 180.778086
178.749208 176.952369 181.628854 187.841677 189.865908 190.645975
184.830403 183.051627 186.617881 184.206203 178.876584 172.420277
168.492504 166.748821 167.447808 166.044727 166.850514 164.955651
165.729216 172.782623 170.709893 166.146281 164.487559 164.310739
163.789458 163.348786 161.779432 155.793637 153.268065 155.104051
152.825535 148.245922 146.367397 158.529890 161.480731 167.343969
168.659631 169.234867 173.798478 176.227218 178.882594 182.522891
185.966175 185.896025 182.640200 176.955929 174.986545 174.788164
171.382152 170.708041 173.256809 178.743866 178.587336 174.001991
171.511017 173.171513 175.591615 176.806880 178.069571 178.333511
191.644957 211.399760 213.683714 217.733052 234.638692 239.091441
229.514885 227.083898 242.357303 254.195634 259.268074 266.596352
288.646981 332.144060 364.049706 350.604666 328.273640 325.441131
326.419116 299.210845 268.736737 266.210328 276.293840 284.042460
267.890802 250.250004 234.210927 214.442273 209.313268 210.343296
207.436594 203.169931 193.632811 188.644566 191.190233 197.740507
196.973672 195.685958 194.176201 197.126133 207.037859 207.019825
193.464625 180.134823 176.047893 176.130579 187.491162 194.656447
199.908029 213.464515 214.969439 217.929030 221.114543 211.196489
197.147495 190.940074 201.578827 207.891468 205.237426 218.659897
245.564323 296.726639 334.780006 347.465843 380.077159 370.562619
342.934229 369.187599 388.121864 344.731969 303.542812 307.931085
307.887881 296.705193 288.779862 279.078734 269.681895 253.653493
246.106335 256.459641 259.445225 236.448852 209.182943 195.642050
189.650020 189.111606 193.528525 195.196946 186.102158 183.234046
182.351441 180.449597 182.458279 184.497209 191.050493 195.093755
193.146759 191.273894 195.110584 198.389347 199.561575 198.469495
196.547187 195.114363 188.762479 182.395380 180.886809 188.546712
194.816169 189.361545 182.137070 173.730997 169.803305 173.470410
179.008338 184.545959 189.259945 187.660270 191.965522 194.843907
191.238068 185.949060 175.945453 167.666811 162.870761 167.466036
169.099679 168.525850 166.005197 166.298617 171.986995 175.658305
175.273256 167.455326 163.073293 161.312589 160.757419 159.179297
153.593665 152.968566 156.079931 156.248289 149.710220 144.961520
152.341408 158.288770 165.463517 168.390093 173.772937 180.546027
183.567321 183.655195 187.141089 188.917603 187.404444 187.188326
184.653343 186.574783 186.935905 180.690106 177.146108 179.918897
181.306118 175.018448 169.324879 163.921851 166.776289 170.946026
167.348825 170.782743 174.122572 180.328943 204.270770 217.463421
216.966360 230.018565 235.947398 226.801697 227.010991 238.880280
241.123995 254.909994 288.751781 315.579728 345.595871 351.026119
338.358276 342.213138 349.326656 342.837925 306.394653 266.768943
251.584858 246.662339 239.583742 232.991216 227.736653 217.675027
202.474216 197.200729 199.872342 198.646911 190.902572 184.671204
183.197461 185.726386 190.038143 186.911457 184.029934 185.920115
199.949243 216.400681 213.631158 194.300579 178.723974 171.684683
171.222844 177.380581 188.780097 208.219365 222.930524 221.829969
219.277181 216.467591 206.659246 194.625695 185.682847 192.365976
200.133426 211.196842 222.085034 235.296734 273.496492 300.898446
327.254333 363.988935 362.454834 359.123832 381.206224 392.299134
378.299676 357.143167 363.538217 346.394978 314.554535 295.857489
285.643661 294.722276 275.006873 262.105851 265.547554 257.388988
234.710609 205.143742 187.675222 179.488186 182.916700 191.443117
192.421577 182.560478 180.553850 180.871249 178.603651 176.439701
174.762114 180.633195 185.888294 186.403823 189.976253 195.523516
198.907773 202.485727 201.716788 199.154850 193.911262 186.098105
184.286485 186.039525 191.491983 195.203940 189.839343 182.631945
175.208569 171.221468 169.032732 170.194852 179.118404 186.156571
188.807301 193.709915 193.867749 191.604720 186.571263 176.073396
166.395020 161.941738 165.479393 164.199872 161.873747 165.123138
168.953612 167.546947 169.660384 176.648663 170.342410 159.485418
155.675093 157.498168 160.615075 157.378726 154.739550 157.467009
157.527487 151.896483 148.597454 150.052538 155.673727 166.180465
171.761340 176.477915 181.052128 182.828644 185.103466 187.968910
190.932735 193.439520 193.834632 192.236460 194.173672 191.741935
185.055888 182.672152 183.904679 179.798422 169.388082 165.146782
161.839095 165.786821 169.629269 165.446243 166.585010 170.295196
172.878135 188.752574 210.922549 217.871619 228.576888 242.488971
237.276337 234.532674 245.805106 241.989046 252.513647 293.823243
316.497053 323.622715 330.125700 321.957111 325.230268 335.228350
331.819972 320.004136 286.342544 257.414869 239.401063 224.560849
221.836901 222.142984 215.244329 197.407508 186.285999 187.515925
188.585046 181.416641 176.998689 179.521662 181.421284 178.279807
175.812288 178.011194 183.342543 195.899964 205.264772 206.776869
191.447817 175.787023 169.199051 169.903105 177.433172 188.941230
210.765487 226.197052 230.215631 224.984947 214.842185 201.742552
188.024613 182.581879 188.693272 198.698579 218.056410 233.495252
236.738074 248.729293 276.344163 325.312320 352.291836 361.771605
378.008515 385.315762 389.464844 394.391036 396.478405 384.124343
367.032272 343.575232 306.082419 292.802823 311.901979 299.148855
277.262755 274.475041 258.072034 226.535765 200.378984 187.150941
176.789018 177.814340 186.021902 183.380059 176.697999 178.223799
180.613703 181.933283 178.973379 176.085565 178.855301 182.564566
186.203099 192.052752 194.467412 198.744513 206.044398 202.727081
201.828214 194.703377 183.910818 187.993517 189.604946 189.355728
196.238373 193.533261 178.941355 171.843703 170.839958 166.299295
165.241335 173.196593 184.690805 190.818107 189.865143 188.517328
187.664688 181.333587 175.389767 170.800296 166.636066 164.845840
160.943321 157.744247 159.617242 164.394450 161.175699 162.437650
170.926509 168.788273 161.885354 160.143982 162.267457 165.715461
161.883067 157.056523 159.321307 159.954625 155.269042 151.653730
156.495667 158.695741 169.250055 177.513435 181.571593 186.214766
186.114168 185.760190 188.155312 195.323387 200.647430 198.853813
193.836894 189.509685 183.719102 180.218714 183.316304 184.555148
174.162255 163.160519 161.783420 162.878726 166.839453 172.380561
171.014236 168.158124 172.553534 175.007353 181.637837 200.005550
211.684528 221.264522 237.450473 242.399392 243.417710 248.691716
248.613384 252.633203 281.746400 312.752868 313.765745 311.212002
310.782741 334.888760 343.713394 330.628847 315.792979 281.056316
251.699270 229.206569 217.804986 208.364204 207.616091 206.507733
193.972059 182.791180 180.500376 183.404663 178.980344 174.263201
178.544033 179.729948 176.232371 174.880248 172.703810 172.366446
180.084636 185.449627 191.952692 188.598410 179.074151 173.953276
169.711798 174.903898 185.200282 202.194671 216.682087 220.707317
223.945240 214.793899 194.636790 181.814677 178.081674 185.926971
199.344364 215.302785 229.624177 234.156228 249.315095 273.909838
312.033353 332.332732 355.843620 386.309280 386.182548 389.300019
394.484274 391.732425 378.180059 377.557710 359.261535 311.839632
292.102863 310.701359 313.486998 292.353904 271.419332 241.672401
208.635405 196.275450 191.476536 180.944133 176.732899 179.791631
180.799003 179.799554 182.261541 181.342282 181.144838 181.381016
182.085040 184.648824 186.240950 188.292026 194.218513 199.961543
203.363889 205.639333 200.134025 201.722337 196.445270 184.877619
189.056103 192.208991 188.177727 188.534571 188.279986 177.313525
171.402142 168.964585 163.462184 166.152678 176.635108 184.536575
185.786361 186.963754 188.338822 189.777445 189.174508 181.260838
172.532994 165.133130 158.084742 155.128783 154.916231 154.117026
154.660151 153.995041 157.866241 164.567578 165.362322 163.322335
164.078772 167.005231 167.508657 165.863547 162.069532 158.322471
160.416612 159.377119 155.044254 159.216041 163.031755 172.246225
181.258070 186.506189 189.517010 189.558739 184.855403 184.799872
193.393269 202.203923 201.716235 197.088740 190.344060 181.826411
181.157237 182.778694 180.165901 171.913972 164.406154 164.569324
170.269794 173.064308 174.903628 170.851709 166.549434 172.560733
176.337016 181.841062 190.345918 194.629246 203.586652 217.868032
229.224706 238.708480 244.927133 251.677056 257.469104 287.257377
327.628797 329.063508 316.213561 320.249572 357.359474 350.923986
318.891386 291.946331 247.751157 225.821201 212.604393 208.261279
200.755153 192.402172 189.309566 181.911470 175.281951 174.624252
178.183593 177.043214 172.570662 177.558958 181.756284 184.254280
184.098515 170.186512 162.005673 167.694799 170.698138 175.678666
177.685340 177.165060 177.496921 171.684531 171.116439 178.975385
192.022321 197.342260 197.956384 213.570005 210.706567 190.150839
180.345268 181.908100 194.398872 202.374031 212.241488 223.978278
228.810449 254.011756 273.460198 305.164278 343.704606 366.227095
385.557564 388.270499 393.271000 389.633088 375.770523 380.638829
393.452798 370.765522 330.035411 307.179873 310.886822 304.341787
279.314325 250.778689 217.884477 201.406679 198.142781 191.717381
179.561750 172.766105 177.690149 185.193836 186.567103 183.053922
178.942999 178.487248 183.863827 185.219157 185.547966 188.671983
188.195455 189.673536 197.217794 202.698681 202.145160 199.222195
198.297906 192.044515 187.660966 189.455892 196.598791 194.045242
181.797454 177.282603 172.734625 172.595770 168.569158 166.471753
175.960465 183.460008 182.236648 177.649618 179.012685 184.226374
194.093932 194.897601 179.356199 167.671588 159.986357 151.050444
148.425427 151.041378 152.128943 151.866613 150.950889 153.864824
160.420920 162.182143 159.463987 161.243592 164.808557 165.681510
168.033001 164.173519 155.915918 158.829326 161.677105 158.737034
160.427319 163.962305 171.334574 179.131583 183.358608 182.738090
182.075237 177.974989 177.912346 185.867126 198.383489 206.636499
208.453602 203.218765 190.927361 187.150141 185.271519 180.310545
176.937792 171.855484 170.196305 175.696775 176.130486 170.755680
165.979780 164.100967 169.667756 173.843297 176.183974 178.565628
180.587755 190.855330 205.293745 216.543324 226.683931 243.832201
254.500808 260.452313 286.993228 313.091656 322.260469 320.946244
324.730589 342.059885 316.057224 284.323771 263.625044 226.767518
212.720203 208.491410 207.232964 202.187495 187.849632 175.932214
168.870652 168.704655 171.660517 171.652631 170.126943 168.897314
174.941776 182.170523 182.938014 179.611592 170.739526 165.150844
165.440407 163.985825 162.511671 163.004743 167.736741 174.237300
172.459376 168.820641 173.173537 180.644425 182.320442 190.079341
206.081138 204.735606 197.227092 189.575358 192.942285 207.437119
210.340253 215.108809 221.735415 229.007791 250.326168 262.907873
311.544249 373.078854 381.240883 386.321341 377.280851 361.336239
357.796701 358.259387 375.559151 377.600679 373.549228 370.918776
353.735461 340.290083 305.846287 262.233580 239.420751 214.643393
200.099239 196.830882 192.182401 181.480776 174.337850 183.192828
187.111088 185.590181 183.725260 185.693934 188.930820 190.640440
187.127125 188.603670 193.492105 190.951758 187.593233 188.577146
196.043249 198.478482 194.501726 190.786507 186.920690 192.112827
194.870511 196.029504 193.639248 184.057988 177.476336 169.542327
169.771037 170.524082 172.000326 180.870288 183.780791 178.406363
172.466442 174.757857 182.534921 188.783779 185.594793 173.370841
164.369326 156.790048 150.090721 149.841050 152.902932 153.728931
151.612820 150.780156 152.203978 156.384650 159.080946 156.454447
158.955564 163.780910 166.336131 170.049789 166.840320 158.578054
158.143322 159.416147 157.899509 167.112659 166.457680 171.271235
176.265260 178.814605 179.106550 177.646093 176.663416 176.386472
183.570671 196.908906 209.429436 216.277465 216.571441 206.451096
195.495280 196.725049 196.784915 190.616791 183.539208 176.678374
174.139619 175.133376 172.572091 168.492191 166.371515 170.147941
174.362738 172.674332 174.244422 180.439531 188.091245 198.631344
212.825192 221.628786 233.523222 242.410953 248.769799 262.641245
271.818240 282.427263 291.728848 304.282695 317.006732 296.771411
263.503728 237.600787 217.628942 207.906857 203.434472 202.489832
195.799537 181.320009 168.470510 163.717609 168.003151 173.996788
174.800103 171.748617 169.301722 171.690042 176.271535 175.857161
170.864625 168.661377 166.774487 164.624272 161.212786 158.491446
159.162122 160.683103 168.104098 170.789470 167.279166 168.077887
173.070331 177.457384 188.972654 201.073269 196.486442 191.375561
192.107338 201.131567 208.714046 208.463459 220.639799 223.898436
228.848915 246.713451 255.043381 296.152134 342.439702 364.370690
386.243523 360.491248 322.006337 321.910869 349.094604 358.727057
337.799137 356.797583 371.891030 371.540518 352.598148 297.754452
260.494958 239.046486 211.024224 194.593459 195.165158 190.677871
178.672720 175.812865 183.767462 184.065273 186.370936 195.188977
202.707216 202.093733 197.923809 190.113478 190.538998 195.825403
192.699233 188.028088 187.305146 188.678943 188.930572 186.056434
182.496778 186.618036 195.141778 196.009058 189.909371 188.691141
187.239466 183.802682 175.418891 171.619025 172.899598 170.622546
179.294931 185.066121 178.452536 173.306973 176.911747 185.063445
186.924332 179.597125 168.319340 159.185615 151.348443 146.574577
149.417175 154.105341 154.407532 150.390200 147.817234 148.228522
153.559797 158.051304 156.206796 158.608815 164.574260 173.131784
178.324857 173.123358 167.976180 161.980991 155.980552 155.283650
173.467217 169.104790 170.816128 173.419589 173.950428 176.066121
179.539594 182.633201 180.437936 183.289647 194.063724 208.106504
214.156286 218.925165 215.340780 206.002680 209.616193 212.249490
206.829161 197.941048 188.194227 181.991953 180.779389 179.114056
179.060035 179.496397 180.443603 179.791238 178.460391 180.578269
183.296022 192.190843 203.537491 215.707656 220.201778 217.408174
222.544515 231.079786 238.299367 247.534765 256.671573 263.688562
273.426981 288.745860 287.446558 256.434084 226.314133 214.442902
205.209798 203.666794 203.634813 187.277478 170.515994 164.826029
164.213975 166.156749 172.348154 176.645744 175.807768 170.600253
171.088397 176.147724 177.131351 173.696164 166.124732 161.488189
158.181329 155.632064 159.932950 162.189396 159.888445 164.188672
167.679195 166.763140 165.773037 170.143991 176.289060 183.852290
190.873037 188.899807 182.835805 187.255050 202.604619 208.539357
204.759871 218.880715 232.837822 240.913493 255.496803 251.770331
272.389813 309.060960 340.682161 375.711488 361.719104 336.050196
331.986653 352.009115 348.342513 319.244447 331.260538 346.479151
357.993129 338.264034 288.573698 260.752562 233.777515 196.558285
184.235475 189.983268 182.032626 170.642070 170.865768 176.723398
181.746223 189.079573 201.116543 205.226597 198.444155 199.395061
197.684438 192.805672 199.251411 198.031260 188.655168 186.676793
183.253601 184.001652 184.136246 178.209573 183.190418 189.488161
191.551509 191.937296 189.229645 184.305802 180.431003 175.442018
174.486840 175.165446 173.102354 181.531516 189.089917 186.941394
183.820848 185.819118 188.282064 184.900108 175.353331 163.722769
153.818231 146.720310 144.362090 146.078872 150.832829 154.186007
150.773503 147.870560 148.067635 149.268840 151.592082 153.530324
156.660225 163.405314 177.301506 182.866796 177.517643 174.726057
167.985785 157.622262 153.719499 176.777674 174.576364 172.117225
171.377364 171.059619 170.711077 177.025011 181.799625 181.478303
184.461704 188.944599 201.870352 209.456211 209.030092 208.524555
208.260159 213.520966 218.310602 217.006195 210.392602 196.955185
190.089837 189.059866 183.799158 186.387456 192.688257 193.418555
189.034729 189.429740 190.874826 191.226483 199.266606 207.794477
210.238724 210.102044 205.851398 212.969430 222.813024 224.890530
236.726157 248.880277 251.109756 253.012179 260.726772 264.428655
245.220361 223.486553 221.081286 214.465901 208.623726 201.288727
181.528941 168.144776 166.473614 168.526862 167.784957 167.315292
170.472575 174.318167 172.684056 171.213589 174.934827 175.680348
171.715734 163.521789 158.594963 154.045419 153.028214 161.568576
164.228505 165.599648 170.411092 168.717800 165.879736 165.289666
168.727579 174.277750 180.276239 190.369879 197.029640 191.297916
188.321525 198.782104 206.858720 206.013702 209.800885 225.221615
236.299362 235.360635 230.343258 249.944903 292.006528 320.111436
351.532659 352.401322 335.220077 343.944570 349.390752 337.761126
311.605326 308.050633 324.088245 322.280768 306.341531 286.531385
252.520968 217.024435 187.345963 175.365202 181.158276 175.024049
168.657612 167.333389 169.171682 176.289154 184.312785 197.446379
202.966125 196.582632 198.160112 206.168716 201.405204 203.079086
207.923846 200.224789 190.111671 182.762010 181.829040 178.649818
175.211580 180.148471 185.243516 190.333476 197.430369 193.362998
182.493465 172.603581 169.411804 173.322569 176.833935 177.531812
180.028420 187.455095 194.803150 193.137324 188.094467 185.953823
177.397055 167.945495 162.149524 152.888080 145.658095 144.810475
145.612497 148.033857 152.126418 152.822746 152.177738 151.224508
147.150913 144.712733 148.227346 151.503363 157.344814 168.053625
172.790465 173.567326 171.310713 167.897763 160.324792 154.000498
171.259239 172.497622 171.710752 173.620263 173.216624 169.859816
173.926768 181.038462 186.855376 190.868129 190.071062 193.753045
201.602185 200.172044 202.762889 207.619018 214.443998 222.467501
221.978844 212.662315 197.359740 191.980778 190.495860 185.292979
186.086776 192.694279 197.348635 195.069181 196.379077 200.312362
201.942533 203.088139 201.756602 200.951464 201.472995 201.702913
209.979507 222.797433 227.313129 239.464839 255.574190 250.889869
242.306990 243.286888 240.819777 226.138249 216.899759 226.956995
227.307916 213.161794 195.935125 177.647906 168.080345 166.453487
168.682535 167.270031 163.216000 164.930824 171.283133 173.616720
168.119122 164.136009 164.852694 163.434356 158.807545 155.925586
152.679975 152.678138 157.355585 160.551414 167.256970 174.362983
171.073114 166.884415 168.315478 171.076106 174.310032 178.807360
189.446111 199.764064 198.627554 195.483422 201.071886 209.176572
217.880926 213.636521 211.879262 219.243728 213.122353 214.348937
238.516939 273.409961 303.756034 343.306466 357.455163 336.560160
324.643000 313.509681 304.977079 294.325916 290.966566 291.447909
275.166759 266.061403 267.200068 238.145951 198.747734 184.300911
178.700744 181.179196 179.144911 172.699701 168.007109 166.228027
173.310340 179.192430 187.802336 200.955100 202.960696 199.534549
204.431988 201.188356 197.448218 204.317503 204.883274 189.683221
182.374530 180.608157 173.873673 175.711560 179.556285 182.312762
185.632494 187.196334 187.563351 184.898572 177.928241 176.751295
177.138420 178.562870 180.644213 181.220187 186.913356 193.911501
189.724326 184.389413 183.567375 175.662871 166.382786 160.121295
151.926086 145.922646 143.777121 142.296893 143.765315 147.068347
151.496502 153.485093 151.010459 149.126837 149.275759 151.145306
150.251791 151.067822 154.914928 158.136272 164.149951 170.947526
173.322882 168.603143 165.154770 169.047888 168.778121 171.852323
174.759216 170.845869 169.894316 175.621565 182.204747 189.265209
191.804952 193.169664 198.361242 199.712627 199.309185 201.559998
203.184117 209.236587 217.652704 218.382195 210.241438 200.278010
192.084349 183.410380 181.659164 187.478557 193.394210 196.363197
195.454383 199.999319 212.058855 211.365870 203.423348 200.378832
201.475308 203.115839 206.403735 209.564950 216.457386 227.826194
240.687123 254.952130 250.023481 236.731376 228.561840 229.626544
225.655428 222.403441 230.865126 233.250035 223.971769 200.028483
177.707371 166.843709 163.248988 162.936744 162.723165 163.543514
165.591840 169.453292 170.606915 165.703535 160.097746 159.716985
158.748169 156.102580 156.114615 154.161928 153.557687 156.676835
159.802148 164.161443 169.424825 169.626417 171.596677 179.799643
181.126069 177.702214 177.575287 182.225388 196.057196 206.384944
210.861827 220.136804 230.079608 237.677677 236.570788 220.660251
212.338924 212.059691 208.510947 216.352268 236.148740 267.704007
313.719664 356.749650 358.889151 307.318059 275.353522 281.578264
276.246081 263.375705 257.331658 254.385542 262.704417 260.097117
228.113429 200.440193 193.653465 185.376106 180.328785 185.622938
179.178391 170.565091 170.100579 175.525378 181.103772 187.980193
198.968721 204.269824 201.582939 195.854785 190.164738 191.325530
195.888391 194.643588 183.248012 177.476522 178.273908 180.014594
182.947010 183.158619 180.111418 177.071988 176.918356 179.363713
183.986102 186.979013 192.702824 195.547890 193.133286 191.309949
186.323649 183.052389 186.337477 184.312259 182.169875 181.196654
173.796743 165.936800 158.646355 151.176909 145.241781 142.403806
140.700076 142.844420 146.689441 149.319102 149.890588 148.233191
149.921335 153.267527 154.466520 153.105257 152.190143 152.593610
153.629631 157.880323 168.375069 174.148827 170.528854 168.673803
167.696556 168.797172 171.541674 170.362506 166.499005 168.485003
176.460502 180.269603 182.815531 184.389006 188.824804 200.447994
204.311208 202.162820 198.674516 200.913279 209.233067 212.355410
208.947318 205.390515 200.140121 189.015035 180.954092 183.612437
191.314120 196.307715 196.851533 200.446214 208.434355 212.240731
211.527438 206.586493 200.175379 198.391715 203.372118 204.895803
199.595673 205.059283 218.742324 226.937091 234.716606 238.824991
232.319519 224.850895 230.245098 230.558599 222.673610 218.946206
224.523980 222.049306 199.538588 178.730804 167.159439 162.371316
158.520811 163.477514 167.940814 163.079780 161.912058 166.843263
166.167638 164.150692 164.918265 160.867979 157.607587 157.191401
153.657527 152.315880 157.462647 161.309472 163.067562 165.011918
168.745299 181.031470 194.603907 196.396980 191.962776 190.878836
191.044748 202.656134 214.262323 227.178162 250.529752 258.932379
262.104151 255.268492 230.933220 212.637050 221.828821 226.801811
207.135355 209.348087 243.386176 275.455884 311.007140 331.911139
308.521159 277.401550 259.152708 245.513315 250.933769 254.213547
258.585458 270.857339 263.109845 249.564205 230.921631 212.655718
196.947088 190.813402 196.551105 190.546982 180.188934 182.340750
183.129700 185.630347 193.665327 197.087619 204.110385 207.488162
193.064063 182.669717 190.879212 195.645226 186.283841 177.785537
173.611054 172.574040 179.698684 184.035945 183.110791 177.838538
173.077751 178.596726 183.759755 189.099889 197.318310 206.150327
208.829769 208.013319 202.208043 188.473409 181.375620 184.863153
184.357479 177.331558 173.562833 172.345273 166.821648 158.917857
153.933039 149.343682 147.574631 147.447253 148.519029 149.106326
150.676129 151.104833 149.023276 150.227553 154.686200 157.417205
158.342753 156.109684 153.372741 152.951443 152.459467 159.419248
164.127328 161.759668 161.507177 163.781965 167.483594 169.779990
167.107699 168.321740 171.874246 175.820009 177.365948 176.306709
177.542708 185.580446 197.258397 201.028470 204.688965 206.584163
210.657843 215.957441 209.761516 202.582481 201.731969 198.874192
192.186466 188.974662 191.389679 195.556802 200.969902 205.913916
208.460227 210.882505 205.460108 206.341578 211.798585 201.567226
192.118307 197.813238 200.513101 195.520710 199.868164 208.137551
211.308202 219.252829 228.840572 229.539896 225.126069 223.554787
221.483575 218.141326 220.839900 220.489167 207.788993 194.703289
185.297761 174.497314 165.976915 159.468821 163.341835 167.408766
161.984273 158.545820 162.587775 166.932366 169.491355 170.298596
164.724486 161.840356 160.257134 155.152548 152.530727 156.623884
162.631571 164.575285 167.485946 175.917188 190.711901 201.660790
206.775678 210.530450 209.230027 211.747815 219.274126 227.009935
248.040771 274.424092 276.225310 288.297334 296.148596 272.940541
243.391562 240.051271 251.950797 231.367705 217.261684 257.806234
278.856066 268.026279 286.346073 315.925652 306.001501 254.558462
238.769926 260.261631 262.269624 265.506587 265.190658 272.774515
294.981574 278.308569 235.735090 209.939798 212.988967 221.808904
213.808185 197.412888 193.859196 192.788128 190.306552 191.557616
191.885809 198.403651 201.215275 187.029924 179.401492 189.153079
191.345471 177.576708 170.877691 171.485859 175.475809 181.145186
187.506513 186.341156 179.056510 177.424003 180.681264 187.256802
193.560840 205.753869 214.600835 203.565699 203.173328 199.845359
181.611419 178.125293 180.295512 183.103052 180.464138 176.639981
180.171347 172.791436 163.038864 160.831458 153.886254 150.782841
153.111596 154.912014 153.541219 154.116356 156.492538 153.469092
152.393534 156.890294 160.015735 160.570586 158.463894 153.818739
150.002559 149.565460 156.911201 161.423457 160.636169 161.543178
165.267266 167.878012 169.234963 169.847116 172.683895 173.816377
174.489077 174.429720 171.443973 171.776381 182.925702 194.707183
199.087681 211.446011 218.891257 219.075418 220.767909 215.523795
204.840790 202.399922 207.316272 202.244745 197.017815 197.704733
199.559415 205.406852 216.542896 218.030027 213.910042 209.979055
204.082126 203.847904 200.142002 195.138831 198.835169 199.698589
198.195551 200.625764 200.815982 204.237902 212.044357 220.721743
231.041354 227.431739 214.501535 209.278606 212.026199 216.842365
206.927757 193.276491 191.290108 192.722442 183.572872 167.711046
162.267523 166.145681 166.772561 165.793470 163.850138 161.331648
169.557302 174.303260 169.066519 163.468876 162.573206 162.604067
161.131749 159.891571 159.908621 164.213031 169.413774 176.060695
185.203412 194.001356 200.533998 206.049085 215.765298 222.946632
240.139081 253.329732 268.347056 284.891019 282.864611 276.300065
312.426713 344.130935 316.981756 275.840513 250.950779 250.405401
232.672339 224.552502 265.828053 286.467283 262.001071 270.421614
320.769432 328.346726 266.409314 233.149145 244.478577 256.584099
263.564891 250.894265 258.285866 288.909363 275.320176 234.020478
217.534640 221.447643 234.635125 229.548365 207.848587 197.493320
195.971178 192.692939 188.044118 186.322557 184.268846 181.576544
175.095312 174.181399 182.785074 185.182651 173.048240 165.284606
169.774996 180.567928 186.906434 194.967639 197.842999 188.121194
184.558357 185.195743 189.459329 190.163120 195.336433 202.804036
197.722554 199.866490 195.342922 177.748068 174.827946 175.698379
178.324976 180.817237 180.698716 182.497071 172.047793 164.705966
163.758724 154.415846 150.425084 153.520732 157.776958 158.838089
158.820029 161.144798 157.779460 154.486195 153.865134 154.852784
156.421361 158.106692 156.711459 150.019285 149.079575 154.630461
159.653037 161.423519 161.806049 161.320020 162.675392 164.162333
169.869291 172.935350 168.910228 169.950579 174.444305 171.285148
166.658693 176.912926 195.703411 208.231757 211.290602 210.238770
216.194973 217.984433 212.875896 208.837467 218.704559 226.201320
213.545961 203.843081 204.030267 202.816881 203.534573 222.830416
227.793673 219.647781 214.795382 204.984759 198.476478 196.151708
198.717302 202.153904 199.689605 195.140080 198.519259 202.450589
202.443568 204.774208 213.679634 229.234475 231.073369 216.580872
204.976110 199.916512 193.256579 187.557645 188.553772 190.179686
189.900706 180.795871 169.501247 167.110545 168.410335 163.939926
162.967047 164.950394 163.744429 172.869728 174.811375 167.186500
164.723091 163.234489 162.136753 162.972856 163.227003 162.829927
167.386303 174.293406 181.270530 186.778429 193.243459 207.887301
214.780526 220.842693 238.839020 255.654315 261.290323 272.701754
277.166184 261.675142 260.501704 307.357621 336.851565 316.266021
290.193633 254.878067 237.808943 231.959008 241.380591 270.462345
291.878515 282.646797 288.846718 322.941465 318.234637 273.140375
231.254304 222.074298 242.691621 264.497578 250.399493 233.746591
249.539231 246.311777 220.657572 223.773857 232.593620 235.789740
232.266308 210.574405 196.586852 191.352729 187.482777 181.156114
174.694949 173.048247 170.588433 171.850224 175.524774 179.845204
179.890106 168.279895 160.113110 165.769517 176.459551 182.626150
191.449499 195.953612 188.742936 185.319474 186.381811 188.590856
186.421382 182.938598 186.238583 194.954683 197.817040 189.200682
178.084534 175.938014 174.407243 171.395926 171.695130 170.229446
170.542729 166.677658 162.429652 159.521414 154.659056 153.324586
154.203211 157.743850 160.254402 160.262091 160.486667 157.084743
152.303713 150.026398 150.186397 151.718897 156.807930 158.149205
151.794681 149.260714 151.068216 153.687539 155.522492 156.070294
158.799470 158.928542 161.296070 164.632140 162.896205 160.913190
165.499564 171.595462 170.283326 168.183031 175.962982 191.465674
202.355474 209.787933 216.597231 223.588028 223.823394 215.366165
215.243384 230.749475 231.506900 214.319470 206.098645 210.312981
211.886788 211.134318 238.415103 244.663801 223.236977 212.701220
204.709018 199.120078 195.759620 198.429932 202.173473 197.939781
195.846048 201.967382 208.333878 205.913547 203.915859 209.887676
215.829926 213.146523 206.910822 200.585585 191.497619 184.184475
185.612594 190.972007 189.181195 184.612702 177.988965 172.817066
169.714583 166.510835 160.598980 157.526010 160.923900 167.303395
173.490471 172.620844 172.947039 172.015304 165.013702 161.566863
162.055018 165.748011 169.979722 172.770809 178.026091 188.584393
193.187109 203.599927 229.585497 235.136651 227.707513 238.378844
256.424402 259.469864 245.263417 241.888314 244.080312 253.913720
305.184451 329.645594 298.612575 275.645078 251.838676 245.939184
273.882238 294.345691 298.281026 307.849752 292.888272 280.572028
294.023107 288.051664 267.379672 238.238018 228.124276 242.858631
260.066027 244.328873 216.338258 217.085647 220.665706 210.941067
223.319649 245.411170 246.225494 240.716473 220.792665 198.717615
186.314434 183.961609 180.998298 171.607685 170.958607 169.624606
173.276539 177.843914 176.188552 174.489971 165.799006 158.444680
161.257724 170.758731 173.880268 178.715975 186.860342 183.500261
181.475268 184.993267 187.819103 185.081383 179.553506 180.686577
185.026440 184.453028 178.744211 171.636761 169.255777 169.812000
168.834951 169.784270 166.195183 163.447468 164.323795 164.466256
164.871393 161.645391 157.891483 154.049668 154.251074 158.317204
157.893217 154.848482 151.548685 149.396148 149.822197 147.179627
148.680141 155.693846 156.053869 151.293551 148.909810 149.434801
149.983900 152.000105 153.834587 159.242726 159.110320 159.441198
159.098848 155.511269 156.255007 163.144721 169.193965 170.978888
173.495684 176.040791 180.096540 188.681451 207.521682 233.063796
251.463022 255.949440 234.465073 219.907867 226.250037 220.217095
210.782529 206.879511 206.774390 210.170814 213.279718 243.424687
257.733267 234.434704 214.015283 203.560634 200.096320 197.635215
200.982780 205.064950 193.572335 191.360055 201.374071 205.196655
207.321707 207.507117 208.704270 205.771419 197.380452 191.172880
192.251454 186.524999 178.586780 182.892537 190.303948 192.116569
190.469579 186.749493 176.671021 169.288739 169.127855 164.039926
158.618630 164.005409 172.065939 173.728080 172.839173 174.343998
172.829037 165.689187 162.630381 165.294726 173.860842 180.746764
178.915357 180.779568 193.124164 201.272281 219.386664 238.158881
232.758699 222.254937 225.503404 244.899768 260.354154 253.387334
262.495183 274.851084 285.091578 334.022153 338.995956 278.406014
239.938193 242.952727 252.073611 283.676908 315.491620 302.674456
310.526928 303.101634 261.554607 251.548299 254.066165 246.808023
228.088461 232.045442 251.282528 245.954541 225.614055 207.487627
196.733980 196.002415 203.441015 216.716893 237.529672 242.037764
229.036108 216.223799 201.892808 190.424389 187.696715 184.197551
175.974195 171.672435 168.957910 171.371567 174.537696 171.731571
173.811775 173.550124 165.434966 165.136954 169.267279 169.435991
176.068709 184.736719 181.610421 179.890391 183.247555 185.393439
182.083012 178.156702 182.542379 182.286209 178.418292 179.858348
175.386132 170.533970 170.458189 168.717339 170.003137 168.608129
167.905618 171.507732 172.164495 170.880551 169.633908 162.773985
152.478721 150.455423 154.244463 154.717986 153.480458 150.583002
149.448206 149.668133 146.529224 148.894310 152.802821 153.040779
151.532231 152.320826 151.833436 149.550719 152.936561 156.181172
164.595841 163.298886 158.970659 157.445141 159.141505 161.576657
168.275198 174.263442 173.349014 174.364904 177.463027 184.506363
198.720449 212.395622 237.744505 272.416167 280.305956 241.847072
215.067193 220.159721 219.769858 219.826867 210.449606 200.224806
206.077991 214.618158 233.904178 254.442387 243.487358 221.273712
217.115532 214.014682 208.434435 205.448216 202.865735 191.784332
184.240963 197.240942 206.736251 212.681401 214.505159 207.340158
202.691324 194.891266 185.586785 185.148709 183.459473 176.873675
176.558274 181.952449 186.094214 186.963355 184.054701 173.355984
168.168486 171.351771 169.075373 164.202961 168.837604 174.629685
176.601498 177.151232 171.606249 170.143048 168.765299 166.820761
171.261263 176.884496 183.631771 187.569069 193.321967 206.194129
212.802450 222.411497 227.032198 217.269924 218.684403 223.499145
229.353689 251.616106 262.102083 279.560724 299.229633 314.865330
348.340918 329.932268 283.674838 256.742036 254.281066 255.512719
264.603684 290.360132 286.296017 299.428837 299.198152 261.500705
256.788778 259.946183 251.344587 236.709138 232.878844 260.859755
263.397173 230.216420 212.308623 205.429931 207.000159 212.354270
216.426053 223.696959 220.596347 206.023387 197.997694 197.449205
192.621933 192.241559 190.013222 182.740516 178.211208 172.749318
171.465191 174.213496 171.457598 173.030822 174.600622 171.421664
169.972613 166.003435 167.846141 177.742041 178.140644 173.290049
173.638374 172.023101 171.908959 172.568174 175.592915 180.123463
178.073993 176.567971 183.050383 181.868084 174.225484 169.909951
165.224048 164.048295 164.586013 169.055149 175.213346 175.221034
172.076343 171.698698 165.933437 155.311106 152.716006 154.958582
153.065422 151.951874 152.100614 149.405364 147.382638 147.235544
148.202044 149.271636 151.509355 153.886933 156.685552 155.618530
151.799281 154.380293 157.872071 177.463705 170.258118 160.586290
160.658910 163.810765 168.494426 176.505680 178.837211 177.822087
180.476255 185.011249 195.224081 218.469410 226.182252 231.874683
253.963043 264.357016 241.565020 214.737024 213.360089 217.522733
220.792362 210.454124 202.997081 210.805834 222.617325 240.272841
250.336656 239.365673 232.899197 242.729799 240.673170 222.841717
208.617072 202.335409 198.014860 191.913398 199.225032 206.946871
207.411151 205.701194 197.202672 196.311216 193.291711 187.936264
186.966425 181.412788 176.501021 173.445400 171.658822 170.371407
167.299503 165.315487 163.584603 164.144724 167.731235 170.147750
167.258322 168.991840 175.120864 180.063948 182.269836 173.812384
171.262281 172.927225 171.689985 173.042598 175.568085 181.666675
186.587211 199.124311 214.420816 222.191684 222.490167 224.525684
221.785917 223.121030 227.977182 226.244913 248.535380 267.632354
293.559248 318.937747 335.557105 362.615957 343.112739 301.776905
279.359308 271.964079 271.618297 282.382512 303.973097 330.310728
326.493701 317.764391 308.409240 302.578453 297.687455 275.735110
258.165714 254.070850 277.434385 269.436273 234.183295 209.847958
207.929905 217.634875 213.445490 207.035753 202.667818 200.552027
196.664802 191.539890 194.541391 193.448688 192.343684 191.707393
189.305944 186.158570 178.140013 175.775014 178.725452 174.346089
169.823852 167.073022 166.760941 162.809545 156.650834 162.137081
170.808398 168.475711 164.628484 167.386562 167.852478 167.602840
167.609251 170.258234 174.161382 172.599336 174.841710 182.200663
180.089799 174.757263 174.292038 166.142034 160.685598 164.578097
169.725876 174.044063 173.865271 168.856340 164.920979 162.943682
156.666103 154.238702 156.652101 153.701340 150.120786 149.632984
148.586118 147.679982 147.538252 148.135214 147.271592 148.320424
152.833872 155.482554 155.400855 153.955631 156.356182 159.448047
176.520261 168.680653 159.138632 159.643553 160.095815 166.482547
177.469311 179.521781 182.917731 186.259965 195.079758 210.583048
229.536125 228.805212 217.362056 226.924333 248.742349 246.589255
221.976432 213.646630 215.830244 215.897648 210.753893 210.274887
213.527316 228.674163 249.990966 248.712040 238.254307 245.276495
256.741333 248.525214 230.119505 215.822669 204.762191 201.063480
196.595458 194.535342 198.665893 193.092430 190.838472 192.131900
193.858273 197.173688 195.599196 196.504950 187.391925 178.174144
175.323963 170.525332 166.473052 160.035384 156.725440 158.833277
159.571233 162.336855 169.248482 171.388281 172.294774 178.043314
183.803899 183.292693 175.059000 174.745170 178.820489 177.069600
176.697855 190.087558 199.883492 200.949493 205.040628 211.752139
225.913045 224.907710 231.768444 243.312965 234.247678 228.982319
226.817477 248.552459 278.496932 311.428722 334.137910 354.105671
377.215915 365.614745 317.394924 288.645214 310.712301 326.598482
343.063056 350.270992 372.406679 370.498459 368.413355 376.435366
343.625446 307.098652 285.481158 269.792182 275.932842 297.254196
269.429439 237.059284 214.175360 205.354169 218.537982 217.982289
200.624043 186.670249 190.710757 197.125772 196.550523 195.206320
195.210768 197.155281 192.160372 186.121213 186.014436 182.391953
177.929969 176.871976 173.775600 170.395920 165.485925 162.220880
160.321018 156.508330 159.428022 166.309690 165.334307 163.083460
165.424489 166.224850 166.152093 166.212350 166.639382 174.859878
181.423377 182.151898 187.149194 182.865609 176.228586 174.859918
166.960837 162.673768 169.143233 174.698239 173.476353 167.766009
158.291254 153.836463 154.361475 150.495187 150.432873 153.314443
151.729302 148.207665 147.165434 148.400922 147.692860 146.121455
146.282400 145.440314 144.922489 147.048957 149.319566 151.624995
155.886753 159.659254 160.610255 160.861265 157.256313 154.358750
157.414037 157.548939 163.688503 172.563311 177.430325 183.580055
187.669235 207.204744 220.983562 223.057907 222.314978 213.955746
227.683934 256.278392 263.529885 242.595315 221.230694 218.802355
218.060494 219.067357 218.307398 212.900754 230.172317 251.261373
257.370945 250.863699 245.749962 246.512188 236.465253 227.362453
212.561936 197.970442 193.742685 188.624158 186.391013 187.120175
183.055072 186.659697 189.927711 188.300446 194.847146 194.057317
195.117004 192.812691 185.274063 182.054502 176.399152 170.194384
162.336428 158.676198 162.099645 163.231615 164.116280 170.690042
174.563738 173.346881 178.271557 182.970376 180.533557 179.163598
181.696917 185.760280 189.015393 191.547558 208.447340 233.649212
240.412105 223.643598 226.615829 235.647363 227.005373 250.746333
263.215631 242.310234 239.529592 238.219021 261.028205 287.757085
293.947665 325.997545 366.175134 379.692085 371.579253 337.707181
329.232892 363.007558 377.942360 383.450124 376.335552 366.502984
377.073249 389.518504 391.557437 370.631571 328.967950 317.571641
302.159901 301.206587 319.786294 281.365119 239.250091 220.206192
212.801684 220.400801 220.848211 209.230777 195.200131 195.870166
206.352287 204.787691 191.551228 189.587798 194.991978 186.172746
180.458412 186.131037 185.070332 175.242154 170.479817 169.284680
167.699723 164.678171 161.553343 160.573198 160.564626 160.844978
161.712476 160.279400 158.432015 158.766712 158.383250 158.798916
162.048400 165.526311 174.484689 184.629316 186.865662 194.929875
191.217514 177.502592 174.960056 169.969155 164.593271 167.909020
171.455014 168.888291 164.279017 155.364221 147.840453 147.441964
145.562129 148.292501 153.800552 152.506857 148.542322 147.884473
147.232086 144.843567 144.533227 145.241542 144.565750 143.328266
145.991234 149.652990 152.292073 155.382680 158.162013 159.533688
157.482455 154.668523 152.619858 153.274252 153.169390 157.492247
164.613716 172.565911 177.946841 183.639330 204.676109 213.642572
213.844086 214.960883 213.315727 225.527176 248.372958 260.972050
245.102456 221.998551 213.580037 216.259609 223.778540 217.714793
209.740589 223.767744 239.378630 243.946603 237.298392 233.155422
228.286239 217.746668 207.284705 193.329280 189.358731 185.615567
178.796565 178.385021 180.240899 181.918024 184.416309 182.422498
182.002627 189.029333 187.045807 188.407086 198.026813 198.263059
194.850746 188.349411 177.022221 170.245422 168.784323 170.187913
171.086839 172.354245 174.901673 177.205459 174.058472 173.394188
181.644613 188.476147 194.690708 201.263575 205.996530 219.448846
225.452045 236.756178 264.804835 266.566264 244.704919 244.341092
245.047618 241.220630 267.139000 267.129319 240.078299 237.521952
239.815394 259.386549 276.148833 283.756687 332.860651 372.103507
376.557354 375.036173 362.246093 365.960893 380.690135 382.560615
383.328445 383.902795 374.162078 376.991363 387.050144 387.101266
379.896201 357.279737 357.505375 345.374929 322.100638 311.143134
276.476516 244.816805 230.886543 229.122133 223.949562 218.532792
218.448903 209.090458 202.581818 204.305065 201.794739 187.453405
182.279120 182.844270 175.166483 173.718140 178.995305 178.468889
170.039595 164.561825 162.163328 160.116184 159.832066 158.059915
156.328358 161.282233 163.573401 159.407049 155.731069 153.137202
154.103350 156.878892 158.177712 160.418978 163.915187 174.850172
185.755778 191.350805 195.211695 188.114194 176.830110 173.359693
170.449533 161.674368 158.052466 160.989761 161.314696 161.478452
156.160203 146.929395 144.525256 144.325998 148.373830 152.785405
153.079931 151.560338 149.162779 146.399466 146.394729 150.141120
150.108630 146.598067 146.988545 153.123386 157.136823 156.736925
156.044953 155.908329 156.012320 164.169338 161.160131 155.739960
150.720259 148.536582 151.093189 158.531226 166.435265 170.148466
178.820636 200.630386 207.950206 206.395622 209.367284 208.929300
218.019243 235.030778 238.387994 227.264099 218.317251 215.223899
221.923047 222.335217 211.482576 214.778901 225.164176 225.200463
219.846917 212.811677 216.039858 213.333483 198.133608 186.178201
176.275467 175.216564 174.121127 170.957064 174.660802 181.697661
186.690825 184.456961 177.450767 176.881866 182.634387 184.142922
188.815873 198.041579 201.105455 204.461359 203.422562 194.873585
185.078837 178.806010 176.911417 174.439953 175.841521 176.540899
175.646641 173.266898 174.550147 186.644449 200.431451 211.905654
221.455510 232.246843 256.446147 257.792495 264.172078 271.826076
250.711368 262.717336 284.798470 269.409637 261.269641 265.792546
256.653255 244.727239 232.659202 231.439053 246.567893 261.431806
277.890551 332.903359 374.626368 378.644975 379.933886 377.039706
376.547444 381.053769 382.463305 379.513657 381.521676 371.361592
361.184726 366.377883 361.932605 351.329514 354.104802 368.421116
366.908158 351.486427 324.879288 285.655142 267.077224 256.110535
245.411914 232.374008 223.404334 224.270746 211.173964 193.539841
187.264903 185.753446 178.491983 173.343025 172.352844 171.527263
169.925358 168.804189 166.250746 162.405523 158.160659 155.721799
155.783574 155.802851 156.449882 160.808217 167.038253 168.289540
163.678750 157.446162 152.529815 151.718507 156.600005 158.965263
158.483825 162.014817 175.105229 184.961476 189.554655 187.954115
177.353793 170.467510 164.668279 164.247758 156.054750 146.353907
149.045540 151.271014 154.324200 155.478794 152.736289 149.521923
147.907488 151.255677 152.521310 151.608527 151.185878 148.208757
144.951332 147.096825 152.438215 152.461398 150.476738 153.437385
159.457752 161.828417 160.870208 161.795419 163.949423 164.806489
172.329619 168.168543 161.547070 157.170213 153.745165 153.802789
158.880579 167.899776 172.860449 182.038405 202.222611 206.258777
198.493860 198.715283 198.566744 208.373326 220.944913 217.498082
215.859979 224.294131 222.130003 219.289584 219.373777 215.156729
222.404732 223.699545 224.700504 225.102075 211.846618 206.052065
203.591815 193.158973 184.841026 175.274110 170.872274 172.434029
170.493729 171.950872 173.982786 175.509668 176.110500 174.383076
172.685149 175.950536 181.826055 188.431931 192.144684 193.076766
209.708508 224.204594 218.601458 203.300168 192.347235 186.986808
184.633163 182.428585 176.422530 176.792490 182.119371 186.441008
191.422695 203.508142 214.196914 219.434352 237.715941 272.576179
273.032717 266.211220 259.227731 240.922500 276.582024 317.239405
291.102433 268.190890 272.535508 258.033720 248.383001 247.881353
234.012212 239.860857 253.642606 268.084417 333.643568 380.301246
384.647013 386.994255 382.448911 380.209444 383.751219 385.135874
380.673794 379.692822 365.316153 338.720715 322.332949 313.319253
321.852776 350.808699 372.868835 367.708040 363.935096 340.609731
291.337178 267.407157 249.164154 231.286353 225.288216 223.930208
220.557944 203.102477 184.285806 175.291533 170.154464 167.250641
163.158480 161.529348 166.532168 169.292757 165.407486 161.001980
160.657289 157.930418 157.529120 157.681271 157.731112 160.858871
167.219314 171.596086 169.029761 166.745744 161.728531 155.303496
151.334083 154.278588 157.103389 156.765688 162.414439 170.737931
177.572137 182.035455 179.404507 169.544636 161.168094 158.472635
156.048313 147.138060 143.764907 147.342135 150.660559 154.826400
156.852566 158.391978 154.961011 151.010607 150.927333 151.202899
150.788119 150.634537 150.301678 145.632219 145.173398 149.170251
151.208329 152.464805 154.180598 159.478126 166.321067 168.747176
166.828688 169.685118 173.626399 172.852645 169.281187 163.945085
160.871571 158.245482 159.357771 162.401008 168.979750 176.999748
187.405427 198.960951 203.292108 201.223097 194.023466 188.675335
194.914185 202.831774 201.588768 211.380007 233.213131 223.811327
204.287977 209.253762 220.172015 234.068146 231.228982 231.128835
229.311506 209.283994 202.819076 200.352371 195.895056 192.914645
185.542392 182.148984 180.706020 174.380366 170.923991 169.215416
165.194602 165.778149 170.280162 172.293503 172.805542 178.125410
188.622353 194.209289 200.738155 220.694951 240.475505 239.042224
223.994390 213.212621 202.883263 195.225741 186.848883 178.780077
184.413687 194.739245 200.766297 205.986281 214.354809 225.257568
231.463146 247.709127 276.480074 281.031108 271.014955 271.890501
272.447245 299.010500 330.781360 307.903567 269.514392 275.148426
271.435795 257.573875 261.515085 249.410430 249.614982 240.426833
254.780024 309.954989 355.730634 384.038942 389.527239 384.168947
384.073532 390.191299 391.336376 384.683819 380.206900 376.948686
359.016928 331.864895 316.367455 338.925110 371.363305 380.457622
359.348332 339.723869 319.084289 276.227390 241.500879 218.227725
206.249850 204.820125 206.636558 201.194062 187.871007 177.066312
169.289299 164.939764 164.126148 161.247095 160.331368 163.048035
163.745707 162.470367 163.009837 164.616793 163.567880 165.673180
165.607632 166.588243 168.983199 172.428883 178.497641 175.248479
172.345138 168.030061 160.590343 156.784797 155.697244 156.097705
157.940247 162.168634 166.003659 174.733294 182.735878 177.248803
166.714996 158.628230 155.280719 149.076208 143.475922 148.973936
154.082527 155.193799 157.310882 156.658862 158.672823 156.649281
151.412797 149.270212 147.995111 150.318430 151.763173 152.205251
148.540427 146.220891 148.265154 150.321701 151.191823 151.964020
157.082784 164.302838 173.070562 174.561815 174.447572 178.142755
167.606677 164.517614 159.907918 158.252549 157.825975 160.534830
163.603870 164.210600 169.106785 179.017509 189.118672 193.999934
199.980726 197.530965 190.891123 194.058520 194.458474 196.366352
213.888128 233.218665 225.643291 205.406637 202.717899 216.609986
235.818773 237.927134 233.125524 221.575031 199.039893 192.474917
194.417421 197.339468 201.886603 200.678124 191.816799 185.803672
182.239078 179.078613 176.757681 170.190139 168.959808 173.085887
176.681446 179.399594 184.437943 195.200831 199.426703 205.933056
225.279449 241.897193 245.651052 235.516615 226.348836 213.726355
195.581303 185.366684 180.335322 186.248062 201.164308 216.784074
236.575715 240.723376 244.173805 245.226001 251.159447 279.856370
299.379771 304.478234 299.251307 302.366690 329.016637 344.030972
327.218614 274.124088 249.259576 260.219833 269.240458 273.023271
261.342633 267.877807 262.641784 258.793966 281.357722 329.105061
373.856440 385.561256 381.327796 381.962322 387.755594 390.233980
386.487033 380.419000 380.664421 378.791943 370.674233 347.071624
356.807528 385.115743 384.802318 370.364756 336.368181 311.128378
288.544907 244.020767 208.867772 199.089895 195.229509 191.699773
187.492588 179.034757 170.825344 169.851541 170.961114 166.435661
162.550399 161.476259 163.576608 164.568127 164.120962 164.810667
165.181860 166.970583 169.069871 170.666871 172.756697 173.923879
176.776748 180.254372 180.576547 179.703139 175.477822 169.205332
164.981751 159.991020 159.449236 162.497360 160.316890 159.357765
166.644791 177.736780 173.243344 162.638351 159.723914 157.161823
151.511980 148.803702 152.138858 155.206961 155.228720 153.181794
153.323384 157.997207 157.696067 152.619360 151.144175 149.006891
148.984456 150.636566 148.999681 147.201910 145.458185 145.869048
149.024604 149.173339 149.825871 157.320404 163.952343 176.285746
185.599596 186.629799 189.839975 170.126204 166.915570 161.415756
157.840036 157.458394 160.995388 163.943116 162.063542 162.455781
169.075977 178.317724 183.494722 192.906346 197.789223 192.915969
200.134616 208.047747 210.464258 214.647816 212.298118 208.086596
207.277389 206.737873 208.640192 217.257253 226.368996 226.738566
216.555000 200.908299 190.916763 188.834986 190.618149 196.699011
199.250117 195.247556 189.139048 181.716939 179.486928 182.490486
181.599566 176.100966 176.998217 179.313118 184.902573 188.775887
191.089624 196.737758 204.208616 233.647204 247.717770 236.788734
228.360042 218.202197 207.434629 191.549054 185.097038 187.975367
192.031591 214.410182 236.936249 255.536704 259.029924 254.453888
249.602021 252.522283 282.232971 308.209800 317.062852 311.385922
334.396633 355.536894 331.225440 297.442120 254.018571 229.217354
238.108761 261.245674 259.616175 246.674594 269.935150 300.271979
297.001757 298.999700 318.309128 353.353064 385.816224 381.550824
382.018614 384.068181 386.666479 388.438391 384.632359 383.089916
377.022740 371.951244 351.349468 344.813791 372.000858 384.896588
387.140077 362.239512 331.002283 309.707899 270.118743 221.686547
196.547391 190.884202 185.959028 184.255317 179.997661 176.760725
179.557589 181.547785 175.648395 168.755223 163.106528 162.349257
166.512301 167.418235 166.303340 167.820029 170.988781 171.956185
177.312907 178.084838 172.782690 176.240517 177.859088 181.165696
183.960330 180.810295 175.823342 169.433693 163.497888 162.562549
162.039525 155.683361 152.665620 157.018949 164.305199 161.704747
154.051305 152.122525 152.625064 149.740894 146.415307 149.691584
153.910388 150.900797 147.105573 150.570227 156.173057 156.970611
155.310990 156.373347 155.123622 149.161232 150.092429 150.027919
147.407704 148.036069 148.771683 150.611410 149.603080 149.420081
155.660333 167.000077 178.857730 187.582775 191.706125 192.690718
176.926237 174.085692 170.372779 166.482051 165.992028 168.783500
167.745727 165.457140 167.086087 171.683318 175.054738 183.447493
192.029607 192.017149 189.726700 199.544088 217.394448 222.304831
214.547730 198.994252 193.221510 203.446762 209.250992 209.232451
213.963582 223.055130 220.778903 210.040422 202.417917 197.526946
191.702150 189.486265 187.945688 185.515016 189.036220 183.069595
172.729538 174.855308 184.817225 188.783782 182.272439 181.770557
183.715754 186.526326 185.758475 183.368167 188.950691 199.978946
229.857185 244.256904 228.048778 209.622596 197.239983 196.045185
187.578638 181.912592 189.804650 195.968386 215.003035 235.831031
252.001095 258.851690 258.548560 260.708910 269.228392 283.453497
309.683635 319.010012 319.301645 339.068115 340.438682 309.946975
257.312949 230.525892 224.589982 222.299874 238.525612 233.433774
240.638316 274.991047 299.852208 310.338301 329.371266 336.580441
352.187347 382.918671 382.032318 379.684535 379.383565 384.302259
387.299077 385.873527 383.365365 377.446900 363.018248 335.172829
317.360177 348.599667 381.299737 384.425023 359.622752 338.576009
312.677438 259.964439 214.001360 188.010705 180.692549 176.225204
180.848561 180.910014 178.323300 181.378829 183.970781 184.589799
181.168105 172.674030 165.968896 165.733733 168.334000 169.510589
173.204135 175.953720 177.018313 181.768934 179.948373 179.388105
186.803252 186.802288 186.523379 185.627119 179.920374 175.248402
169.867907 164.156982 159.869148 156.718632 154.034686 153.548105
155.279829 154.579847 153.241960 151.410177 148.966984 148.957133
145.171605 141.216808 146.089307 151.597256 148.667029 145.051507
146.524847 150.351659 153.135955 158.973767 163.217305 163.669175
156.338100 153.232258 154.056366 150.432092 151.113947 152.074261
154.106471 155.239265 157.818171 159.763441 165.074028 172.855209
177.010720 182.420113 185.558000 176.413359 175.486171 177.535614
173.484777 170.406885 176.672260 179.184791 175.668926 178.156386
182.072029 180.393858 181.907267 181.430800 179.664895 183.890745
192.940220 207.953130 213.615571 209.275519 201.358744 193.260133
197.299472 204.789283 217.808398 229.732846 228.571969 225.643088
214.476430 203.317551 205.026990 199.990447 195.343308 189.753196
182.021165 178.663521 174.119256 173.290821 176.634333 187.566837
192.484016 186.567012 189.203842 191.803914 190.323013 192.613528
193.045727 194.399102 203.587477 222.790469 229.678932 215.972861
204.505814 202.519338 201.599628 193.449341 192.301105 193.851673
191.407860 201.553245 218.125100 238.815029 248.501065 251.079593
258.980698 262.712336 269.047268 301.892444 318.395883 323.427815
325.447483 302.695391 275.096648 243.217079 237.136914 233.153287
236.189330 245.061548 226.093182 237.198172 297.285647 304.790391
292.843850 327.980791 345.121446 342.965893 354.785639 371.900281
359.145600 345.690137 371.423544 389.697767 386.080728 381.822696
378.326106 359.894575 318.003782 307.751723 316.493863 321.126684
344.001228 332.757236 322.357351 303.315222 242.679736 198.579237
178.850817 174.745779 173.328709 176.969252 177.721190 174.254145
176.424419 180.520166 185.433768 185.337262 184.278678 178.171139
170.618664 170.254188 172.516857 176.567527 180.237922 183.143032
184.513942 184.781076 191.592478 197.757158 195.390808 192.269045
182.321391 172.643007 171.831039 169.693464 164.117015 156.659204
153.641173 154.425974 154.652268 155.453641 154.450645 154.125300
151.947211 147.947931 148.213951 148.804416 147.837714 148.168133
149.004107 146.645893 144.205944 145.457438 148.417515 154.043560
163.287029 167.550390 166.908985 161.636769 156.686916 157.026945
158.713921 157.229851 154.570670 155.548546 157.846155 165.671226
167.877456 163.510009 163.742735 165.898578 171.309949 175.931486
167.726886 171.745410 178.121736 173.374755 167.357846 176.377160
185.405597 179.492696 178.918808 183.674493 180.744869 175.449670
175.109738 176.663148 178.861290 186.357943 201.112126 206.690362
203.097100 202.080681 192.312341 186.904221 195.665052 214.257900
231.437760 232.377536 233.859157 222.492953 205.263880 208.292061
201.074923 191.092302 188.730890 183.135666 178.874750 181.765234
183.356288 186.404828 200.757059 201.504794 193.720104 196.244060
200.914416 205.313616 214.750571 214.939421 210.387002 218.917083
229.070390 227.330707 215.561613 214.621371 215.332933 209.686990
202.347370 196.359504 191.716069 185.205209 196.160277 213.941137
222.143443 231.144251 253.968857 264.172540 256.698881 261.399196
276.603147 279.545712 292.241550 298.472861 272.748332 246.154156
234.763637 245.628699 249.573139 260.263760 255.067728 221.493936
235.108079 297.942729 295.769558 277.465042 322.512150 349.856927
343.297930 339.073708 345.855657 333.082967 313.993655 332.854120
360.952744 373.226631 378.411379 376.384010 360.474570 309.877083
287.729504 287.201581 283.210217 309.006950 316.374380 293.761913
265.509455 232.999362 198.065642 179.782686 174.910553 169.134722
168.570847 169.974046 170.717781 173.001262 178.293893 181.592328
179.581467 182.351502 180.813365 175.286615 170.491538 172.085505
177.468752 182.685787 190.650992 191.116653 191.432573 198.736577
196.659042 188.396801 186.369085 176.572641 166.499750 166.423752
165.580193 163.304266 156.767919 152.393350 151.691272 151.919252
156.603693 161.013761 159.266603 150.925741 144.531999 145.153285
151.257225 154.660918 153.029246 150.714575 145.818219 145.597273
148.936295 148.973382 156.500155 163.816375 165.091715 164.724691
165.888297 167.369298 165.394001 170.610007 168.259871 160.120707
158.863597 159.235334 163.774531 166.181890 165.095488 162.192002
159.418014 163.955541 169.033139 167.361134 174.235242 185.561259
182.803986 171.958146 175.647648 184.001358 178.619142 173.885558
177.919814 179.459426 187.069256 196.110035 184.835753 175.891130
185.953491 196.178994 199.224475 202.553240 200.688524 190.421043
183.662360 189.557941 204.596023 220.533796 229.541180 233.064116
220.218449 205.143939 206.073244 198.735554 186.695726 182.174210
183.274515 186.869138 198.490601 204.451003 202.273450 205.825262
202.604228 202.309245 205.202259 208.812488 223.829467 231.723019
225.918595 218.341372 217.146814 216.528264 220.758423 231.004043
226.418724 212.055384 206.474065 204.027274 192.477936 185.451185
190.054171 202.111802 212.699348 211.436514 221.072776 250.212190
263.651804 258.435904 254.243230 254.568353 248.579186 261.303510
273.324584 262.950604 261.460802 254.687161 243.587354 237.524652
244.057047 236.527520 218.419705 239.218256 264.249452 256.462384
278.578880 342.756676 374.399711 370.842439 346.306480 337.587772
333.852604 308.714061 305.394123 337.925985 372.331256 379.473669
381.350039 357.842299 312.854541 288.981422 290.167403 283.355045
286.925793 292.577170 264.066793 242.647656 229.357703 201.572240
183.007798 176.018021 170.896974 171.440944 169.469902 171.884656
175.464407 177.377363 174.690332 169.519027 167.606866 168.096466
169.985027 166.866054 168.931468 178.845637 191.485069 199.852878
196.971492 189.533396 191.947392 190.153158 179.183180 176.344521
171.395100 165.840781 163.714771 162.750025 162.246419 155.614114
152.541438 152.135741 153.416316 158.868832 162.268527 160.332964
152.792574 146.310952 147.702246 152.570523 153.675989 155.557721
156.606152 154.567903 155.193681 155.850501 154.105125 157.284148
158.993422 158.692501 167.010389 179.927365 192.226687 193.171316
183.356969 171.148360 163.484742 161.887939 160.797089 160.868071
164.804447 166.574036 161.330006 156.153555 161.120621 167.996103
166.592990 174.939740 189.892307 189.967539 182.476710 184.478850
193.396509 193.184328 185.858843 184.118163 191.584224 213.999038
223.683636 209.384774 194.319945 193.747980 196.455040 195.037095
195.723536 188.023665 179.991720 182.777867 192.659855 201.356418
210.000887 216.451837 224.241983 219.942575 207.614342 204.410215
201.563166 197.111238 185.270807 185.230924 193.549813 203.040325
213.018227 205.761760 201.227249 199.875403 201.088747 203.901538
204.418139 215.726506 222.873359 226.858831 221.443459 211.588285
207.175743 209.712335 228.448019 225.452092 210.510933 208.783435
203.163996 195.909512 194.039606 199.825726 210.093238 213.961112
217.824922 232.555583 241.923869 247.484236 249.140627 240.821703
236.637530 244.978315 265.425406 279.629748 276.139727 279.678141
271.033113 247.015059 234.664775 231.724939 223.136767 213.688604
220.966791 228.626933 235.705887 270.088277 317.590586 339.912926
353.610968 336.037739 317.005341 316.755068 295.541817 281.589473
325.330934 359.656755 362.470695 371.597683 360.933948 351.045754
336.859020 312.755724 277.470355 278.487226 290.891954 261.878692
245.512287 235.372162 200.831844 177.664455 175.372662 176.716197
174.567967 168.493389 169.657895 174.242083 174.362611 169.020028
162.433998 156.399728 154.101773 159.285254 162.903222 167.190661
177.273364 193.477269 203.668491 198.457854 185.525300 178.878535
181.541786 178.970618 175.928537 175.962523 175.457566 171.822326
167.481737 161.161016 153.008091 152.975712 156.859040 160.009246
160.317814 160.406018 162.113434 158.754021 152.173277 153.314699
155.664316 154.360176 159.908916 166.064311 164.058893 164.082090
163.142089 159.310996 158.286181 154.916130 155.397460 168.731978
183.919620 195.524638 199.596699 184.857821 173.985315 172.883477
165.563874 158.572356 159.403734 163.920311 161.763421 158.742422
159.855475 161.741056 163.649981 156.136057 165.900574 181.666449
184.865123 188.993529 200.588152 215.765829 216.400377 202.585616
193.740914 201.484610 225.451334 235.356145 229.720278 214.427871
206.010953 208.289325 199.451660 184.872845 173.234048 169.954848
180.288888 193.930398 198.197051 202.935085 207.396773 214.343067
213.094800 202.110733 201.834709 201.859618 203.891189 198.208765
198.251576 202.369655 199.953274 203.753712 198.289003 196.945503
196.025780 194.080599 193.750136 190.820772 193.100975 207.401778
227.663201 221.755261 208.606988 208.884982 210.162451 214.562402
213.860018 211.770783 212.863961 206.573097 202.700411 200.201005
198.156698 205.821025 214.034223 222.592676 232.797061 234.823099
241.289264 244.240166 245.345033 240.838796 246.246825 279.817146
292.070713 282.768208 282.851468 266.103518 241.769602 246.077195
243.241990 224.796095 211.656956 207.947506 213.288130 221.604457
239.850783 254.844103 262.013646 284.167210 315.767275 299.250183
275.755656 260.294533 235.653687 270.748571 302.507532 328.507896
360.548723 369.815293 376.465757 353.276262 318.682529 287.371096
276.873955 273.793414 248.996969 242.369849 232.310597 195.200320
171.137590 170.688213 175.129048 170.341859 165.342077 166.274347
168.013906 168.827704 166.125530 158.934016 152.379896 151.050545
155.427770 160.069505 163.881075 171.512997 185.301127 197.024970
191.450356 182.108534 177.542127 178.274221 179.108462 177.583823
179.982111 180.681619 174.846516 166.718781 157.570359 150.000817
151.243242 156.169957 157.894558 158.792538 162.910045 161.573427
159.692001 157.724609 154.806840 155.046063 155.712186 163.946914
171.954764 172.448301 173.005113 168.357084 160.987640 158.404499
155.049476 156.019581 162.781245 171.663411 176.610047 178.827293
181.832842 181.630725 179.074942 171.728657 161.621003 155.914017
155.787282 155.793998 159.498178 161.447497 161.225058 163.545274
154.346523 162.600860 176.176346 183.069464 192.439362 214.906213
235.110666 232.748571 227.505318 216.808239 209.907647 223.710130
233.016323 237.682955 228.029197 210.948048 207.405547 199.390553
182.632387 170.874741 168.963252 177.898845 188.310715 194.154314
202.993321 209.111567 210.859305 205.429463 195.156221 196.083617
198.686056 198.519001 199.240562 203.119268 203.609730 200.801965
199.886516 192.401486 187.876947 186.418714 185.848387 187.613029
184.398659 183.742190 196.118041 212.998832 206.596745 193.280421
200.243023 208.918461 211.003311 218.556519 215.879478 210.014382
209.220401 206.266548 201.517604 197.379734 205.052402 215.636793
219.980687 223.670046 226.465075 237.421934 240.531493 247.086378
257.025896 261.449761 291.599526 310.480624 308.765727 303.134196
275.441091 247.733809 253.811461 260.376830 237.113375 208.651034
202.032496 203.465137 206.169074 222.240487 224.530937 219.635221
231.938499 274.533349 282.507026 251.777217 227.724231 217.525292
246.985061 269.784422 316.211803 368.349476 377.082303 377.010695
354.243488 320.719307 308.135594 284.110974 246.119524 226.137411
221.882789 213.560920 189.211107 168.700568 166.599090 166.588493
163.498809 165.245419 168.726437 168.133350 168.009754 167.579188
160.210565 155.296935 154.977134 154.933094 155.839946 161.804084
172.766297 179.772885 188.608082 191.618813 185.992010 180.918780
179.682895 179.555453 176.784246 175.139080 178.433193 171.998095
160.912180 155.234360 148.610610 147.803907 150.333268 154.273088
159.547946 165.465619 167.453863 166.914430 161.472498 155.336660
156.112235 161.322139 169.688643 177.039436 179.660256 178.361463
171.401382 163.724760 161.670469 160.181922 161.539728 161.524914
165.963588 171.403769 176.962349 183.846498 180.019909 177.654998
176.622175 165.331074 152.286087 150.035919 151.887855 153.683184
153.589534 156.009230 160.286053 156.541427 166.216616 180.616734
190.312359 202.826113 224.373070 238.550465 238.331093 245.554598
239.063535 224.364292 224.946093 226.962271 239.950212 239.499598
216.010757 205.349401 199.691230 186.278984 173.223135 168.016266
174.050226 184.772182 191.624909 201.695917 207.147912 205.648930
204.335005 200.345489 199.447716 199.802189 195.554789 192.048757
193.923954 198.792329 200.887135 197.014841 188.107249 182.377565
181.749413 182.606087 184.732479 182.590755 182.371189 186.197979
190.985226 186.501145 177.004394 185.345160 202.909410 210.729613
216.252051 211.125431 207.690008 210.636007 209.059379 204.773035
203.864461 217.353543 227.051420 222.068166 225.905872 238.028808
241.692693 240.803747 245.426407 287.967136 334.352051 349.171551
342.919469 325.303847 305.941639 279.222849 261.764373 274.505464
279.671547 239.519037 204.604401 199.007837 194.898037 195.099929
216.764466 232.338623 233.113463 235.977263 242.018676 245.685532
236.417605 216.088638 211.322248 244.349854 275.439099 326.736856
372.050219 361.314697 355.434590 346.639879 314.538757 307.235229
290.679663 251.197561 224.183562 208.040140 198.628851 181.605595
168.958701 161.227326 154.142597 153.961047 159.783697 166.909029
170.516997 171.964177 168.472661 160.809572 158.633707 156.313345
151.469544 151.806881 159.072293 168.531356 173.384130 185.393264
197.722348 195.303191 187.714398 180.609181 176.996776 171.885810
167.478477 170.895299 167.343993 158.155307 151.929325 146.489030
145.142887 146.466696 154.075484 160.523413 165.321558 175.199482
178.034588 166.999681 160.553849 163.066889 168.971424 174.773698
179.413677 178.451305 173.965972 170.993208 166.497642 167.099694
167.572627 166.912755 166.576044 167.950410 174.501107 184.668619
189.322558 186.224864 182.314573 176.702423 165.899213 154.461012
149.581810 150.177697 148.412038 146.417823 148.749849 150.525086
154.610839 168.562817 188.619541 203.183721 225.323591 241.152822
241.905623 246.896916 246.044258 242.368099 242.846113 234.595325
231.205129 241.832262 236.965767 215.999680 208.446168 202.511759
187.716390 175.245871 169.882492 174.351507 189.335250 199.637790
207.604810 204.579780 198.796015 204.373683 207.798203 205.438647
200.098594 196.841266 196.260398 194.737266 190.428318 189.832246
190.101550 184.779642 182.762270 183.212706 182.272390 181.913906
180.810109 180.563604 177.813983 177.201582 180.337945 177.170499
180.253871 200.330249 211.006500 204.287413 195.048633 197.392954
203.117017 205.651223 203.359456 201.027223 214.429783 225.393729
218.486175 218.476826 232.950136 247.196547 260.034896 263.562451
301.435722 366.811328 379.048132 334.700875 296.864181 273.685286
250.370235 249.252030 270.439573 267.056150 232.400508 214.654925
207.877990 196.630153 197.158592 220.361719 243.257445 242.640814
244.105985 245.684133 237.247493 231.412602 220.401184 216.815826
251.807812 293.209055 315.961256 320.367823 303.067173 313.771611
329.554155 294.202835 273.210171 259.192184 235.684126 222.601338
215.055168 204.561787 178.405590 166.277691 155.941760 149.273518
151.168509 154.874089 160.977423 166.898049 169.419591 164.727820
159.338647 156.778448 152.287767 149.005021 149.167040 151.502481
157.178480 166.071052 179.968003 194.866826 198.900840 190.164416
180.374952 173.269797 165.322638 162.241608 159.379226 157.528873
155.286978 148.880853 145.692023 147.107367 148.116141 153.860800
160.247913 162.853791 169.356518 175.211664 169.836712 165.546381
168.149423 173.294577 179.387579 182.185622 179.419387 171.901159
170.970010 170.912731 167.211419 165.176847 163.291249 162.966293
163.827650 171.926590 182.739751 194.476291 198.173255 188.904458
176.915532 165.041889 155.492219 147.596677 148.728685 148.563032
145.909949 145.826429 145.462125 158.243453 166.887443 183.530716
204.607867 226.921489 245.189054 249.353234 256.202782 251.278841
241.352846 240.612664 232.006141 237.038406 243.293306 239.326550
224.414575 209.904118 204.640515 195.580367 185.096864 180.570898
181.615657 192.426455 205.327838 213.085601 204.940729 199.236534
207.081931 208.511044 201.097861 195.261525 197.009954 203.362826
202.912546 188.172681 180.301834 182.441128 183.064688 184.879505
184.699762 176.459490 172.554812 176.324064 177.565329 174.642869
175.713616 181.022262 181.912399 185.750171 198.114264 206.405936
199.021426 186.702888 188.854247 192.772971 198.865452 201.265221
197.785103 211.183839 221.692269 220.581818 222.136977 221.471011
236.049786 260.102859 277.752699 304.285981 329.738634 323.082655
294.234601 275.381020 251.244915 236.210569 244.593174 251.237563
251.648288 237.217645 225.319827 223.933427 211.410438 214.032978
234.573797 243.793049 242.012229 253.867897 254.843426 244.257511
239.174313 246.294650 266.647542 280.635729 296.324270 300.678549
287.642284 293.717735 302.379258 300.286914 282.050931 264.670288
240.815400 210.383901 211.133698 222.146381 209.998790 180.333234
167.242036 157.510839 151.203215 151.981471 153.555277 155.653073
161.600561 164.515876 163.396510 159.530570 154.625832 151.794990
150.955409 148.336698 147.337192 150.669343 157.693864 170.209663
186.048254 196.519437 192.592317 188.901483 180.070196 167.691440
164.386621 156.175058 151.171273 151.049795 149.244607 149.855074
154.740558 157.722026 157.538992 161.612774 164.314076 164.995883
168.742010 168.447538 166.194390 171.018484 184.675999 190.101781
188.121348 184.358383 176.033310 174.115642 173.473288 165.283538
158.973643 159.062632 159.248509 161.928483 170.200671 180.758551
192.342011 191.809573 185.909902 177.013326 161.656071 152.825914
148.122705 149.153092 148.803264 147.109052 146.028709 144.660294
160.319175 162.806664 177.841765 196.608297 205.524991 223.287708
236.998048 244.618048 244.732322 237.782247 230.357406 224.973983
236.180931 237.456742 238.475036 237.522592 219.462739 207.431194
203.010948 195.880979 191.980069 191.263946 193.747778 205.840889
211.191991 205.753640 204.612908 207.447393 206.192569 206.984964
207.064964 201.382620 203.310216 201.184574 186.949285 177.163422
178.263196 183.032685 187.745936 185.569115 172.257039 166.226305
170.654513 173.991074 179.837811 185.261545 182.288289 183.041825
188.872349 193.225032 198.340175 194.081853 187.388344 189.052464
195.562583 205.491887 204.080956 200.022761 218.612353 223.137576
221.150336 223.080333 206.653868 210.247940 238.896049 269.784380
292.106485 295.469931 281.347558 273.306616 265.348082 255.968539
254.679886 255.940498 255.649214 256.284147 241.357034 223.151990
227.684943 223.841101 227.467695 241.512271 238.032246 251.543588
271.210231 270.843759 268.945036 258.137290 265.619082 309.357519
322.276025 316.783218 329.376041 316.935623 313.678337 303.474070
281.603084 269.077992 254.348878 238.761433 219.950903 211.852053
216.362731 208.826113 186.656346 172.526379 160.112232 152.150855
151.285936 153.664660 155.541109 158.527591 158.993085 157.700271
155.304209 152.755720 151.181311 151.743354 151.925394 150.732992
152.020402 156.073242 164.325391 176.174294 185.682775 191.653872
192.039444 180.083988 166.158954 158.318827 149.422665 145.702999
146.954762 148.935511 151.974297 157.021757 160.710352 157.298122
158.667447 163.777959 163.793508 164.681940 165.407367 163.666152
173.091283 189.960295 192.395593 185.778660 182.252206 180.852993
178.467059 177.279657 170.492039 165.390441 165.813946 167.715980
175.665550 182.812702 189.337092 192.856660 185.618843 178.879033
171.887139 161.901714 155.050082 150.617315 150.550979 150.749582
150.908706 149.450560 148.024319 167.662854 168.471741 180.327164
199.076418 206.587193 211.661514 221.141427 227.324527 226.260183
226.404308 225.250906 225.130260 230.781835 234.582605 240.674473
235.273645 219.339162 206.653958 200.981214 196.842096 198.215611
202.212481 200.503681 207.523106 207.664310 206.121737 211.315193
203.903272 198.858323 209.365466 213.154023 206.221787 201.897207
192.865349 181.575233 177.307005 184.399315 191.454471 192.373707
184.765607 172.506931 170.404516 174.717259 180.425947 189.516702
196.315769 189.337019 183.678971 184.816088 182.460281 186.362807
191.156648 194.733986 196.468516 208.835335 220.008836 207.551134
199.482071 214.175108 212.671170 204.220177 201.032208 182.233229
185.867965 215.731783 248.709587 267.929940 286.199466 280.820701
256.591951 256.836640 269.015054 283.200748 285.275374 271.062665
255.578206 233.443238 220.883121 226.619913 226.400518 224.616840
230.548129 233.884762 249.393249 268.748118 286.248653 300.753366
278.088738 262.178822 310.685365 351.329421 346.802039 337.553405
314.825009 291.070902 280.590916 282.269413 261.728059 232.504397
220.313431 213.641921 203.991118 202.291425 200.678717 188.759354
179.806510 168.355359 162.217566 158.346828 156.295522 157.719143
157.594859 155.258841 155.168990 152.706872 148.223427 146.567407
147.866361 152.944585 156.133306 158.795194 162.262879 165.385801
170.606976 174.241902 180.271540 184.310540 174.041980 160.661649
151.718685 143.030696 142.808169 147.606798 150.530801 152.270693
153.893230 155.779244 155.310557 159.737578 164.423553 161.663468
161.594788 161.851429 160.848426 173.540666 192.852695 192.145951
178.022701 174.815736 177.194417 177.037839 180.729040 181.783881
177.064231 173.646534 175.207552 182.261039 192.938449 202.934237
206.113238 194.605964 182.936174 173.303170 168.457254 164.595288
158.551605 158.127488 153.565558 152.878115 153.871169 153.016163
179.314879 179.059457 187.470914 208.918976 222.039406 227.590659
230.844891 220.786115 212.527626 210.290879 209.451343 211.697218
214.156922 229.348389 249.708456 246.235367 229.408474 211.763030
201.459229 197.685955 199.159064 207.557897 211.826064 215.644595
215.800011 213.920660 219.299974 207.999848 194.935306 202.967319
202.978958 201.289373 200.076032 190.999209 185.398140 184.579974
193.230076 200.611873 191.825640 178.624658 170.654048 173.741222
183.796790 192.322117 196.854296 200.045652 198.705647 192.358814
188.278385 181.033257 177.963768 184.057515 195.885565 202.435580
214.426779 222.487635 208.304302 195.895006 197.625956 193.085145
183.449135 182.041286 174.923169 181.646130 202.770236 226.181411
250.506713 275.343195 273.445805 246.959257 250.193313 272.819167
296.846746 294.119577 268.614901 254.828442 238.239010 227.937287
230.376092 231.603629 228.359216 229.756438 244.243595 261.592167
263.146267 281.323462 305.727663 284.665684 276.472179 311.315585
330.228915 310.338123 299.577491 311.665280 298.682637 263.917361
254.002267 244.989711 224.254710 207.096462 190.910825 193.105659
196.861097 190.265786 184.865209 181.171331 178.487847 179.727521
173.253672 160.526952 157.472006 158.530137 155.656649 154.502545
151.477777 146.806239 145.867073 147.294700 153.246182 160.648482
167.514513 172.750062 174.430118 175.681077 175.125560 173.316718
176.120340 172.495735 163.760705 153.964586 146.401465 151.516343
157.001728 157.582393 157.054747 157.060905 159.328306 164.669318
173.299946 172.583452 166.069276 168.073229 166.455573 163.017386
175.121435 191.142099 186.112553 171.226050 169.651802 171.514505
172.943739 181.194622 191.248576 192.281488 182.721448 177.836209
178.782013 191.761882 208.121300 214.694372 207.408676 196.832131
184.898070 177.327749 175.766685 169.664891 166.422225 155.473996
149.525516 153.023442 154.485642 187.538872 189.833257 199.449986
213.862312 232.602935 247.697168 240.923674 216.775258 200.864247
195.244424 201.541698 204.332529 200.900446 219.011606 241.477445
242.099675 232.771438 223.777365 214.465067 214.464205 218.273631
224.204970 234.009525 236.536400 233.993184 229.095177 226.009962
211.455903 194.804768 203.986548 209.164863 203.365078 197.842660
191.918038 190.633457 192.375832 195.807258 198.170615 187.391213
172.876168 169.265944 177.865330 190.054459 198.384370 201.825836
213.218643 218.829727 204.287735 190.485640 187.686744 183.853154
181.341107 192.315453 200.874023 211.818679 217.037876 204.893521
192.443376 187.785624 182.773167 180.827314 179.095496 176.844105
185.197693 198.413743 209.181596 221.299274 238.312856 247.662169
245.908418 254.589675 267.328232 278.778573 270.019692 248.592542
246.225440 256.141381 251.005526 239.075573 244.273990 246.488278
242.767383 244.680685 263.522221 270.135537 270.422301 295.398831
316.486994 309.545094 300.324648 288.963467 269.964478 282.088328
306.259528 295.906811 261.810830 248.449045 238.366717 228.150774
218.697372 192.299693 190.790410 192.032609 182.422562 177.717850
177.842083 184.431682 189.063625 181.083020 163.492159 159.374966
159.582903 155.694334 152.487541 149.291131 148.464822 149.490934
151.667157 156.000322 164.127052 172.396984 179.852978 182.142458
178.700693 176.565070 172.863960 171.701525 172.736834 166.851870
156.375790 153.600918 160.184990 166.115689 166.053980 163.567546
164.250521 168.794320 177.289602 183.124274 176.680696 170.890981
177.848953 179.174042 172.090737 175.344204 178.492663 174.304268
171.134441 171.484867 173.501327 177.512070 188.237174 197.878181
197.621630 183.125974 173.626966 184.225338 202.516605 209.135921
210.609199 207.176556 202.794218 203.190656 194.490801 185.748438
177.871449 171.798515 161.759673 152.243793 154.693794 158.038329
208.585368 206.324133 207.021390 211.291486 225.578922 243.377519
238.080145 211.814173 191.544950 187.251956 197.192359 202.741718
200.721253 206.683570 213.495238 217.370302 224.700234 235.355408
239.941311 241.515210 247.231561 246.327677 252.291148 255.251241
247.435459 240.589919 224.986787 207.572237 202.055546 212.053010
217.552650 209.989971 194.642185 189.687120 194.787502 195.522413
195.933249 195.114520 186.874286 177.203264 174.332387 179.313438
188.399454 199.550633 205.123062 219.153421 224.638946 203.847482
187.414165 193.660658 194.820416 189.618411 194.432979 203.909268
221.214182 222.900541 211.904815 201.305377 192.519393 186.891956
187.567491 186.631297 186.415205 193.999690 197.886909 199.562916
203.182739 214.122761 232.314168 251.038528 262.353228 259.881133
251.863320 237.947923 231.716765 233.093350 252.531717 262.360749
243.933295 243.040160 241.439842 248.012605 246.096767 248.473782
281.767629 286.790662 297.284211 320.788873 297.176499 266.490413
260.507310 265.949213 265.459226 258.697867 254.657687 250.666271
254.769933 243.521601 225.772261 219.036143 198.930792 185.125769
187.470735 182.215179 174.413485 180.087026 183.837108 178.618465
173.435036 167.035283 163.229867 160.499399 156.154227 149.766373
145.640451 147.424796 153.437130 155.758470 157.997337 164.415126
173.404941 184.185366 186.708081 179.254122 174.260236 174.185737
173.014730 173.274334 167.206357 157.966192 157.134238 160.191547
165.232197 170.745417 170.475803 170.314189 176.326064 181.866682
181.213592 172.407794 169.446124 179.103784 186.401464 183.757212
181.334853 183.914043 180.805747 174.868631 176.226345 180.331503
186.437786 191.558513 193.041125 195.617216 182.535012 171.509473
187.166137 208.282722 216.549885 221.566322 211.335995 202.273043
217.299700 212.621037 196.007382 190.728857 187.562946 174.701029
162.139697 163.125048 165.844405 211.463173 208.756727 207.063050
209.600802 225.332800 243.717192 237.228541 211.425981 196.283478
193.331345 190.978428 192.744430 198.929892 200.827719 200.361243
211.753372 236.061943 254.151441 257.887316 257.178152 253.050945
243.875912 255.423739 266.545447 257.472784 247.104159 227.445414
215.213440 222.248378 228.703855 221.052315 211.742077 198.318617
190.893338 193.329187 190.851459 191.918733 193.380721 187.622162
182.715335 179.875674 177.875358 185.424166 195.162095 194.888527
200.405672 208.080510 199.909172 189.700691 196.607381 205.174662
203.107005 197.502933 202.229525 219.011924 229.134581 231.056361
218.654804 209.010793 202.876180 195.377394 196.932111 196.872237
201.639706 202.775070 197.941451 192.804505 200.919865 220.186822
238.086079 246.813873 238.830835 219.777729 204.013157 210.694106
224.056718 239.550728 267.079070 259.444336 229.919110 225.480996
246.271728 266.639004 266.452965 288.990786 320.409456 318.453710
307.371582 296.390878 288.615354 281.055716 270.505430 251.452477
224.406610 220.643684 228.281616 229.472064 223.099587 218.786124
219.237726 202.977371 182.167047 184.883374 184.987457 175.482062
176.609809 171.864746 161.055838 159.465555 164.183080 161.515492
156.536869 151.158540 143.213549 141.612450 144.961305 151.919733
155.609061 157.578822 163.020048 175.235224 184.447535 181.868845
174.706685 171.563978 175.458603 174.646153 168.993812 165.540580
160.066782 155.810903 157.737099 162.112692 171.410267 177.697147
179.550595 187.531923 189.615964 178.923294 169.714171 169.952428
177.826515 189.111399 191.903679 189.955881 194.545593 190.803822
182.150405 184.917476 200.332391 202.620362 188.000845 183.570112
194.491789 201.484254 200.634954 199.011120 201.975976 210.263339
218.281974 213.577295 208.918430 223.713018 221.939983 204.789443
197.555697 197.783761 187.585298 171.789582 166.139115 166.023692
204.459193 205.180108 207.575536 219.393632 242.741038 257.686113
244.037594 223.259971 219.379621 212.853348 199.598571 193.393004
194.930601 198.597554 206.141921 219.977729 244.831625 258.951288
262.714732 265.635817 246.325440 232.156358 247.731041 256.845239
252.163648 242.370462 223.871727 224.556411 237.385871 241.493481
230.223875 219.320625 214.963917 209.689721 205.200608 198.721811
194.223354 195.353915 193.055210 184.075709 179.030504 177.188176
183.376887 189.266576 186.027759 190.677765 195.935676 192.933003
188.749341 190.692327 201.420015 202.468309 199.647846 212.640875
227.682674 241.370340 244.553819 228.458638 227.128806 224.268686
211.084984 206.322753 199.566280 196.190768 196.936376 195.936580
189.407496 191.415732 200.821201 213.087314 227.543815 217.042556
201.386865 195.335247 195.774828 214.038847 235.221090 267.006360
273.745059 245.970520 253.306761 278.702898 299.441291 309.989760
316.865851 348.932365 343.121656 316.305521 318.456877 331.351396
329.854068 309.994100 268.822793 225.830273 214.911142 217.027798
220.054968 218.054053 218.740971 211.505276 196.131867 185.701230
183.387247 181.036541 175.432919 172.596823 165.747283 155.962560
151.120611 156.326607 157.630332 150.388982 143.930477 140.244257
140.998462 143.066704 148.765413 155.408315 159.956767 165.198432
173.943718 181.565549 179.477091 174.113143 176.314737 177.700695
172.779618 165.840380 161.905541 159.776244 156.225428 158.159881
162.833325 172.248606 181.613416 190.768091 200.117599 194.163686
177.612891 169.542048 167.640433 173.953912 189.673585 196.453328
196.864563 200.391508 195.863087 189.234697 201.366366 221.005132
216.990664 201.018668 195.764123 199.414923 217.298276 228.750452
215.989234 198.884598 196.771343 204.953981 206.941531 207.491652
216.746890 214.277118 207.136751 200.877209 196.340078 192.905544
177.778653 166.344354 164.498826 217.262374 212.213521 208.281381
222.866034 241.534504 258.695736 257.416065 245.072305 244.832510
226.097789 204.721423 205.286232 208.172032 208.766698 215.666610
228.857183 249.939077 270.152653 280.632240 272.104711 250.233377
242.125184 252.051178 252.098286 240.578101 233.727621 228.627508
231.643164 241.204620 251.276157 245.597725 231.894850 237.952200
236.553686 219.862017 214.036355 211.823374 204.177151 190.810402
179.404396 174.615300 175.477524 183.751605 187.767616 187.272657
187.573278 184.973192 184.150181 184.688020 185.131531 191.348121
199.636024 214.240037 234.231120 241.304112 243.782050 242.110304
229.431066 229.995306 234.335581 227.212947 216.191518 205.579257
195.709761 192.331406 191.215408 188.538488 190.336839 195.043315
206.786457 220.414282 213.406006 201.802243 196.232936 190.570813
197.765706 224.754284 250.127526 272.341792 273.758342 298.872097
345.626254 350.483821 348.956179 350.951102 370.450461 368.568068
340.937492 331.218543 330.176107 338.022466 320.783472 258.268899
222.476017 219.385005 214.828624 220.905464 229.688640 221.186841
203.331456 198.671566 195.637891 185.684888 180.065705 176.109918
173.035399 167.911048 158.625764 154.634039 158.760203 156.883366
147.804876 141.767139 141.019072 144.096461 145.743897 152.599908
160.623017 165.225613 168.786980 172.402860 186.509446 190.376687
183.893007 181.722267 174.351831 169.976179 166.149836 157.421315
154.753690 159.254105 163.085383 165.918392 173.202647 177.410345
187.774254 199.443786 189.010412 175.778096 172.061071 167.373337
172.926916 191.158450 203.275540 208.938323 208.669386 201.607695
197.572922 216.094884 228.775194 222.310607 222.519998 220.603237
215.001098 214.063006 219.464327 214.171898 197.783381 196.615425
213.867073 214.039847 204.045982 201.447657 196.916443 206.636284
212.160017 200.717358 188.094926 176.463334 172.391796 173.727255
235.557547 224.981493 216.279055 223.356493 237.531232 261.123355
271.649561 268.440642 259.620853 234.766314 215.786522 218.553720
229.023805 231.465326 236.726750 248.858745 271.487470 299.193877
293.203293 267.995413 260.930604 264.015165 271.311701 261.371011
236.101025 228.709756 232.903791 245.024698 256.745868 256.155478
243.154108 233.207352 242.701603 238.606268 215.384226 209.708054
215.980207 204.444505 185.567820 175.554448 168.963943 170.711208
179.669706 181.905863 182.096151 185.428000 188.801203 187.243178
183.567689 183.982887 192.437522 206.458470 222.908479 232.720431
230.312255 239.864915 250.261948 243.722013 237.037058 241.474442
245.759854 237.006771 221.492092 211.355266 206.159504 200.685514
193.504168 191.852233 202.357520 213.318336 216.845838 210.483080
200.139323 195.701157 195.375138 197.105089 217.567370 243.024885
261.308063 273.510124 325.754556 381.621588 381.383381 367.679819
366.405932 381.055039 386.480738 382.192435 355.279739 317.114162
298.408413 274.801260 236.115305 218.062821 217.968352 208.797743
208.630564 216.957659 210.875109 203.001336 199.476227 191.584923
193.517792 190.777956 174.048430 170.996511 168.768968 160.413758
158.197618 163.080159 161.326620 151.077973 145.841157 148.120523
153.030427 158.436898 163.273049 166.321772 168.809162 168.989557
172.061356 188.725605 195.479463 189.186060 183.341703 176.517582
172.222189 165.098452 156.711065 153.707949 160.485766 165.161423
166.759777 170.777622 173.434274 179.036818 190.789916 188.184970
183.420253 183.962457 178.676209 181.255494 200.619405 212.859253
217.421684 224.976760 218.336464 213.675632 233.550823 241.002510
226.478910 229.543670 231.778343 221.428577 210.977587 211.703402
216.783671 205.917044 204.572587 222.715441 226.689289 221.884897
212.165688 202.305417 207.079913 212.937214 202.126626 186.257684
180.317680 182.918495 187.210049 249.422785 240.292872 237.379827
240.616190 256.770896 274.408226 288.263263 290.447145 264.621297
244.343115 235.365334 234.221549 238.660947 250.011979 265.056417
279.582083 303.398807 319.906734 292.280826 263.310475 264.103144
271.642365 276.974078 265.130912 249.078296 237.357066 226.477773
244.081753 260.957301 243.601699 224.707068 224.157249 230.306855
224.317926 213.198764 208.737498 210.496526 201.149008 186.402310
175.353204 168.121166 171.045415 174.153086 174.797436 178.888369
186.433185 193.414135 188.747123 182.616119 188.166353 196.758080
211.778691 218.332442 217.043834 221.679509 241.033001 262.110871
261.847418 255.537695 255.334787 257.204885 248.465540 230.508026
224.524481 223.158957 216.149790 205.938603 195.035312 194.928278
201.221890 209.155635 206.821801 198.296376 198.846496 200.186791
203.159662 218.248800 242.114225 253.432184 271.490885 334.902502
381.340770 381.914835 376.774503 375.639284 379.499272 382.102900
385.798543 368.994665 341.198529 299.536217 258.357804 242.254642
226.778109 215.459692 208.590170 203.028288 201.416183 199.543039
195.743496 185.026721 174.876550 190.471681 195.122551 173.151950
167.180182 168.622491 163.913421 161.588629 167.504938 166.846264
156.346660 152.473921 156.509595 160.726160 164.905394 171.636595
169.322037 164.332157 168.745172 178.298505 188.476176 194.218571
193.086936 188.970781 182.953724 173.370451 162.957066 157.380732
157.432336 161.905285 163.662952 165.126879 169.396556 169.664093
173.693676 184.024516 185.041727 188.414379 192.780328 195.686412
196.508488 202.708712 209.460327 221.680588 235.853029 230.465222
230.480884 251.644411 250.746724 227.476859 225.015736 225.622150
220.745697 209.817350 210.148657 226.656849 221.448910 216.518224
224.638980 228.392824 233.218358 224.007693 213.705410 209.682493
204.897765 202.668179 198.155137 192.427774 190.339898 189.064061
242.610693 238.517865 250.307678 261.035504 273.722597 290.945994
310.865395 310.324841 283.779862 266.178797 251.977423 245.982852
246.718280 263.421237 279.370627 296.772530 319.779937 330.030236
303.484963 277.832406 305.547840 325.636708 299.203291 265.491553
252.733991 242.663203 225.521315 227.321413 237.564092 226.985164
216.551004 217.212865 214.736422 212.962294 218.941085 227.733323
228.158600 209.048407 186.491870 175.218744 169.498762 173.082348
175.123557 175.795135 182.077836 183.006025 182.691097 185.886565
192.470555 197.412232 196.426446 204.513740 207.992138 209.825662
221.870786 249.674715 272.387476 269.488660 270.489760 271.443734
257.672337 243.495273 242.991015 237.947382 227.183211 222.084604
212.149241 199.515874 192.929985 194.666600 204.498259 202.393016
190.940543 191.510971 196.865231 197.641483 210.426790 245.108768
270.019868 283.644607 305.558457 326.534409 348.642009 363.441604
369.120131 375.529391 376.620038 362.292899 351.326521 333.958117
287.645532 257.128892 249.259851 228.953730 210.427158 206.974165
201.120539 195.748576 188.453999 179.552480 168.689292 157.862234
163.631522 177.537602 170.938377 161.791442 168.179462 169.039983
164.619738 169.121318 170.392953 163.202921 158.565957 159.695270
158.316722 156.446039 165.586703 166.163309 159.424072 166.965545
183.225838 194.771462 197.539866 192.867854 185.927739 177.004423
169.112258 163.119810 158.882755 158.735200 159.191129 160.193968
163.630395 169.422681 171.048093 173.783620 179.654160 183.274691
191.964181 199.513796 205.801795 207.877063 201.055576 197.168142
212.764684 227.299914 233.183019 244.389977 255.943869 247.727145
234.610810 231.766290 220.885033 214.041362 204.877951 206.566283
226.969928 229.953591 229.141796 228.120296 221.222524 218.313213
208.316697 207.820934 209.730328 203.687371 212.179163 221.660973
213.890888 198.854468 189.183522 243.079984 250.643736 273.303837
289.682646 292.267882 301.940119 320.050040 324.843758 313.952578
299.598866 280.250659 255.502838 256.989426 278.481538 289.781703
297.240142 308.453229 319.814334 300.180418 278.711015 316.471469
341.271244 300.676919 253.665895 236.866809 228.338973 217.505273
218.624766 221.195076 213.262762 205.685855 205.287052 200.882336
204.403831 222.688652 232.537891 224.777248 206.443160 188.286109
177.157869 168.485966 171.725026 176.999976 178.289151 180.435875
177.588770 179.307866 192.574427 205.852533 205.042960 194.554778
193.427307 198.090542 205.680277 224.194156 260.229086 281.010802
274.976471 275.303287 272.937016 256.234945 247.459374 248.954871
233.715337 216.781895 214.143561 211.729063 204.088113 202.075758
207.343750 205.337393 190.627287 177.107443 182.024457 198.514860
197.522224 201.972496 245.847004 283.858327 278.866979 253.357219
260.600965 306.708457 347.721254 368.229608 374.329509 356.653941
319.591361 301.438278 283.927839 252.161837 236.739234 234.515182
222.266791 212.408213 206.857102 197.428970 187.004643 169.004402
158.862615 153.959960 145.855587 145.908347 159.978501 165.543034
161.363488 167.379932 169.380004 166.822639 169.475859 172.941253
174.590948 167.311087 161.114995 155.407424 154.070132 158.652748
157.872726 156.634254 163.829089 176.018707 190.946588 199.701693
192.829797 180.528379 172.104754 167.390829 161.783477 159.889615
159.535417 156.330255 156.888419 162.529963 167.452106 171.886120
173.288340 176.134300 185.660035 195.418857 204.678140 213.747079
211.857721 200.390908 198.473470 203.455129 210.933833 234.291800
258.835588 259.118697 257.069341 260.910583 243.584896 218.418010
210.298693 206.836779 209.386605 217.890612 218.684075 221.584324
217.721527 207.884477 199.436275 192.925113 204.330769 212.369866
209.571391 229.004713 250.390882 242.335194 213.284633 195.906582
253.271050 269.139635 282.422369 284.056611 285.705769 293.278757
322.283944 344.903438 338.649818 319.160199 293.911001 265.598038
264.284623 281.206587 292.451071 299.801170 295.232679 290.036350
280.721171 262.069679 264.988839 270.716632 258.982529 241.257243
229.905774 220.887975 210.402199 214.049989 215.307012 207.354102
199.232106 195.518345 193.474632 197.011754 208.614816 207.038018
193.121163 183.968043 179.174047 175.549804 172.974095 176.261711
180.149169 178.503908 180.359408 182.260578 191.383720 208.526528
213.209865 213.428854 207.105154 200.868964 201.093300 207.015534
227.676958 247.001156 268.549729 274.765761 266.328627 263.187319
257.789294 251.061214 232.500765 209.555905 193.922476 197.077157
212.672225 210.173369 206.234429 213.071242 208.939075 187.708964
174.548724 181.343354 201.254735 209.545952 207.425507 235.878962
263.546193 252.332397 227.202089 239.439753 292.883894 348.774132
374.493718 375.276024 342.946822 300.327892 276.519463 255.666184
235.125303 212.254987 212.175900 217.136760 213.802731 206.130928
191.877273 176.945849 161.856270 156.032491 151.835588 146.486133
145.544053 150.136673 158.128244 162.861236 167.983589 170.598455
172.078998 172.448006 174.363450 176.079536 166.620532 159.822210
157.013911 159.571146 162.424944 160.950505 159.656517 163.424001
167.196680 176.369265 188.862958 188.031942 179.052032 172.665142
167.799723 159.945860 159.591999 163.226949 159.661531 156.280487
161.121665 166.105015 169.658693 171.397252 175.599085 187.837990
197.857881 207.065784 216.546824 211.067290 201.602430 204.818451
201.360286 196.199316 215.217057 238.682742 253.413553 278.799861
283.972992 242.412655 214.188547 211.550540 205.942269 208.588191
212.004274 205.789565 202.618102 198.571920 191.701530 189.272492
189.467827 202.871048 216.146738 219.801309 238.876029 265.918964
267.372549 232.550799 207.647699 251.370587 257.099189 256.233876
244.212157 244.662719 260.450587 304.833779 346.788626 335.130291
310.206272 304.868384 288.952332 268.388404 273.560675 287.093536
296.547259 286.144129 268.992938 267.149021 254.701355 242.590962
231.088004 223.141410 225.012769 226.004821 223.661564 213.560772
212.161136 210.777853 201.347877 194.022810 190.329544 187.307136
184.893840 185.974122 186.899346 184.669879 178.713333 175.955644
177.128420 180.028581 182.592694 184.772472 183.074373 184.738265
190.496471 199.374200 215.922008 218.829916 217.944990 214.660521
206.167264 211.897761 220.289261 228.308823 231.980075 247.458207
264.844408 260.890840 257.007415 254.513482 242.380925 220.409510
198.542978 182.608050 189.079293 208.912853 206.667940 202.148047
211.648229 208.329800 188.416594 176.048155 177.860957 200.969094
223.284908 220.304260 228.486460 239.942303 244.479429 239.738842
243.717243 278.899433 311.660478 333.441707 352.091683 357.007116
333.020732 294.716364 254.864127 225.714336 207.394296 204.252991
214.397413 213.188987 198.605235 183.186372 173.481434 164.811766
157.425131 151.375780 148.750726 147.153213 149.041112 155.332503
161.333953 166.317330 172.874756 175.676813 168.857622 166.618301
168.165094 161.577089 158.894401 159.492830 160.884764 162.301308
166.427466 168.751889 165.020543 161.540059 164.666570 172.840262
179.468184 180.560148 177.750395 170.590654 161.711709 160.941906
162.932241 160.829028 158.102814 158.601528 163.716403 170.974737
172.115619 173.999209 183.375308 191.659036 199.669011 204.221983
201.708594 199.464308 198.816935 193.814915 191.578726 196.790884
207.321002 235.017206 264.399335 279.554790 258.300314 229.175379
215.647705 208.393153 208.999646 208.086191 200.068453 192.688940
188.794018 181.800935 182.939529 185.609636 190.110142 203.455043
217.386382 227.464143 250.698758 273.280791 252.815562 227.331284
247.620779 250.423901 246.356318 229.939629 226.381851 229.834655
254.640125 302.182020 303.546338 301.525412 326.170107 309.257971
272.419437 270.823742 288.702715 293.660118 277.515832 258.943125
255.007950 250.602109 242.182934 229.328509 220.324685 220.530064
223.442822 225.612453 219.530523 215.263562 205.584118 188.917178
183.031018 183.524687 182.912311 177.066322 176.734730 181.295896
182.846770 182.871704 183.038141 184.694910 186.209818 188.485888
192.606064 191.866058 188.578616 194.112816 204.215751 215.534468
217.433437 212.070305 202.222814 203.831815 231.342177 242.913701
231.710175 230.708883 240.513588 254.237474 256.517848 250.327839
252.267406 241.114241 222.242707 206.489677 186.979291 186.233863
196.658868 190.462586 192.113392 205.026153 200.570120 183.425891
173.359919 172.806825 190.352305 213.109062 215.633272 218.552243
227.851632 243.988532 248.751012 243.327255 257.783382 276.845557
289.773694 299.170592 346.676326 358.365336 310.070704 266.002729
232.046656 217.643559 210.299411 215.595367 208.153491 188.944681
178.298945 174.320018 166.403097 154.313749 150.439168 149.582048
151.586611 157.306531 165.059615 170.348076 168.185953 171.666411
173.825972 163.262739 158.502698 167.916107 166.780027 162.778259
166.589166 163.935024 157.238103 159.209037 169.582859 168.736590
161.752099 163.276381 170.556539 180.387815 184.050674 181.411545
173.413125 164.920715 165.254428 166.770268 162.928894 159.171690
155.870051 160.361976 169.626836 173.082061 172.436215 171.383069
174.992743 182.080065 189.308631 190.312956 188.328650 187.546787
187.746920 188.869284 188.093414 195.987952 213.079338 228.462196
247.857387 251.802561 233.421444 215.085622 209.013536 206.317058
201.916572 192.915922 185.175985 180.585283 173.123297 174.310879
175.875330 177.686488 192.143131 205.791351 210.610285 224.863512
251.110023 249.914199 233.745666 246.420715 259.962802 263.328120
242.600315 235.008908 227.537450 228.559683 259.383642 278.446407
302.086195 329.570305 314.475056 279.762714 268.150331 278.985073
289.577477 278.175079 252.370878 236.383227 235.193751 244.991482
241.618459 234.246296 232.581025 233.574735 226.580737 211.341509
208.650885 200.690373 185.101714 179.351631 181.258214 182.265637
177.492157 173.126718 172.755737 171.867933 177.624072 186.678285
192.288626 189.913531 188.940466 196.995788 195.368227 189.795346
195.380410 205.244563 209.118094 204.274815 200.807486 198.054025
201.693212 226.204751 245.882286 236.449242 233.389771 239.622583
237.424041 243.719466 243.441078 237.954714 230.394208 225.754186
218.048475 195.426246 186.322230 184.066630 180.598057 184.775345
190.050526 190.169177 180.140860 174.785008 178.045279 187.006940
201.513851 202.686274 202.713034 208.507913 227.587596 232.986282
220.209684 228.485539 256.010373 282.038859 291.326217 333.117687
343.452878 303.808437 274.702482 242.342717 218.917734 212.802031
210.386997 191.446471 177.637990 172.473322 170.778033 166.744861
155.657314 153.831502 153.901121 157.812451 166.025857 171.471330
173.325275 168.253299 171.613160 174.833150 166.828441 163.755121
171.928132 175.360144 176.859904 180.070210 170.647237 159.826513
160.442957 167.550901 167.604880 164.884234 167.687386 176.233673
181.765016 182.783739 182.645862 177.415918 169.405435 167.067479
168.498667 164.948384 157.569390 152.845411 160.585257 170.022856
175.246531 173.780554 164.811027 167.406403 173.130398 176.463216
179.869784 181.350421 180.153480 179.713125 181.133832 180.446756
186.868039 194.733454 203.877077 215.406017 221.508294 216.491579
203.098374 198.488031 196.864550 190.299017 179.887578 173.707561
171.558356 167.415992 167.212210 167.961662 176.156339 193.315892
211.365310 210.724613 207.139270 226.984558 229.775640 218.692192
245.273000 258.156110 269.846402 264.162888 254.892275 236.226838
231.360333 256.603876 278.106079 292.366156 310.163701 299.761517
266.748094 260.092381 269.745849 282.396355 281.630330 253.341427
227.075516 227.072527 251.668392 251.722519 231.333454 225.044871
225.361218 214.014673 201.369592 203.859491 205.015302 196.318916
184.298096 183.351065 184.037232 178.648554 172.535517 168.524765
166.864539 174.528055 186.020621 195.334792 193.752769 187.483156
192.764202 190.867138 188.620760 196.824206 205.061429 209.539481
208.321014 201.563164 196.527231 195.911020 211.300518 232.580439
232.092730 229.296295 223.335911 214.773030 222.766034 228.510948
226.826495 223.949470 219.299195 214.338884 200.631940 186.962357
179.739778 180.761467 184.078450 179.237284 178.597059 179.914194
182.703774 187.581177 190.624063 196.861963 197.392078 196.103976
199.128742 219.134255 228.174191 219.788167 215.282150 222.011815
261.003906 306.074382 332.640180 323.653877 309.438423 280.543608
234.267243 209.640963 204.733225 202.398061 191.438562 181.978297
170.222162 166.234521 168.406188 163.851109 158.950954 156.000685
159.875658 168.043210 167.175126 163.563002 164.715679 174.546191
178.003948 171.693854 169.823665 171.444024 173.992855 179.108597
178.829140 170.406170 169.350727 172.361779 171.458525 168.747227
168.254994 172.852081 178.731032 179.628235 184.219823 190.178204
185.712496 172.924749 163.292419 163.850781 167.206896 161.218499
153.880795 159.149415 165.708556 170.640012 170.565565 164.330395
166.237930 169.184328 172.180771 178.316738 179.213443 175.448327
174.348621 179.403042 183.771645 189.508189 189.304303 185.645596
197.972980 209.405204 202.229853 189.805046 188.541996 190.187912
178.026414 164.937733 163.270237 165.579526 166.065460 163.967114
164.080729 175.318962 194.375664 212.761770 213.040880 205.027665
214.774581 220.680577 217.395035 241.139179 250.125805 259.569212
265.304575 260.137146 240.508112 241.170020 260.848439 273.630072
282.450992 285.382086 270.697661 258.867816 266.516951 273.525669
271.767054 265.049025 244.076581 225.848925 227.022684 241.755916
250.313274 241.248413 235.640790 226.701915 210.112461 203.583974
209.647856 214.776347 205.232725 192.341269 187.052944 187.342950
190.328784 185.672973 178.783002 175.885598 180.103034 193.247949
203.757292 201.541176 188.981958 185.600313 187.053719 190.374364
197.655807 210.153346 231.698894 236.990081 211.817422 198.462135
205.440839 217.752026 227.990542 229.249847 226.698493 216.235458
211.244353 212.970678 221.278364 230.741778 225.437376 214.346382
212.442764 204.914801 189.153373 182.565042 183.600072 186.868994
178.558993 172.160689 181.364303 186.779242 187.262355 187.703121
183.761533 189.310628 205.833778 215.527500 229.993436 245.621000
246.626246 232.725208 225.737623 247.392715 277.081937 289.662947
299.669720 296.969203 247.526876 201.393721 192.355529 194.408668
193.061284 190.228964 183.915793 170.766029 166.684030 170.746628
167.212054 159.280315 156.609137 161.532331 168.648357 168.012461
162.061860 164.660307 174.241442 175.615283 172.674827 173.451804
175.042371 173.910183 169.645020 169.300665 173.703439 180.793020
182.285383 176.272138 170.544544 166.830220 171.508728 177.740045
179.188723 187.355550 193.229069 191.985574 183.208026 166.750340
166.183665 174.611914 168.716766 158.295285 155.323210 157.555960
164.519301 166.855435 164.336138 165.943805 166.758024 171.761770
177.045081 174.132373 173.115491 177.562218 185.935233 190.415792
188.932254 183.781063 180.467168 187.647189 191.443179 183.163368
179.133791 180.307878 179.275591 170.958370 159.915434 159.702938
163.339744 163.830662 161.876029 161.864102 171.549850 187.703637
197.309926 207.377322 218.043120 215.991543 210.028107 207.692208
240.605033 252.264148 261.040445 254.444448 247.131886 243.695776
245.933382 253.196683 260.336153 268.792185 262.949433 250.932190
261.559239 267.699928 261.060248 248.739744 235.145780 222.771370
216.935501 217.567310 221.157726 240.795164 245.554004 243.810983
234.625204 210.878332 206.927159 212.733870 212.291357 206.617774
201.504681 193.855536 194.044165 207.876175 207.369010 200.685964
194.978755 196.300825 209.128629 212.505481 207.205302 195.037570
192.498009 194.446773 199.757047 203.173178 207.259094 243.322943
253.710252 214.911049 204.213236 221.664896 228.646792 225.905146
233.580365 235.568748 222.756176 216.777433 219.473466 227.402855
223.235060 211.648956 216.973182 219.847923 207.877439 191.730585
182.861051 185.359809 187.932044 181.536980 172.945631 179.602119
185.054974 186.512848 189.889556 184.697457 188.367450 218.307431
238.477571 244.006937 263.834571 267.880651 255.601244 248.036635
246.482386 243.497879 239.893420 257.031416 253.140494 216.962488
188.509481 180.087212 182.050225 179.672750 178.917815 175.830554
170.726017 170.279127 169.125577 162.728509 157.226338 159.424924
164.038029 167.911850 168.295047 167.469134 167.979861 171.673028
174.408712 172.426288 175.423032 181.106454 181.864821 175.117900
170.001666 173.603325 181.657586 186.567395 178.039781 167.982698
167.152583 169.787043 171.298784 174.383041 184.540066 191.731682
196.482436 196.068843 179.795248 175.243189 178.537922 167.978942
160.727879 158.688204 157.360443 162.769681 164.688941 162.865453
166.320483 167.234823 166.475117 166.637465 166.443315 171.666749
178.515000 185.504166 188.944325 184.289888 182.276552 185.040274
181.824543 172.757884 172.138692 173.825591 170.239252 166.772137
166.329102 163.162418 161.316557 162.902145 166.074434 165.889551
164.544188 177.081411 190.215266 194.263403 202.969084 215.599131
212.369988 199.989855 195.126877 236.044070 248.110553 253.627772
244.540506 240.075283 236.715481 235.497831 244.304645 249.875065
241.283684 231.843237 232.114646 240.186678 240.919334 233.803870
226.126707 221.357226 211.473986 210.509770 216.228714 215.254073
225.579424 228.605142 226.754208 220.890208 203.982459 199.053569
201.481666 198.861992 198.815387 201.685319 197.645940 203.002498
223.743215 226.671845 216.611173 213.107342 222.918352 225.534070
219.412248 215.508509 201.754653 203.430612 211.377345 210.976099
205.817623 207.385238 235.830232 247.699022 226.636484 212.743434
215.310690 221.344874 228.341197 245.473113 243.657460 226.007943
218.943122 223.064677 231.382932 226.370925 214.149743 215.147308
216.461843 209.705494 196.933307 184.484709 185.185446 185.346923
178.873700 175.743644 181.280399 186.613912 189.728718 194.859449
193.341032 189.962696 212.283241 242.001235 251.188496 256.931575
251.516990 242.190084 230.937664 221.282386 222.128134 226.861384
230.596591 228.017658 214.354952 187.277741 175.626626 175.826866
174.990954 175.493526 171.666096 167.237469 165.158346 161.522309
159.412110 157.837633 158.077332 161.379245 164.822584 167.976969
168.759093 167.143041 169.485949 172.110338 172.846059 176.412831
178.301785 180.002120 178.998764 169.911031 165.774980 172.124628
177.545865 174.462537 170.448534 175.547218 176.631683 169.260565
171.281570 181.514398 184.527361 189.157789 193.662203 184.035204
179.936917 178.928477 167.980712 163.648898 163.724344 159.625180
160.863576 162.840455 163.962407 169.224470 168.927796 165.518386
165.078129 166.062116 171.375734 175.870255 178.757461 180.293492
180.543939 181.856889 178.643189 170.183690 164.331973 167.907927
168.186579 161.779257 160.556929 163.751450 160.732855 157.766005
161.708371 168.624053 171.911488 174.222232 188.110949 202.373369
206.806730 203.314022 197.087266 196.002367 202.417140 207.585045
231.297734 233.461014 237.186753 238.608580 243.435127 233.908868
219.563291 224.618003 224.846484 218.803052 219.820702 221.443566
223.654214 225.343054 220.439451 212.652383 209.347528 205.168686
202.919422 206.390998 204.409867 206.498230 209.875862 209.276743
209.474731 199.696749 188.977264 191.455226 189.888026 185.844437
191.019140 199.139847 218.324693 242.644434 238.590392 220.064608
220.734368 232.061852 233.084903 229.066158 219.747375 202.251492
200.676121 212.005275 208.046047 199.903534 213.686558 234.048176
251.624867 262.108222 241.044996 218.186730 215.979163 229.229497
257.406897 257.580679 238.529383 227.020452 225.368650 225.556728
225.415162 223.704489 222.365570 224.162856 212.495644 198.694056
187.944650 184.261449 184.359653 178.820609 180.263245 185.407927
185.544806 192.347644 204.218389 206.212698 199.160405 209.619215
242.525996 256.833172 244.935543 230.986436 223.287519 212.799209
202.896348 208.019377 221.008967 228.340714 231.473589 218.862786
190.486119 176.986634 177.237716 175.282828 169.611149 165.659698
159.903500 155.289868 154.186025 154.364435 154.450177 153.491895
153.807516 156.153851 164.492447 167.324402 167.571735 167.756086
165.437611 172.467589 175.518816 172.055208 175.795232 178.781077
173.072949 168.592595 172.420084 173.016663 170.626666 172.651776
178.421251 178.808301 175.632850 175.546719 176.767866 174.580881
182.644785 191.395511 182.215442 176.462639 178.643339 174.243774
167.667397 165.158630 160.259134 159.638117 162.158804 164.557516
166.629443 166.073716 166.892166 168.224574 173.895949 179.651990
177.972679 176.687957 177.139136 175.970385 174.695443 172.713544
169.975861 169.924848 168.318279 165.477359 162.864597 161.302703
161.246560 158.901539 158.913358 163.366874 168.715163 173.946884
179.936088 192.693279 204.970160 213.458094 209.133381 197.052981
194.417677 202.052627 209.769559 234.640170 228.320554 232.177785
239.918554 242.945799 234.607658 215.598204 214.728012 212.892783
210.754619 219.496414 226.903656 223.781664 216.864111 214.159792
209.473087 202.048872 196.264016 193.827492 194.641090 192.004012
190.553697 195.292209 194.613025 199.084635 194.779308 188.227850
192.501404 187.560329 182.688799 186.969727 199.180489 219.150299
234.983463 232.210722 220.140150 214.906195 221.320677 238.698611
238.760909 219.913414 206.204206 199.341983 211.424522 208.181912
197.806660 213.521348 229.442552 252.197885 268.121572 252.397689
238.410844 234.851652 248.496369 281.397664 280.294131 253.619823
236.022648 223.821566 210.865358 216.522307 228.506268 225.294984
219.700823 208.001890 194.222627 183.611340 183.015200 185.110432
185.266575 187.556122 188.995202 189.464331 199.961148 216.897415
225.295112 219.242563 215.462934 233.944818 251.010949 247.428658
236.307247 235.512342 223.813401 202.930337 203.440505 223.794944
239.980888 240.719225 217.788918 187.774364 179.351935 176.443177
171.432583 164.526254 159.288717 156.295286 152.851550 149.359511
146.205254 144.803167 145.269342 146.027544 147.128372 155.755429
165.145188 169.592647 166.347434 164.188000 174.162164 178.752411
174.301032 178.254833 181.089472 176.344040 173.452905 178.705684
180.092528 172.102537 170.252815 173.385118 178.652106 184.785646
178.351958 171.030279 173.048347 180.267356 183.522541 174.620678
169.859112 173.415206 173.334019 165.708900 161.197290 159.973470
157.560729 157.184126 158.742211 159.414449 160.802797 163.664961
170.884165 181.394707 184.131408 176.733153 174.564412 178.025597
173.397989 171.216523 173.698163 173.082661 172.317048 167.979890
163.477659 163.341968 164.164663 165.745072 165.499662 167.041947
165.812844 167.519316 171.776481 179.779696 198.975229 211.517306
217.556708 213.158062 211.884985 212.933895 207.573389 207.072298
250.773668 248.823977 242.881848 241.763572 238.415252 225.566942
218.542368 218.890878 215.620173 208.154245 211.851343 224.592745
216.662762 205.910955 206.696154 204.934091 197.316530 188.553387
187.558999 187.278614 183.067749 182.349664 189.971071 195.562817
197.842063 194.200515 195.684156 199.436643 191.676026 183.637298
183.950263 193.551674 206.282212 216.296219 225.590204 221.048913
209.590669 212.658672 238.749926 248.087640 225.812569 214.374963
211.285949 225.260174 235.454646 223.765195 213.166942 214.344804
234.751077 247.197135 249.315812 258.091295 262.092338 272.092868
283.225573 277.242661 258.277742 244.067988 235.829377 222.040195
216.452773 219.414117 206.564413 191.900519 192.158308 189.002897
184.802706 187.236500 184.927888 189.891657 196.030731 194.054405
201.107913 214.982329 225.726820 233.318486 229.825567 217.014736
220.199144 236.599330 244.089264 234.911675 230.190634 219.150029
199.971755 202.656669 225.981649 232.416596 220.293239 198.860602
176.926110 176.304576 172.717656 164.819825 162.173967 156.879708
155.184026 152.976946 146.959499 143.219508 139.117884 137.498300
139.546627 143.464164 149.763986 157.198161 161.307797 163.168164
167.821279 175.091341 180.848726 178.600418 176.863603 178.140661
176.844460 176.376381 182.082252 183.403349 175.300089 173.690657
174.644703 179.193526 186.289877 179.254265 174.571007 178.338695
173.168131 167.619879 164.606532 163.977328 162.921231 161.299511
158.786178 154.521239 153.423220 150.601695 150.214076 152.747764
155.154669 157.940444 163.080898 176.368819 186.353272 183.246779
172.520646 169.334540 174.914699 173.326760 169.428479 168.723825
165.674023 165.005248 167.591710 166.199695 162.509590 163.349159
168.567594 166.072343 164.677346 161.837466 161.661930 167.428806
182.885112 219.679216 239.720746 238.455250 221.226818 213.144215
216.276603 211.554187 212.083235 256.330712 253.692500 243.986668
234.817088 223.943936 215.837723 218.058016 216.530843 210.965488
207.937747 208.334088 212.022183 208.601703 202.027463 201.486446
199.749486 190.254408 182.167080 180.905915 178.388898 176.338943
180.128219 188.090433 195.756817 193.139393 189.143898 194.545680
194.141547 188.684893 186.803610 187.278778 190.023869 194.913615
202.328911 211.362307 217.060408 211.755006 200.271487 212.427948
230.481561 224.258568 217.658446 217.713044 220.643393 237.187363
237.130251 212.157526 206.668050 218.533484 231.031209 249.077999
260.081349 259.725100 267.460642 270.415581 273.845665 270.643723
255.764959 249.205782 235.231450 211.484712 202.459784 196.478236
188.049387 186.982688 182.884037 182.427785 187.111688 191.145222
197.206320 203.719988 202.491477 209.197164 225.438514 232.318457
233.004481 232.353442 228.825579 222.091363 218.272525 225.164055
220.899976 210.971191 210.345845 206.279710 203.858162 211.644446
205.351543 192.237711 180.902188 169.155621 169.565520 166.048127
159.903661 158.276745 156.167181 154.461328 150.885599 148.399281
144.957175 138.467876 136.571523 138.663914 142.636595 146.641921
149.497744 150.373298 155.706885 163.283837 167.696857 170.927674
169.679577 170.623377 173.721532 175.058507 179.055190 188.425667
190.696607 183.977885 179.959104 178.483634 179.507980 180.394261
182.034430 182.589565 176.447881 165.257815 158.793334 156.870393
156.537424 154.156159 150.614167 151.412056 150.791092 148.915834
148.426252 150.218589 153.912931 157.546132 159.632064 167.830295
175.865954 178.804857 178.286681 169.963398 165.343145 167.774384
169.349302 167.612654 164.656228 158.926782 160.451456 167.305748
166.737864 164.371175 165.522826 168.849299 165.554928 164.009494
160.238650 155.647075 164.576332 184.494612 223.621607 245.426090
242.305441 226.316021 213.864259 203.640844 194.750106 200.391513
250.343457 257.480374 251.744614 230.313120 213.577378 209.061278
217.320099 218.100002 208.353698 205.976111 205.232644 206.492284
210.081580 204.677304 199.646281 193.897285 188.098176 184.813789
179.344570 173.469407 172.862049 176.440837 184.141452 190.673944
188.111841 184.273030 184.636998 181.826487 185.199272 192.793842
192.978389 190.156828 188.350196 189.506303 196.398575 210.181923
207.621311 194.234864 192.975895 200.247688 207.337507 212.137510
213.499606 213.203656 212.613381 205.675477 197.307841 197.752131
201.585764 207.649532 226.429704 239.088826 242.806618 260.937471
272.853471 281.554848 283.372584 267.066612 254.250605 242.434923
214.861121 199.811867 198.998101 193.859400 190.537658 182.156739
178.480878 190.601966 204.776669 209.612063 216.242964 218.262411
216.198657 222.652208 236.254238 245.534796 253.001493 256.355062
232.520177 210.300071 212.059528 205.384489 198.617779 199.189593
199.088837 194.858083 191.460195 189.350619 186.462081 179.740068
170.697975 169.845533 164.358621 158.117545 157.247363 157.932418
155.374608 148.411355 145.843286 142.281238 136.594735 136.316436
140.257383 143.610718 145.751234 147.047136 145.648883 148.447658
155.978382 161.210126 162.508658 162.948094 168.784682 176.032829
179.961660 182.931959 190.562921 190.929743 182.271623 179.566555
178.228254 179.519106 182.075324 186.069346 183.585774 168.843503
159.997267 157.050528 152.768901 150.634728 151.798464 149.748451
148.928494 149.417412 149.014916 151.412716 153.120778 156.494626
160.686381 162.389361 169.331142 173.273568 169.979003 169.747187
167.433236 163.923527 162.995909 167.269772 169.612586 161.016921
152.656203 155.868487 163.469663 165.129624 165.020871 165.677054
168.487023 167.853229 166.377650 162.912004 155.875819 165.785908
184.064161 203.635666 218.801110 220.033511 213.284481 205.654757
191.234633 179.700396 180.687176 248.272896 255.950687 247.969255
230.008004 218.964742 210.055743 220.346054 226.454684 215.090599
206.282013 205.121565 207.722655 209.474442 207.143607 200.627227
188.564744 181.621751 180.295517 176.387564 170.547021 169.545312
172.732913 179.043852 187.163917 188.611352 184.512104 181.557838
183.794083 193.041459 201.895224 196.120042 189.213228 196.124597
203.651351 208.861008 209.295646 200.211934 195.860364 195.998578
193.032804 192.197126 197.821170 202.348711 203.653316 196.107386
185.104082 185.188600 189.028299 192.787826 197.267717 212.082768
229.133764 242.201185 261.067078 266.678613 270.910315 285.731716
281.389160 265.916102 254.345469 226.072690 202.958653 196.768124
191.081875 190.609517 194.281880 202.113293 216.291457 219.257905
220.565069 227.384059 226.907604 220.104096 222.273293 248.129247
276.396581 285.880928 276.593032 241.284569 209.084126 203.895033
194.751591 187.583973 180.583625 181.855237 186.225969 179.998650
180.968879 185.307005 181.687210 176.963481 174.705318 168.562061
161.418746 157.702895 156.782931 153.800446 148.732402 144.046202
140.035287 136.304764 135.616623 138.969437 143.214129 145.158558
146.467125 148.489627 151.905999 156.857871 158.023273 158.328750
162.752775 167.473898 173.116966 181.297096 184.921382 185.802518
179.951762 170.445448 174.413122 179.466589 180.998060 185.323112
184.899851 177.889910 168.306533 162.138278 158.219736 155.329662
154.298056 151.744829 149.554317 148.537156 146.550043 147.189930
152.398837 154.162748 155.669309 161.015074 160.939355 165.049205
172.884732 172.640701 171.207853 169.173085 167.811837 170.092538
174.223725 169.609278 159.016665 154.062064 152.831819 157.598261
163.112270 163.760140 160.533676 160.866762 164.449596 164.149682
162.369100 160.751477 172.185243 184.164819 189.286946 199.560851
203.271423 193.017026 181.548125 179.949131 176.313131 171.400523
248.514623 239.485398 226.441128 226.934966 223.097882 215.245583
220.085995 222.470949 219.994634 212.384036 211.465535 214.127847
208.679791 207.992277 207.434952 193.777960 178.003944 172.572261
173.651837 175.001710 175.415008 173.823241 176.543412 182.126517
184.805649 185.799950 185.480533 189.178866 195.333222 206.031770
201.532079 192.083136 199.322839 210.628607 212.237070 207.413450
200.511974 195.893743 196.847035 193.500726 187.533577 186.585552
189.800971 187.198703 181.721506 186.765914 189.261223 183.340133
185.576944 196.164490 213.752544 235.535212 252.610768 262.684097
258.658620 258.052554 276.403205 280.635025 272.143073 259.897098
235.684662 211.266629 191.198204 182.832309 184.975950 206.175330
228.534194 232.657822 227.267692 228.058497 227.047630 218.928266
215.682329 224.062993 260.122793 295.585295 298.448993 271.813127
235.885268 207.247623 194.967466 187.331715 175.598363 169.753411
176.222547 182.005004 182.032059 184.619502 190.240021 189.048550
181.183284 172.558622 164.370882 157.329953 151.480518 149.389067
149.479137 150.208900 145.567212 138.754242 138.314426 137.996735
137.190315 140.965458 144.439944 147.110125 150.910385 155.512944
157.412965 153.755233 152.875747 157.889367 164.200720 167.421877
170.558211 178.297260 182.111627 176.594105 171.098581 174.550037
181.055253 183.639208 184.329043 182.935992 175.891450 166.581153
162.410047 157.970729 153.825304 152.507829 147.911674 146.937251
146.805230 142.556989 144.930543 152.664006 155.066057 157.530271
163.853148 162.149477 163.920009 172.118477 171.570348 171.333280
175.938208 177.686808 179.249991 178.642689 168.131832 160.322026
159.411815 155.214609 155.775312 160.697042 162.103778 157.848241
155.654191 161.579576 163.948725 168.708386 173.683027 175.546701
182.059905 190.630936 194.826751 195.362134 186.051022 172.163016
175.903726 175.382229 167.496098 242.825579 238.920012 230.260087
228.090557 228.944767 224.284700 216.648215 209.608303 209.296193
208.789679 208.215049 210.641547 211.216266 211.206386 207.522567
193.162416 177.260360 172.585820 173.518767 176.135653 176.568164
172.558265 174.268118 178.346553 181.781474 187.514259 193.128519
195.452583 197.994261 204.273938 199.252442 191.906378 191.521807
197.819063 197.297499 200.339224 202.857385 195.620712 193.797911
190.982694 186.438386 186.217564 186.798612 178.331215 176.939754
191.780954 195.438842 183.039475 184.169269 194.821277 209.259408
237.552889 257.781304 259.592064 251.342659 256.089446 277.445083
277.120383 266.385909 259.114038 239.534301 214.147679 192.777783
181.985164 185.595798 210.570354 225.725827 222.565435 227.264152
227.308174 214.662054 203.499782 205.869719 219.896599 256.615542
276.953124 270.105008 253.183846 225.227516 207.818237 195.664427
183.748871 174.332942 173.049692 179.818697 183.849353 190.484359
194.267016 194.573226 191.395765 180.360396 170.095549 159.910225
152.519960 148.493067 145.944390 147.444144 150.777234 147.920234
140.505178 138.706586 138.871793 138.417673 140.262255 141.702412
144.384363 149.636158 153.488754 152.693159 150.449452 151.075735
153.548085 159.647262 167.782202 170.598641 175.552793 180.430397
176.798267 175.153460 178.680405 180.328678 180.138994 178.997217
178.802783 176.455678 165.813240 158.902078 155.097771 150.254013
146.816858 143.121361 145.285075 146.644823 143.427244 147.021515
156.014244 161.131052 164.911897 169.589760 166.545270 164.302058
170.735305 174.342965 180.745041 186.691197 183.907165 181.572517
178.757973 172.929249 166.294353 164.188774 163.452130 165.141205
163.497402 158.375770 157.523411 156.783266 160.504144 165.335529
173.562514 177.247202 175.978798 185.567545 194.280792 193.494670
189.863565 186.591321 177.516287 173.649490 171.157819 165.132385
226.946461 227.484637 226.220720 226.862889 227.653544 226.433023
216.662713 201.959433 194.755178 195.530950 198.998768 203.600105
206.998399 209.641230 205.515727 190.037255 179.939836 178.947613
176.438707 173.348806 172.938506 171.565946 174.226926 180.974484
186.514635 191.898629 196.452207 198.442433 196.644738 194.455537
192.232477 186.652571 181.965530 182.198526 181.958533 188.593151
193.635319 188.790599 187.198823 188.154075 186.839897 185.257919
182.011146 175.814512 182.567922 194.233503 191.060040 183.607368
187.302465 195.945439 208.990898 226.927547 235.461102 236.491307
238.353017 255.916783 279.896472 273.078858 256.168078 248.501014
227.847074 204.570551 197.704708 193.198106 204.260069 223.157244
220.569054 214.216548 215.725564 212.499254 197.316866 189.428539
196.931984 210.012942 232.012783 244.526189 239.003195 231.421642
218.623299 206.776799 193.409217 180.008062 180.050669 181.663527
183.502289 189.546754 197.368046 197.122716 189.720823 189.292882
187.011538 177.456073 166.390965 160.430782 156.351576 151.381978
151.100041 151.745480 147.836721 141.815813 138.280383 138.977722
139.881213 138.890555 139.478670 143.118498 151.563395 155.129658
151.108611 150.879131 154.012244 153.897566 156.200153 165.249910
173.411750 174.798711 173.525587 172.965374 173.055504 174.538082
177.882376 179.440906 172.295269 166.495404 167.774736 163.594330
155.494401 149.470192 145.881994 144.140966 141.410234 142.485719
143.539216 145.115856 149.803678 158.971973 166.025874 163.746229
166.541079 168.754600 171.811191 175.610368 181.517848 195.602374
197.716059 191.099757 186.223881 184.429983 187.000004 182.244228
173.491736 170.254351 169.801511 164.355161 157.155090 157.650908
158.238796 159.307559 165.983635 172.086044 174.707070 181.122067
185.777089 186.186299 191.020696 189.312468 185.722788 179.586337
169.533519 163.674162 160.244315 209.843224 208.372088 210.886212
218.323039 216.614930 215.224874 210.957025 197.237571 189.877023
191.177647 193.027110 193.747037 196.582418 205.193941 205.429519
191.615193 184.759860 187.632415 183.421866 176.310852 177.685922
177.680958 177.091204 180.874678 188.316653 192.753203 191.426437
191.933112 187.223734 182.436145 186.589797 185.172310 176.713718
171.156474 173.280427 177.827699 177.523368 176.784270 181.980751
185.352326 188.298998 189.534119 180.608690 178.179771 186.345951
189.403921 185.348938 182.646893 187.453939 197.400422 211.506090
223.420203 226.991573 231.078456 240.585353 254.943310 267.425453
254.720357 240.920457 234.222492 212.975295 196.799046 198.527062
205.190146 218.861062 240.865539 240.560393 219.772559 212.227569
211.060460 193.737260 181.972252 187.153200 202.177698 213.147541
220.721060 217.129434 207.722598 209.959492 210.298934 198.034279
178.439954 175.676417 184.332753 184.700737 184.593380 190.906840
192.211944 187.329231 191.956162 194.922754 187.619209 177.639171
168.958512 162.937967 157.943052 158.411502 156.220161 149.134185
143.097613 140.185030 141.110890 140.285759 137.792754 140.814675
147.817753 155.275918 156.825720 152.785069 153.733644 158.980605
159.492573 160.841833 164.667023 167.433205 168.679228 167.080843
166.969924 168.862287 170.031906 173.442815 175.826044 171.502907
162.093800 155.428433 154.700907 152.054936 147.232737 144.080732
141.913657 139.498416 138.753044 143.168846 147.635824 150.855585
157.428743 159.782336 155.678306 156.514313 164.297250 175.338472
180.654773 182.920811 188.691454 193.072983 196.797372 200.525989
198.453384 196.182705 194.010213 186.157295 176.755376 168.520810
165.019506 161.909589 161.488500 165.573128 165.977577 169.650903
176.331769 178.788720 181.219517 178.915763 180.809900 184.054082
179.438184 176.244334 171.861950 165.325980 162.732754 162.820481
199.022226 200.036502 202.176997 205.522809 206.665928 207.094529
202.607259 192.856929 192.048435 194.276443 192.202234 190.534084
193.605956 203.215130 201.461157 190.090029 190.227557 192.398177
189.647600 185.916817 185.352733 184.292497 178.355597 177.231513
182.385127 183.424015 182.525232 183.236228 178.639935 176.329146
179.055007 179.033248 173.738782 172.624648 176.270597 176.062084
174.990486 176.316892 183.561280 186.882093 192.287688 199.151911
188.332801 180.181313 180.736999 183.293940 188.068650 186.848021
190.029821 197.286083 207.460245 224.032151 235.193226 242.461890
248.738820 249.875453 250.062089 243.974897 233.086406 224.420083
216.614481 207.030982 203.824286 221.511861 234.876881 241.587028
241.483570 221.771845 215.369604 210.003154 192.850340 182.420595
183.759706 201.077281 210.039865 206.010122 195.865455 195.537065
206.505332 211.198093 203.589572 185.350715 177.778402 181.512575
182.474690 179.883952 182.579543 187.899609 189.916586 193.073284
194.938299 192.211293 183.963266 175.372255 168.961566 163.184239
164.836497 160.658251 152.516463 147.460543 142.331721 141.271051
140.198769 141.318625 144.780642 149.235061 154.302074 156.161722
155.170035 155.407787 160.599068 161.884347 162.409320 167.992221
169.784894 169.606659 169.861998 167.066519 166.904403 169.102806
169.836834 170.666652 172.026926 166.011046 155.235592 152.225889
152.397409 150.526682 147.562613 144.138364 140.370194 140.556821
146.064340 148.671832 151.609468 155.551367 156.178574 154.053243
152.570124 158.487796 167.929604 175.534683 177.161301 176.830023
180.776361 188.288458 203.804036 206.061645 198.894963 198.821513
193.182093 181.251543 169.249963 168.415659 167.986403 168.617793
174.736475 174.957578 175.838016 183.217145 182.384796 176.350254
177.195236 180.381791 176.623920 169.810833 166.272481 165.030941
164.166123 163.698558 165.384544 199.267172 198.946248 197.540477
203.841687 210.075689 204.552225 194.855145 191.247443 197.837096
198.213422 193.048300 200.699969 204.426636 202.623911 201.345329
193.706886 198.506085 199.140699 194.393267 195.603390 191.920440
187.254386 182.600927 180.191024 178.002237 175.303604 178.157491
176.096270 169.389283 170.623977 170.415910 169.295178 169.453204
174.558700 180.234309 179.530414 179.917731 178.565727 179.063722
183.348217 190.380344 201.702590 195.320423 179.582711 174.853312
180.849323 189.074465 191.704694 194.068310 196.584793 206.301836
226.118728 242.337396 243.958893 236.768802 238.996761 246.331642
248.392126 248.806955 245.892608 244.213302 236.701833 223.913285
230.608991 249.860070 241.163713 222.045692 216.956284 209.163938
191.724596 181.932400 182.710235 184.438217 195.639737 205.273395
204.583009 196.484235 194.917938 201.383369 200.712394 196.316795
193.289221 186.607438 175.751601 174.935010 180.254920 182.708709
186.926515 191.619024 192.734613 194.269731 194.331750 187.019325
178.004016 169.569595 163.607394 162.105743 156.536142 150.189493
146.730020 141.397177 138.856530 140.577924 145.014453 146.790663
147.957143 151.635767 156.227708 158.749109 156.207353 155.806264
157.361826 161.370349 169.206391 177.954733 181.036084 178.403388
173.987777 170.627481 171.415575 171.118710 173.490960 174.936662
168.217202 157.231624 151.844657 152.716763 152.820775 150.175323
146.339069 141.511818 140.943646 143.076773 145.382521 152.685548
155.842570 156.346820 153.043343 149.953321 155.377746 162.935110
168.407435 172.789890 179.179130 182.719699 181.273940 189.217319
198.850157 200.377520 201.998534 199.532698 190.862643 176.600834
170.690011 169.622149 175.954934 186.835195 189.993658 190.203608
192.944394 189.749388 180.586123 177.345757 177.389308 178.380196
175.182319 172.399662 172.070283 170.729525 171.242596 173.192894
197.547001 197.538102 195.120737 198.821625 202.718359 197.456064
192.254079 190.942280 199.416289 202.506096 197.502184 206.625570
208.560393 203.268288 206.536309 207.309888 214.982345 213.468450
199.960337 197.295603 195.424944 191.476916 188.257220 182.422522
177.220914 175.109710 174.979196 169.442184 164.905495 166.832526
166.667114 168.728048 173.637059 176.226361 176.533784 175.282693
173.486905 172.365855 171.834059 172.918113 177.222380 187.733537
190.917211 180.964543 173.287806 176.358353 183.241616 191.241620
197.915307 207.162598 226.790409 248.662285 259.892180 249.087185
236.367751 241.156994 249.621617 251.998542 262.101940 270.045758
260.914793 252.554482 242.563304 229.918710 239.175046 237.271723
222.100982 224.621467 212.008798 190.271653 183.141963 183.449642
188.839757 196.727505 201.384666 203.942336 204.460695 201.549131
199.868256 193.040905 186.073818 186.046894 181.656499 172.034183
172.093424 181.339786 183.738058 183.905953 187.679535 187.271069
189.831367 190.525649 185.047842 178.320709 167.006031 156.711990
153.039476 151.159942 146.462859 142.685057 138.863464 138.200304
144.110385 147.869993 148.586419 150.425409 152.180680 155.749168
157.764238 154.682928 153.707281 155.595113 159.194223 165.431318
172.439052 178.728348 177.278173 171.086042 169.514330 172.388532
172.321785 174.561488 175.271794 166.957264 155.068327 149.273173
151.187743 153.324542 151.199645 146.423557 141.521334 138.450223
139.119395 142.760860 150.505991 153.236569 153.196442 150.824595
149.379942 153.270010 160.048950 166.380751 171.636833 181.959149
187.361184 181.688539 177.732261 186.059316 194.659545 198.323241
201.681025 192.194322 176.385171 171.929596 173.257954 181.176905
191.097132 198.168506 197.643957 190.471048 182.246976 176.495113
176.672536 182.804762 188.678739 186.873009 185.377661 185.078184
186.602185 187.868975 187.597173 192.530657 195.102845 195.032186
191.322542 188.770292 190.417692 190.738090 190.945648 206.584553
213.976968 208.331971 209.821852 207.080883 205.768082 213.441572
219.627804 226.791959 224.930574 209.732271 201.891437 197.258848
193.101606 188.056141 181.086290 178.026221 174.048383 169.488636
164.970027 163.577358 164.454830 165.488972 171.287415 176.362096
179.855325 177.432840 169.037719 166.336698 168.535076 169.899231
168.724335 169.951640 178.276883 186.546376 183.133268 176.059982
177.914120 181.320359 184.602758 191.004031 204.846492 230.809764
245.380609 254.487048 254.503782 242.891958 234.174489 227.739334
235.607137 248.248306 258.648189 255.627743 248.308026 244.931676
231.664538 221.703859 217.862589 216.943922 223.718618 213.184391
197.568013 193.601616 191.847467 197.729560 200.196173 195.505258
197.130211 202.266100 201.857297 204.752980 197.669848 183.896995
177.366933 174.711468 175.611237 179.725466 183.777232 179.543517
176.707212 181.083293 184.151963 185.177282 182.406602 180.670184
179.729088 168.508009 156.110170 151.913154 147.809536 143.374913
139.178128 136.170136 139.925815 146.356139 149.461875 152.159324
156.272634 156.493232 153.642574 152.037936 151.726587 155.932974
159.409664 158.363398 162.238915 164.148881 166.416312 167.955291
164.024265 167.547873 172.194139 171.378248 171.925658 168.705617
162.642535 155.696114 150.305635 153.481208 155.863332 153.518071
150.356443 145.665180 141.537695 139.188399 141.544672 145.297773
145.972231 148.542171 149.209408 148.848886 151.581614 159.454732
166.840248 170.664416 178.295386 184.250158 181.078733 174.451425
177.917225 186.453082 190.210632 190.229155 179.993290 173.457374
176.259489 178.610633 181.905468 181.505861 185.792597 191.649627
188.674494 176.705234 169.674436 178.471361 194.307028 206.078863
203.716118 192.692140 188.693633 190.965098 188.364787 185.816576
184.251937 183.604051 183.365522 183.331482 185.685238 191.786313
191.773495 193.247575 209.996162 215.416921 209.634651 205.569882
202.387289 208.193598 222.975579 230.470134 228.850839 224.820535
210.213592 202.295861 197.793815 194.178233 189.741881 179.963087
175.750018 173.213713 168.474805 164.829990 167.211619 169.656494
168.071883 170.059295 175.071546 180.013585 176.372072 167.803325
166.159810 166.821858 168.096688 170.234826 170.750989 176.958376
184.493965 186.501396 184.088862 179.670576 178.275371 178.339608
179.000173 188.718129 208.101548 224.063777 245.645488 248.910517
233.208173 219.920459 207.227955 214.295276 226.012518 240.421033
245.671984 234.131400 228.157421 222.680023 216.201935 216.450467
216.281817 214.113353 208.038997 202.546902 200.041631 198.315637
203.352734 205.067967 200.526707 205.200433 206.650678 199.035053
199.313511 193.658909 185.935790 182.108985 185.238520 187.904631
188.201966 186.772602 179.483618 176.976835 178.911521 186.104522
184.959749 176.823030 174.616587 171.250855 161.221347 156.006297
154.858660 147.421630 143.342331 139.283625 136.690752 141.245316
145.894178 151.875919 158.649250 159.617773 158.482792 157.690941
156.611767 157.807889 161.060328 162.495503 161.196045 162.744176
162.197704 163.212502 166.883987 166.408034 168.823277 171.706830
170.397719 167.526922 162.119612 157.386084 155.432640 155.243466
158.002872 157.275431 154.420144 153.430945 150.388234 145.550155
142.284135 143.149278 142.494314 141.910934 144.320602 146.727516
147.552175 150.167120 159.092863 165.740334 171.528564 179.425479
181.674963 178.084789 173.329997 172.600067 174.826792 176.756750
179.205925 180.158862 183.987866 185.041676 182.070991 182.900995
181.767048 185.532008 201.622736 209.101307 192.903647 181.394449
192.991927 202.814505 208.940196 211.964221 205.120020 197.555375
190.483278 185.840614 184.465749 178.797979 175.418150 174.396271
177.429527 182.753733 194.750808 196.831276 194.662462 204.535676
212.772692 212.033267 199.946899 194.148432 206.317632 225.483356
236.583795 235.093545 226.393114 208.563290 198.837183 198.072934
196.759239 192.431635 180.992114 172.920952 173.043710 170.980025
169.435431 174.301084 176.068584 173.097954 171.049365 176.047422
177.333020 171.693942 169.876624 167.552161 163.631328 163.006345
167.032722 167.180870 167.291167 174.625193 184.049253 188.748751
183.807590 176.037286 173.472254 173.336218 180.499663 190.209842
206.711679 231.013194 228.937199 220.089226 216.321555 205.878630
206.621519 216.125519 226.099008 228.134541 223.267388 218.028957
219.390184 224.851462 228.432739 226.776717 213.296452 203.758413
205.001266 202.198270 200.884653 209.406499 214.788732 213.297821
218.683251 220.735025 209.064288 196.414545 187.073072 185.516576
185.960134 194.095496 199.384584 192.032676 188.028573 185.403409
181.420929 183.673848 189.290828 181.947584 169.955586 164.570924
160.269284 154.165753 154.918182 158.630059 154.102050 148.255302
145.343216 143.984076 144.344260 146.330043 153.929751 162.548767
163.668277 162.865043 163.648855 162.942496 161.600705 162.790690
161.891239 159.967968 163.007644 163.794269 164.806541 166.877574
168.835545 172.351886 173.255552 171.431958 164.323323 157.762732
155.855015 155.695295 158.987695 159.990879 155.665637 155.178516
157.995906 156.162783 148.445688 144.784214 145.781509 142.961961
143.111034 145.145318 146.059576 148.554825 150.837383 157.901054
167.469352 176.308268 182.738543 177.987014 172.765366 171.324867
166.545067 163.237036 162.315919 167.074365 175.839175 182.472440
187.429080 187.136706 182.728657 187.663771 195.022557 206.074986
225.188235 215.725055 195.632638 202.945901 206.376691 211.139941
217.555014 220.027081 212.581731 196.149601 190.881809 188.102750
173.760424 174.849687 179.432284 181.602995 183.581645 196.093378
201.245395 199.754131 204.293952 215.597219 222.303328 212.265453
204.608690 210.651494 222.067383 232.573086 239.370211 231.947935
216.504173 206.047637 198.942963 197.210861 193.415196 182.547785
176.557458 175.750999 172.818022 170.566437 175.053440 179.636661
179.736656 177.309310 177.763099 179.542602 177.833977 175.925309
168.453500 163.002680 163.325358 164.976501 165.082393 163.935646
167.772034 174.200061 181.885236 183.562820 175.042748 169.729951
171.451523 175.140434 178.915489 185.054503 201.125039 211.753396
214.302203 212.908227 207.361830 203.828841 205.385001 207.788028
217.344042 226.295275 220.545756 223.356947 235.945073 236.053872
225.850813 209.858309 198.520535 201.037306 202.442068 201.692587
212.473578 221.118997 218.489549 217.130177 219.126667 220.314690
208.919128 192.120140 188.811093 188.132811 188.369627 195.964782
193.713798 189.137660 189.110311 185.121902 186.369306 187.402305
177.370200 166.574102 161.859286 160.466504 157.792171 157.921881
162.081000 160.605328 153.964084 151.561123 151.168188 148.542781
147.875699 154.144120 159.460186 163.335260 166.737437 166.397405
162.894748 161.001780 164.119404 163.921944 161.676766 164.438147
169.830072 171.772729 167.821832 167.513502 172.626415 172.659290
168.226149 161.466800 157.022455 158.155424 158.653684 159.040978
160.330151 158.922182 159.580749 161.825830 159.721954 152.513763
149.577468 151.001718 146.810064 145.272400 148.977662 149.068245
150.710669 153.543649 158.721611 166.740878 173.703888 176.382958
171.074469 169.621260 169.374186 166.212626 162.972286 159.256706
161.305307 166.752685 169.864335 175.643219 181.924840 182.402977
187.218025 196.512166 206.357834 220.136364 219.455615 201.978721
198.546433 202.627342 210.483100 215.303435 216.100421 206.839909
189.734728 187.663285 187.931776 171.589877 174.426087 179.065798
177.971423 179.272978 189.821475 199.911780 204.052074 211.444143
221.383685 227.273097 230.828131 223.649749 219.103746 223.377775
227.660331 233.337959 230.821207 222.834643 212.642673 202.269607
200.408548 194.872540 184.088918 179.895277 177.258120 174.574375
171.095582 173.335775 181.991539 184.743148 181.251047 178.718826
182.846990 183.093988 177.146211 170.201396 166.942040 168.203596
169.630974 168.792771 166.755529 165.974162 168.783807 176.906271
177.515944 169.205408 167.924962 172.800275 175.540819 178.797492
181.960417 192.532247 207.399118 211.764510 211.644262 206.824280
198.072285 194.840542 200.475586 219.206197 225.884689 218.073804
217.629099 227.923665 232.411231 221.484944 210.008536 202.502240
202.894270 206.169980 202.148149 209.761298 219.420166 215.567091
212.291260 209.849294 226.837974 228.338267 204.433631 196.521893
191.300126 186.743160 189.173817 189.719783 186.279591 183.563162
186.976552 189.894465 185.532502 175.522740 166.009224 163.821915
164.207391 161.311816 158.905802 160.600232 163.084338 158.982538
153.496268 153.653892 151.258569 150.086469 154.920366 157.571713
159.465740 164.960062 167.712621 165.282253 165.958603 167.204717
170.245552 171.405947 168.057676 172.533422 176.573373 171.526439
167.619580 170.318318 170.210627 165.172282 159.198027 155.153191
156.652328 159.078043 159.393983 160.375050 161.756112 160.660965
159.228335 159.988509 158.449076 157.111972 158.016917 157.362311
155.751875 156.362561 154.433241 151.772609 154.573829 159.809556
163.129637 165.903890 165.094458 160.820625 160.870614 162.748519
166.151597 167.114934 163.038001 161.158072 160.887551 159.291846
162.102218 170.706983 179.606920 189.225566 195.646550 206.308309
216.917722 223.156862 211.660057 197.137711 200.738570 203.028467
205.419299 205.048839 191.729511 177.786922 182.300463 188.884157
174.148669 174.889158 176.527646 175.892973 174.873586 182.328092
196.672279 202.233803 213.680668 226.318693 227.044400 240.375442
243.792246 231.423621 227.555369 230.961777 232.367269 229.117474
225.062380 215.532606 208.560797 202.200429 193.699900 187.436905
180.158922 175.794204 173.952666 172.323060 174.727577 184.143685
188.724827 183.948591 181.181173 181.052573 178.071283 176.060776
177.826220 176.778174 171.256150 169.682219 169.729641 168.684424
169.211616 170.577164 176.799874 179.098700 175.853926 177.810118
179.482931 181.639261 185.617538 187.187254 195.308571 206.595451
209.736281 215.630777 212.667615 201.584953 200.356724 204.276307
221.169441 227.209080 217.265691 211.847902 214.888986 220.793208
212.177753 205.263425 208.674454 210.735564 209.451068 207.955856
218.682414 224.771047 215.963476 208.595652 207.439588 229.385567
235.985829 211.399600 198.525219 194.643763 195.024024 196.149939
191.944435 184.621209 179.264395 183.542701 191.493838 189.266569
177.496729 168.689906 167.077542 164.110262 159.134319 158.789593
161.395381 163.703989 162.761467 158.856197 156.329886 152.889414
150.251325 152.392625 156.469428 163.061348 168.938487 167.428270
164.041298 165.011089 167.598748 177.484784 183.546068 176.641792
173.743813 175.913336 175.811073 172.876937 171.894437 171.365860
165.687182 158.511437 153.990057 153.184659 155.681983 156.767789
157.210854 160.459926 159.715096 157.513763 159.710226 161.125677
163.239838 166.148811 166.985888 165.084030 162.932898 158.589878
152.470358 152.547041 157.264754 163.374011 166.869304 161.851188
155.732393 153.745534 157.131752 166.505796 171.650475 164.520496
156.272919 155.033009 152.532523 153.870594 160.760276 167.731372
180.081291 188.326340 198.927317 219.539913 233.596350 225.248239
212.286843 208.926491 208.244086 208.618794 200.902753 186.915798
178.867335 182.007096 184.726112 178.312059 179.203941 181.484842
181.592505 184.301369 190.325412 195.895222 196.092376 204.830823
218.923638 219.191938 227.669350 241.229221 240.016236 236.153015
240.828149 237.092916 224.565716 221.413419 216.578092 208.253578
199.790012 191.490897 185.601722 177.304908 175.318490 176.496734
176.462476 178.937963 187.502595 193.033090 190.456378 187.038572
182.072403 181.261621 181.328196 182.089985 184.359768 177.811429
170.896697 172.787288 173.872526 174.205870 176.015034 178.529065
183.006413 186.815376 191.070954 191.806774 191.199160 191.057181
190.961585 197.855889 205.559010 209.775754 216.956966 214.294360
204.711444 207.128571 211.177057 216.002347 218.028168 212.849581
209.341673 212.626605 217.335908 211.394016 205.890301 211.512803
215.764410 212.384559 215.099394 229.130198 233.921779 221.957963
206.966686 202.726071 215.446044 218.473242 203.285829 191.282742
189.236038 198.170445 206.555401 204.002766 191.712746 180.356829
182.731188 189.244777 187.299913 182.479069 180.977524 179.611707
171.888950 164.994524 162.895357 162.571846 163.916467 165.170231
164.534645 158.537516 153.936136 156.960059 158.750008 158.736550
164.907949 168.626878 165.671954 160.603905 162.353266 174.066900
185.059353 185.764538 177.816015 176.652374 178.044777 177.333364
176.673609 171.339966 168.105466 165.110998 159.572425 157.072846
155.596457 154.928237 153.078367 155.511089 162.452739 160.909443
156.147442 155.049546 157.093918 165.912216 176.465877 174.386081
165.985942 162.308082 158.292093 154.857699 155.035962 159.779251
166.640019 169.626584 164.757887 157.492715 155.690482 158.284422
165.456701 171.602551 164.932859 155.117461 153.005934 154.112395
156.820204 157.103691 158.104224 167.747330 185.084603 201.265064
216.057321 223.307899 222.343262 222.386906 217.579535 210.474081
205.865653 196.219756 186.129161 182.662179 179.950875 177.769210
176.642379 177.893668 178.175233 177.508843 186.646262 193.581873
193.681489 195.666644 200.309069 206.202914 204.858410 207.798209
221.940449 233.140947 238.101910 242.878783 238.310046 227.453599
227.136553 219.241587 203.949891 199.213839 195.927529 186.156351
174.722500 173.891987 181.569914 185.395901 187.313899 191.335015
193.877814 194.154753 191.935514 191.067125 191.041833 185.532086
181.943676 183.389584 181.290659 177.511573 177.293583 175.364449
176.365333 182.656159 187.982436 192.722144 196.989469 204.636664
207.122342 201.770216 194.797825 193.920586 200.433990 209.181654
216.368861 215.676191 210.761824 206.729078 207.209210 211.409761
208.494804 207.960738 211.689778 210.865648 215.275572 217.064635
215.462681 217.764100 222.833746 220.785590 214.691448 216.315461
220.888649 219.968257 211.781391 203.757899 196.844694 198.771789
200.282318 195.915060 191.032603 187.495889 193.104145 202.589754
201.609678 190.506921 183.046655 184.566388 184.989512 179.610030
182.098024 190.410940 188.681556 183.021747 178.121173 169.233741
161.987098 163.335534 166.582347 164.730203 160.647334 158.452126
164.641279 168.841105 163.084019 161.928843 163.969414 164.017059
166.852146 169.110128 175.142129 182.291038 185.137363 177.456273
174.892183 179.273298 180.822562 178.598733 171.410733 169.745492
166.636355 161.298555 158.957281 157.525104 158.572997 157.238111
159.857749 170.442697 169.944359 162.515190 160.894801 163.713085
171.349968 184.289778 183.905971 171.220806 165.031055 162.273663
162.170922 164.204542 167.215055 169.104345 168.029251 164.546307
157.484563 156.402269 163.754972 168.505011 170.007201 167.266002
159.902217 157.645661 160.725517 161.682245 157.986578 156.075176
167.708961 188.675778 204.827246 212.872582 214.682781 210.594214
210.017719 211.086182 205.489067 197.943393 191.390537 183.088106
173.547319 167.836659 165.891739 165.456509 167.806165 168.779490
171.718241 180.427188 187.304052 191.719653 201.767063 209.846181
207.448037 206.001683 211.736321 221.606915 230.174289 239.872153
249.084173 247.123515 240.264979 234.758268 222.367285 209.722552
204.449194 198.016319 185.052601 175.983523 176.505195 187.825103
197.084916 197.248225 194.403266 193.618265 195.164893 192.319100
192.671822 190.793936 184.371696 185.211077 186.619422 183.537496
183.596092 179.138179 172.986158 178.126989 187.428282 195.198720
200.448587 207.510652 217.054450 217.650984 211.271376 203.896497
202.618622 205.427099 210.073326 219.366466 218.903680 211.010029
205.055527 203.491281 206.956613 207.389222 208.439092 213.478138
213.831467 213.768049 213.345117 214.963687 221.256975 223.546702
220.955023 217.206058 211.337995 208.245287 202.874283 193.141483
193.931918 191.648930 188.854785 190.269179 191.581950 192.398290
186.914673 187.388190 191.892094 188.780567 184.308883 186.321314
185.967811 182.177972 179.643557 182.060898 192.153906 190.039978
188.432655 186.107005 172.259716 165.284614 166.445666 165.282094
162.469209 162.808369 163.630276 166.836359 168.564637 164.886901
164.426166 165.967969 165.074855 168.523191 169.629097 171.436469
181.359631 190.314327 188.590597 185.105802 187.076928 192.518444
186.575615 176.560073 176.399099 169.305276 162.907596 160.391304
157.854480 162.687957 164.562513 166.699840 176.902278 179.264491
172.800192 174.768718 180.591299 181.914126 191.069825 191.316086
179.599241 174.411745 169.669476 166.950692 169.761786 170.493380
166.337512 164.363778 164.071628 159.191853 158.726026 166.445510
170.052747 170.313159 169.395047 166.852252 167.423583 166.887728
161.069715 159.292833 160.586749 167.596292 182.681579 196.353551
204.908441 210.095587 207.303810 200.330365 200.023696 203.584252
201.898890 192.684215 178.805912 163.747922 157.474292 157.468084
157.514615 161.133003 166.900367 175.526306 181.233716 188.577031
199.026076 210.604088 218.208693 215.479586 216.319236 226.163767
236.340610 233.370793 237.098000 252.280877 252.236624 243.015733
234.315755 227.918439 220.564480 205.959084 192.518196 182.971925
180.480389 185.861267 199.497687 209.425699 205.126593 197.986790
194.009642 190.790871 187.287231 190.205198 192.234964 190.520792
193.203494 193.700772 184.598375 178.778866 177.011975 174.369956
178.843183 185.251001 193.321245 202.162209 213.935451 223.927322
224.806083 221.946390 220.379763 216.431113 207.651617 207.064183
213.304048 216.272796 209.643214 202.325803 206.288988 211.467063
211.095664 208.768695 212.444553 215.522672 212.698708 210.940698
217.199618 223.145755 227.887808 227.793168 224.079745 213.158023
198.989750 193.798417 187.080281 185.747970 182.226014 177.158060
178.857418 181.481278 183.338405 179.785503 184.336083 189.926888
185.379991 181.212247 181.445203 181.247752 177.076632 176.040126
177.090447 181.354419 182.486233 187.487338 185.129746 169.630322
167.279088 170.421321 165.770923 162.136982 162.495378 164.512918
169.304769 165.875297 160.815688 165.750959 169.247761 168.090666
169.268495 169.138221 171.420843 181.520910 191.174942 209.319307
216.272156 204.511246 199.064926 188.413588 177.382658 177.821490
172.597921 164.998909 162.581140 161.395818 163.804508 168.806309
174.828476 180.504435 182.219219 179.049685 185.274557 196.613057
195.964812 197.098408 195.132039 189.040963 181.955884 174.074625
169.955319 167.813388 168.450878 166.090117 167.015116 167.602181
163.270095 161.174240 163.308638 165.675774 168.395384 167.419772
167.833426 172.817997 170.471175 163.014145 161.271292 163.877551
169.699634 173.887082 177.687136 190.050656 198.615280 198.189136
191.137769 193.752282 204.056162 201.608929 188.029342 172.874306
160.489106 153.990748 154.188462 158.201168 161.060227 168.116377
177.118978 183.061211 192.401349 206.989471 218.062090 219.055272
218.199211 226.502747 236.674854 245.148053 245.593453 242.131987
250.717294 256.890277 249.567836 239.961329 231.972587 219.894827
200.521657 186.766655 185.671819 187.669177 192.922154 202.554665
209.363256 208.437747 205.336006 202.734105 197.945531 195.050460
195.871831 195.818893 198.017838 199.642677 195.204701 183.222476
172.459339 173.411859 173.719366 175.163352 181.787160 191.022441
205.599986 219.701949 226.633748 228.834553 225.796142 234.840743
232.861510 210.063554 206.408872 208.949211 205.596281 202.823669
206.003353 213.813988 216.249965 216.988987 216.151995 215.541630
216.287330 214.608193 209.937955 216.334793 232.444275 244.116676
244.569613 236.638591 218.423540 195.197025 189.596492 187.571402
182.242208 179.208172 177.386223 176.726049 174.181916 172.951968
173.591991 180.017439 185.041806 180.407615 175.249409 171.724117
169.461168 168.470335 169.280757 167.636146 166.529796 171.233310
178.277493 178.740882 169.895867 166.904857 168.342071 166.577359
165.382272 163.499240 160.023281 160.635176 158.494974 155.362539
158.649301 164.461837 171.454587 175.351142 171.411632 171.326377
183.846701 199.618432 221.348052 225.892212 208.136074 194.464607
182.227645 172.856805 177.732722 177.435054 170.354286 170.299740
167.644712 169.229019 176.333868 182.570880 187.626614 189.792683
189.953704 197.606630 210.558135 215.578571 211.166432 199.127281
191.274285 184.887837 178.245207 173.434413 163.952057 162.915805
167.156617 170.009235 168.381433 165.191485 163.806127 162.115324
165.738070 170.890917 170.487637 170.723199 172.484198 167.648037
163.178060 160.383429 162.184360 170.973789 170.948178 171.494191
185.790177 188.140284 179.467571 182.349969 191.227783 196.669595
193.412455 181.235876 169.228412 159.039081 151.386573 149.487887
160.297772 165.284015 175.168982 180.421704 190.829515 202.734873
214.462820 227.958087 225.522339 218.126984 227.667379 238.143114
244.451019 256.360974 246.621563 240.757515 254.653662 257.105687
249.228234 233.210725 215.755172 200.459680 189.231329 193.376974
198.737709 198.184957 201.049167 206.833159 211.598053 215.917722
220.801365 215.387870 205.734700 204.707596 204.094993 206.955817
206.029886 192.286309 181.491385 175.827584 175.400452 175.521516
176.419043 182.920869 193.930756 209.569717 220.160721 219.123083
214.057617 214.337918 232.230938 234.349675 213.966457 207.766066
206.785756 198.465063 192.796702 198.335678 214.823765 221.768034
218.199881 217.121466 214.037462 211.493873 210.702953 210.057709
220.425018 244.896461 255.787617 257.513869 249.864622 223.070002
197.065204 186.924278 186.531632 181.731532 178.761604 180.769625
180.163343 179.568576 176.292709 173.661544 178.458783 182.304003
178.897259 175.342735 172.383641 168.185459 170.529418 171.559005
166.235157 167.278103 171.289198 172.956579 176.662920 172.193641
162.819184 162.372755 164.087862 163.963126 163.427248 158.226130
154.003113 152.260539 152.550242 152.521086 157.437190 169.498487
169.316576 164.153434 170.697837 184.848639 201.554818 207.138092
207.678605 202.411084 189.880183 179.219831 172.852772 177.165400
178.096221 178.902482 182.044088 177.037356 176.996673 180.570986
184.782802 188.718525 190.239121 193.466913 201.514150 219.761922
235.356188 225.720165 201.088715 187.717318 184.080461 179.563919
171.174218 164.234083 162.102375 163.581948 166.173632 165.147341
162.201262 163.227655 162.857500 166.908090 173.927673 176.369714
174.061650 165.523343 159.072010 160.250409 159.118615 161.590043
170.596337 175.224572 178.062002 181.910263 175.699443 172.928124
180.625310 184.218104 187.307732 186.380278 176.509381 163.229498
154.331189 150.370843 149.393525 160.645111 167.667992 178.532452
187.264230 205.296944 223.739272 238.223761 242.039913 234.809714
226.232130 226.199433 233.012183 241.814536 248.734828 235.311920
235.560586 247.231352 246.495149 241.313293 227.054470 215.818148
207.867188 199.224072 199.280568 201.727498 202.645906 204.596291
205.633267 210.996811 219.161115 225.273623 222.685241 213.856815
213.228569 215.014967 212.185731 204.218967 188.866079 180.284952
180.097648 177.207176 179.629829 181.644529 186.035679 197.791457
207.141667 215.771934 214.496432 209.684333 213.027219 220.012622
223.495323 216.446125 209.197178 203.743523 193.371662 191.121419
194.527639 209.692181 225.820522 221.671459 213.883250 208.329773
206.477694 211.233071 216.607457 229.805570 251.267682 265.242965
264.425510 252.403464 227.388628 200.517099 188.118284 187.957436
183.834081 174.533237 174.305036 178.246326 181.957670 180.497399
177.217698 177.965080 180.952584 179.188050 177.168269 179.118371
176.364251 172.906918 169.867715 168.609451 171.825539 173.229336
173.560554 174.229601 170.176327 161.978195 160.421878 162.158618
161.567342 161.640912 161.310354 159.095472 153.512618 149.637144
151.206496 156.121575 160.956580 157.585399 156.268350 167.682246
179.627973 187.352639 184.197294 184.777698 187.775782 181.255101
175.604186 171.893977 172.087620 173.737129 178.041507 177.996400
174.850701 176.825114 178.434143 185.468276 193.462906 194.727019
197.137617 206.084463 225.378562 245.131301 233.935570 209.122187
196.248814 189.145386 183.773638 172.729270 167.331230 169.175647
167.468183 164.536243 164.089403 161.977983 162.570719 164.552055
171.128770 177.017363 178.549700 171.856962 160.036639 155.936072
157.704204 158.216564 160.159770 166.772500 173.205881 179.310712
176.385770 168.024899 174.525187 179.105079 174.278672 178.547113
177.200649 164.236140 152.154593 148.567638 148.068442 146.809376
163.499536 170.140158 181.045334 192.365719 211.437873 232.103409
246.671991 252.104357 261.393190 256.647271 234.107569 226.467695
229.693398 229.697542 224.547903 235.170007 245.528022 234.648938
220.023529 216.531637 222.139501 218.990225 207.847859 202.521161
202.689623 203.580961 206.732328 206.745003 206.987941 213.711872
223.554978 230.461328 224.929422 215.207450 211.685526 210.120424
203.194701 189.348678 182.999328 184.562916 180.856162 182.514723
187.043628 191.386679 200.638605 207.378016 209.982397 211.122690
220.089958 223.665081 220.710148 227.854739 223.429546 209.737474
201.157426 192.003207 195.911855 199.896388 205.483682 218.800694
221.782366 215.110066 207.662143 207.456793 217.413066 223.371378
235.462531 252.011684 260.446125 255.934257 241.030792 222.146926
201.392495 194.377295 193.375646 188.715207 176.789380 170.427761
175.271136 179.914227 179.700931 175.518674 172.459620 173.517042
174.160664 175.849582 182.220384 181.593464 172.015896 165.304524
167.489849 171.452214 172.652003 172.534514 171.173055 169.464301
165.671406 163.087428 160.791250 161.143535 162.092934 162.567029
160.871961 154.526434 148.337968 149.966353 156.217293 159.484913
157.587885 155.707860 165.008753 178.904371 178.661210 170.934309
170.645341 172.411543 171.118772 172.419185 168.053432 162.544355
166.669405 170.208225 167.169072 166.973848 173.510877 177.513756
188.820562 202.139353 209.679092 215.538635 224.747718 248.740560
259.121492 243.615405 224.232143 201.502776 192.187450 190.141853
180.978153 177.628859 184.092407 182.280830 175.859483 170.520309
165.628096 168.067899 167.618703 171.056656 174.900600 174.133870
169.455572 162.606422 156.394317 156.015963 158.572705 158.752367
162.151826 168.145788 172.252952 174.363060 172.566011 172.404519
176.121100 173.407938 169.855962 163.785874 152.557906 144.928540
143.582498 143.373347 142.369471 169.933527 177.265558 192.791890
201.007439 213.413586 232.275343 248.468558 263.009193 274.831565
266.506809 236.660503 222.378627 216.080225 213.027234 217.211927
223.564563 228.760138 224.810853 216.418589 219.818092 227.642213
223.753963 217.523909 214.114928 209.243303 204.397617 206.108413
207.616319 207.803603 213.370853 227.252395 236.562358 232.130024
223.443011 216.932667 214.617921 213.252627 200.528817 192.514266
192.045839 189.395136 190.298129 196.294156 203.595952 208.879643
216.480636 213.117337 213.971288 221.623550 223.175639 226.954353
232.671067 225.945903 210.742241 202.411609 197.441852 197.684617
200.008699 203.787848 211.239022 224.950398 225.858321 212.960449
212.489148 222.286352 226.226781 233.227845 241.075736 245.102501
242.115656 226.520203 216.771039 206.534181 196.923125 193.208740
192.939810 186.979684 177.710627 178.536761 180.286988 177.477060
173.017684 167.366140 165.946127 169.503084 171.277357 177.499066
177.767070 172.970931 170.030583 168.458858 173.109049 174.637754
172.406879 173.094790 172.250796 166.947297 165.048551 163.518399
160.026107 159.255482 160.884828 158.746532 155.750992 151.316062
149.231406 155.209472 162.202252 165.318168 160.455491 162.427985
175.364176 175.027960 167.300021 167.078660 166.103731 164.333825
165.567310 162.819001 159.302044 162.313280 164.948183 163.254485
166.763659 178.281032 187.212338 198.981065 210.680509 216.802061
225.776087 234.518815 250.119783 254.738105 241.073281 228.963339
207.827316 194.256015 192.282502 189.773032 193.716805 205.498741
204.103102 191.673501 179.150293 170.674927 173.711291 172.049818
166.995396 166.202503 166.257298 165.909024 161.944280 154.964262
154.681378 157.998652 160.487187 164.781962 175.190386 177.710195
174.986277 178.597004 175.992804 173.724218 171.883982 163.383146
154.031082 146.174543 142.835296 142.133731 142.627283 143.369869
181.880293 189.406976 201.394485 205.659915 216.456121 236.018807
251.797569 259.343537 264.741410 260.357749 240.569588 229.244683
221.043276 215.188037 214.487523 214.185334 216.182873 213.839270
210.362984 213.914330 226.738136 233.708996 230.605941 223.366104
217.321512 212.827212 207.446458 206.069864 208.909849 224.559687
237.313598 236.446942 232.698572 229.375061 224.209917 215.902340
212.047085 204.570959 201.216593 197.722024 195.549874 198.854014
200.396906 208.302436 218.060521 225.558227 223.233427 228.792609
233.454377 229.106619 230.307723 230.457356 221.906073 211.435834
207.616587 208.262327 206.699584 199.341736 197.848211 211.099466
234.661988 234.784171 217.692877 220.128033 229.019699 226.133997
224.551002 235.258498 243.033271 233.163131 215.852331 213.187389
208.219548 193.505239 184.899416 183.588425 184.896857 182.716118
183.270970 181.825649 173.920247 170.407213 164.993214 161.610238
164.528540 163.417636 166.476302 170.046408 173.413682 176.539486
175.240438 178.677155 180.441404 179.288122 178.678740 174.598921
169.602475 167.072461 164.252829 159.269230 156.807014 156.649610
154.898090 154.749871 157.312368 157.739440 158.622865 161.516690
163.554976 159.885175 165.273918 174.190950 172.242083 167.979993
162.860649 157.764135 160.255241 162.776816 160.741710 163.725403
165.643847 164.318972 164.228431 174.044828 190.726094 201.741330
215.084049 231.297896 244.295772 251.453327 248.646717 239.637517
234.800664 234.433624 236.923733 223.876915 201.295260 195.059745
203.635836 213.242819 225.141337 224.274401 204.610147 191.419681
187.477696 183.333402 173.777292 162.611615 157.014076 161.447792
162.844968 161.545743 159.158962 155.659576 157.794582 163.118661
170.811902 180.253531 187.014729 186.513559 184.124345 174.659977
168.074876 164.741871 154.548142 148.368606 145.884492 146.165527
147.450449 148.328087 147.765986 195.034929 198.155947 202.654508
205.721968 217.539567 230.771496 241.663405 250.231047 254.007571
256.169025 246.502307 236.048644 228.888687 221.725940 216.301867
215.059736 217.000650 211.071419 202.963109 205.368687 228.266195
250.463165 256.327275 241.376775 232.164985 230.176868 219.155680
214.127255 219.247869 240.398069 248.993921 239.174083 233.587553
236.859379 233.000836 221.697001 217.333219 211.799782 207.729788
203.915112 200.291615 200.281591 199.533041 210.767388 224.272204
229.173202 229.840463 238.734416 246.459143 238.599571 230.228974
230.801941 230.312749 220.653726 217.366201 224.034575 224.765984
214.507066 209.371022 218.828737 232.073767 227.105244 215.467169
222.368436 227.759717 221.036256 219.014375 231.729753 234.662009
218.490171 204.210589 207.018561 208.693630 194.997003 182.208341
174.009301 172.696616 177.273133 181.004396 179.547567 172.938221
167.200005 164.371345 163.940923 164.489262 161.949582 161.968104
168.810789 175.467885 180.402421 183.449706 184.428027 184.299015
183.457296 179.838015 173.057687 168.630652 166.171318 162.025352
159.326032 159.164272 156.217179 154.083422 153.534713 159.999409
166.816807 166.329323 166.522175 163.111483 159.305843 168.048382
173.439439 172.462587 168.401178 161.081015 157.294801 161.485842
166.509223 161.555551 159.812980 162.047377 161.535071 163.930706
184.187763 213.246575 224.760189 237.669374 261.125950 265.118018
265.233955 262.106759 249.142894 237.308557 232.655549 236.085092
221.314924 202.029392 202.869076 221.234590 230.713223 231.106757
223.892955 206.355296 202.075089 200.122777 187.498292 173.409095
159.533697 151.779751 156.561452 161.827134 166.184278 166.162376
161.015848 162.347308 168.164870 174.275405 180.429768 190.067689
196.475296 192.462685 177.574024 167.438065 160.111756 149.214933
146.905255 148.643372 150.328511 152.202258 154.454169 155.085326
198.196824 203.204838 211.073836 208.209096 212.709877 227.268876
232.463687 231.726983 228.910801 236.954258 236.802453 222.424638
217.098299 216.060189 212.992106 212.200713 211.367321 210.352861
203.417172 205.155718 226.545189 250.133010 264.128476 259.269510
249.373260 240.681201 237.460384 242.907985 251.436924 260.200686
258.732465 246.223929 242.498410 254.160348 250.845701 236.360697
230.084065 227.669551 223.606127 212.945451 205.696800 200.165834
197.236811 213.273942 222.109655 220.004153 225.706277 235.617069
241.481556 232.483671 224.613214 227.904185 234.227119 229.996475
222.003018 223.592854 233.473581 240.895468 236.187929 229.328571
225.456365 216.624290 209.503652 211.674566 212.246060 210.862606
213.143838 219.006761 216.229865 205.597885 197.593218 202.363406
209.134335 199.844198 186.390655 176.615130 170.693263 172.426178
176.419356 172.698364 167.265553 162.506618 164.217921 171.215448
174.215979 170.434579 167.167447 170.951889 178.095649 185.180135
188.335899 188.187436 186.526590 180.967854 177.250864 175.153750
168.302221 166.370519 167.780528 167.214104 164.844121 162.409760
159.141715 154.986060 159.356457 164.694097 163.019977 163.605955
163.501407 161.698606 167.327066 169.586084 169.833580 167.123608
161.969566 160.833766 160.270121 159.806798 155.469450 153.457379
156.102795 157.879008 162.310799 182.767747 214.424426 236.607526
247.610817 257.946722 251.774354 254.641149 261.643889 249.841772
238.998930 231.682859 227.144037 210.823513 197.303997 200.777837
215.062177 222.705343 225.555003 218.157388 200.925883 198.502578
195.765166 183.180527 176.188931 165.878500 156.823243 156.684312
158.306008 165.541171 167.297892 161.897407 162.579915 168.444164
172.190504 177.339480 184.935155 193.380641 203.237305 200.504558
182.739035 162.926176 152.447038 152.532153 152.707539 152.735998
154.690898 154.053618 152.106719 199.396748 205.812070 211.117039
205.386422 206.214081 217.932393 216.356392 213.435253 214.964137
216.122419 216.887253 207.755053 205.757591 206.503472 199.867193
198.972841 203.395274 208.155167 205.359785 205.806771 227.529918
255.366505 274.058853 286.612301 270.031312 249.846756 252.425775
265.020464 277.447990 281.424051 279.591068 271.196016 267.012215
274.697773 268.676569 248.027468 234.759968 235.700226 238.524008
225.195915 214.249684 202.414813 193.945420 206.070566 214.997630
215.672609 225.360241 228.940725 226.177776 223.574215 221.730759
222.415711 227.530215 227.516631 214.376068 213.546110 233.280066
247.147750 242.328053 232.682392 228.333217 216.349614 204.909292
201.964396 197.245007 197.306896 203.900628 209.921342 208.168309
203.242099 196.294115 195.847522 199.460352 192.157594 183.229648
176.076833 168.584686 168.570492 171.379111 166.562549 161.301989
160.085814 165.876994 173.642750 176.872387 172.299587 168.612196
170.300060 175.651271 183.617739 184.025087 183.779033 182.970269
178.003200 182.394533 181.674451 176.661058 174.950492 173.099444
176.178138 173.781255 171.434523 166.052475 156.684850 155.073805
157.584924 156.116402 155.527298 156.094620 155.170465 161.758388
163.496673 160.939158 164.864916 166.357710 164.061637 161.611147
157.379579 153.218783 154.769919 160.667692 163.215452 166.795663
182.877076 198.324851 228.130661 241.075762 237.300626 261.944048
285.860079 287.534985 259.767070 236.273138 226.439103 218.903906
208.835242 196.106799 192.228929 196.895994 207.730641 218.948623
210.536749 189.015528 179.594082 181.751882 181.456351 178.814387
171.568829 163.104819 158.702827 155.650291 163.813215 167.136991
161.948169 160.016608 164.028642 171.086955 176.406802 175.776552
182.402190 204.591359 218.090433 201.579656 174.910546 165.585501
164.551157 160.970999 160.049348 164.005707 159.438273 152.311995
199.249800 199.742846 198.412632 201.499578 206.089213 203.116083
201.660258 211.737981 213.514422 204.445134 205.184707 202.635041
197.858755 197.442642 194.013271 193.039701 196.484417 202.352795
203.550930 205.843905 228.782400 265.325276 293.084486 301.168914
276.685274 262.219600 281.014302 292.711122 288.907333 282.949756
285.729800 294.152738 288.216496 276.934255 265.578451 247.036853
238.799964 247.520121 252.800241 239.340545 219.421296 198.108768
188.659835 194.890348 201.773112 216.015480 228.496722 221.202245
214.111808 219.088608 220.972395 218.482925 218.414737 214.845212
204.291826 210.389635 230.806271 243.289431 242.865292 231.609645
229.004530 223.288003 208.062199 198.799205 190.804467 187.024340
194.829134 199.049016 197.195831 199.062313 194.790184 188.691694
188.045185 183.311320 179.617701 174.833289 167.275103 167.864962
167.736689 163.768018 162.031462 162.806848 166.375213 171.479110
175.335781 170.792155 170.362345 175.459486 176.605632 178.562292
178.870123 178.911200 174.787048 169.590356 178.851622 178.688653
178.447661 181.832182 177.883552 179.953430 179.167092 176.156994
169.830443 158.442566 150.106707 150.860983 151.676358 152.813277
151.238624 146.944528 152.473632 158.398462 158.086247 167.554131
177.648660 176.103600 174.270490 171.110547 162.311057 158.758702
163.236543 169.585463 178.539359 194.126647 203.482902 230.681785
241.516439 244.425606 277.060314 292.890963 285.244312 256.103534
232.108135 219.379428 209.865424 204.021346 199.232719 192.753974
187.820551 192.939559 199.614242 192.773106 175.672321 168.723272
175.970541 179.285374 175.790629 168.834061 162.607979 158.645712
158.152828 163.699709 167.339689 164.156534 159.502478 164.457414
172.637256 179.813655 186.010163 188.918167 200.451009 219.566718
215.551726 192.146571 181.534699 177.587808 170.894190 166.898053
169.005552 166.237007 160.663977 199.133246 196.291740 199.371157
208.155250 209.971195 209.147515 202.171189 207.095931 213.907788
202.984371 198.521687 193.337760 187.093049 193.004279 196.064997
193.879501 192.529514 195.931472 201.584302 211.591942 233.020106
267.766635 291.629859 289.220240 273.972821 277.710645 317.415032
330.831785 309.812590 291.644626 302.587907 310.598103 291.309388
278.651880 261.892467 248.605630 256.158879 270.327628 277.653968
258.307460 221.624505 197.046561 190.466361 192.904160 196.994040
210.149481 213.941470 207.542296 207.379106 212.130723 211.292457
207.516067 205.673330 199.555809 193.845760 200.314424 217.357796
229.848651 234.947000 227.224919 223.764149 226.246360 213.052120
198.526588 187.055232 181.830515 187.470786 190.612133 196.352715
200.023863 195.651528 193.333860 190.772891 189.234194 186.514002
177.025696 170.149180 168.515808 167.758765 167.445804 168.858957
168.820160 167.668539 172.601493 177.944818 176.620176 177.419198
179.916964 179.936491 177.490242 179.785226 181.246322 174.510016
167.818011 168.720241 169.329573 171.332033 178.172306 179.303027
180.511695 180.500656 175.704715 171.366338 159.442396 146.610114
146.199149 146.798191 148.040123 146.087286 142.620369 146.273986
151.608764 157.676779 169.115402 175.786811 179.817258 192.100035
188.036828 171.018159 168.408619 167.463677 170.577539 188.411722
206.502828 208.639456 223.676774 232.350935 231.721558 246.665399
248.966810 246.905403 245.628310 234.034521 221.150785 208.407309
196.193899 195.961448 190.984619 180.040154 178.691790 180.650329
180.368779 175.983084 174.524993 177.815041 174.222535 171.745964
170.900409 165.111789 158.967016 158.038187 161.073424 164.156832
164.139853 163.410271 165.857069 170.784062 187.321484 206.998519
209.270699 210.524926 226.795268 222.649468 199.207498 191.491099
185.086052 174.123381 168.590109 166.942282 164.720577 162.947350
202.817157 198.522287 198.750089 204.214333 204.642043 211.402328
207.753597 213.019099 221.675872 205.751183 192.422530 182.551177
178.167244 185.638191 188.797702 188.788957 188.781905 190.094042
205.104328 222.379386 237.762026 262.690737 284.227507 286.176866
295.200956 301.686726 318.343379 358.290167 369.767072 354.407319
346.761550 317.459456 292.866516 302.926168 287.962327 271.544789
289.164513 299.373823 285.582259 259.335409 229.087413 205.545285
196.917988 203.317738 209.188654 208.332087 200.439523 197.734742
202.952858 203.676841 197.952618 195.138285 196.733097 194.611140
190.316204 191.574537 198.109165 202.226209 211.404347 218.439658
223.081197 223.980569 208.876885 195.628328 186.719019 182.827448
185.570745 194.063769 210.541966 216.544446 208.745058 206.573830
206.862139 206.246408 198.752400 187.501538 183.225057 176.498507
173.761123 173.007088 172.111426 171.750337 170.488531 173.226237
177.855887 179.591016 178.170620 180.446740 181.867539 179.339528
180.550550 181.829066 181.088567 177.684859 171.484967 168.973483
168.691793 172.007237 173.865901 175.142875 179.528328 176.057960
170.543963 158.541265 145.206689 142.758529 141.965933 141.503093
141.247028 142.980184 144.311727 145.355989 153.793318 163.653107
168.821092 179.020338 194.968946 191.764577 183.412792 187.710040
185.027349 183.701481 192.743551 206.655672 217.604909 224.593645
217.568875 206.601180 212.257925 215.630143 217.451595 228.395597
227.332157 214.371999 199.178337 187.244559 188.215149 185.915773
176.363563 175.804395 176.735329 175.022343 177.160872 176.000776
174.670709 173.079120 170.529654 171.544710 169.668366 163.282780
160.594626 160.299466 160.777355 165.468915 170.549645 171.405997
175.173834 197.105070 217.531484 215.062911 213.869734 229.346317
213.327033 184.436106 186.184877 182.125903 170.887742 168.550500
166.422204 161.641634 160.324846 194.092478 191.900763 187.395604
190.539953 197.184445 203.849686 206.471468 211.777904 214.573041
200.737900 184.136008 174.822043 175.916101 180.713156 182.976927
183.119446 184.624974 190.221095 206.390228 217.660623 225.048605
247.224305 276.375772 294.897323 313.956695 314.871794 320.834199
387.838595 428.630621 418.388731 378.741396 323.847864 296.870124
295.855856 294.617569 281.018668 298.546365 313.510076 279.836537
243.692032 229.687217 214.863556 206.180965 211.992614 217.488994
210.099843 194.031901 190.595209 197.084476 196.453920 190.001988
189.313194 193.773799 195.675921 189.762027 183.792132 181.400979
184.881011 194.815611 203.960785 212.500507 208.781355 196.570578
193.976506 192.557907 189.042583 190.145963 199.207977 213.711306
217.812390 213.090083 212.893384 217.599907 222.692471 212.762894
203.717909 202.475569 194.714873 183.361508 175.553151 173.721839
172.781109 173.000640 175.054483 179.577703 178.658282 174.863064
179.935413 181.121770 180.341879 181.857563 182.492611 183.999637
182.198541 176.924220 173.954598 172.595485 172.073092 173.959544
173.869954 173.265704 171.733790 167.270410 156.604900 146.609429
141.805504 140.540390 139.483807 141.339423 145.507180 144.633564
144.151938 151.987162 160.386925 168.596380 180.059205 188.188286
189.345775 191.063701 201.844362 215.585399 220.821141 204.096397
196.477832 218.503365 226.234378 209.792682 199.477606 199.037354
195.850798 198.064690 209.573124 209.815618 200.832173 191.219867
184.885685 188.844425 186.973636 177.208080 176.016027 175.595571
175.875733 180.079058 178.655611 178.618592 176.356132 170.892467
172.390428 174.357491 170.968838 167.235810 164.486978 164.528782
167.068432 169.734321 172.600166 177.877617 194.416821 212.061659
214.572337 216.795867 223.849296 203.275230 175.356584 172.308421
171.200676 164.604841 163.266136 162.360543 160.872232 162.167163
187.467543 187.595888 185.802273 189.079238 195.366199 197.195081
196.040913 195.491111 197.208596 191.964696 182.041271 176.676011
179.516301 187.693198 190.976604 192.141736 191.198874 194.820744
203.982862 208.123539 217.929480 244.270927 284.288946 322.039848
329.445644 318.567623 327.209623 374.185057 417.983574 414.923127
379.222666 341.364312 302.345389 279.023777 280.610115 274.407591
290.231637 306.302253 281.571304 246.867243 230.359893 223.967910
215.961391 214.952483 221.478082 213.648164 194.893817 184.110476
184.102752 183.431378 178.432224 184.114546 194.076574 193.670670
188.098132 181.583201 177.845498 182.967894 188.398913 194.266287
201.522158 196.249554 191.367323 197.766970 196.780049 191.613914
193.562026 196.355462 204.416884 206.165917 200.934897 210.251743
217.784430 217.792074 207.302740 202.470899 205.000753 197.821123
186.528311 180.712672 181.063715 179.873852 179.135225 180.573157
179.087033 174.204689 172.133245 173.201802 174.591806 178.943465
183.180453 182.426572 182.537984 183.231258 181.137666 181.282751
180.110735 175.281719 174.070199 175.559467 170.976024 167.209035
165.636184 158.192875 150.500018 144.296010 143.440189 143.694635
147.477430 151.061593 146.619369 144.829061 153.899522 160.825435
166.861234 176.814855 183.629539 189.005828 188.098291 200.177321
222.350839 226.708607 204.694631 193.159310 205.397326 205.984952
197.348317 191.830748 188.265839 184.274458 194.697579 205.682130
202.221207 195.396706 196.067222 199.241148 197.816342 192.855730
185.885518 184.012955 182.272834 188.223558 191.530503 186.781871
182.712704 176.254922 170.545275 171.905215 177.220119 178.689831
173.532070 167.757129 168.472977 168.055480 167.397824 167.258835
168.921936 188.579339 216.451973 223.847708 222.913660 221.236109
204.963236 180.857187 166.634690 164.538213 163.742684 161.203301
160.429780 162.231846 163.346350 194.103219 193.078652 191.843924
192.323362 189.168846 187.430054 188.747049 187.484983 187.424409
187.846939 187.305662 187.594309 186.803439 192.420665 196.068677
198.532705 199.170652 196.815868 204.045560 217.433849 227.140665
247.583806 291.665831 340.302229 342.953389 334.833310 351.757476
374.781013 411.896235 400.290447 356.054178 322.746173 291.342613
277.183443 276.146188 276.565853 286.140362 295.030314 280.325657
255.308977 237.827909 229.589849 224.106026 226.885523 228.089973
215.679236 201.210034 183.170252 175.076684 174.390127 173.987306
184.196465 194.673669 193.212650 191.032829 188.307973 183.617029
186.279738 190.530341 198.457097 206.958889 201.528716 198.065121
199.790092 193.688332 189.269577 195.181803 196.335672 195.079455
194.934879 190.615999 195.453377 201.028498 199.177272 189.888928
191.518231 195.012887 189.690476 192.931070 192.192932 188.634343
186.398590 185.001822 183.326449 174.709667 170.290699 170.700534
168.664858 169.098289 175.372179 180.619905 180.283386 178.216569
178.269702 182.050891 186.878880 184.273174 175.361218 172.342759
173.998510 171.872719 166.917506 162.866970 158.904137 152.808021
147.159257 146.227181 147.504850 152.294618 156.994295 151.095282
148.802793 159.132360 164.175293 168.811137 177.330675 178.914839
181.582133 185.869966 198.920178 206.239124 200.778028 190.580650
185.745654 193.197025 192.716983 188.281480 185.088503 180.299396
177.133092 186.690039 193.486937 191.496632 193.978643 201.111432
204.492003 201.273096 197.821138 198.207293 195.045835 189.569147
196.816479 196.635128 188.579079 185.116805 179.500624 169.559706
164.930729 171.788186 181.249468 181.166656 173.299522 168.645836
167.735384 168.135998 164.626140 162.475952 183.521448 225.953674
231.062737 208.778165 201.473486 191.381356 178.444796 167.466593
162.685195 165.673437 165.731317 164.979400 161.609464 156.873799
198.544659 200.484882 196.450602 191.523946 188.509231 185.752966
189.100052 189.589162 186.312175 184.061571 186.590749 194.828060
197.533898 197.112537 196.438003 202.236173 204.554910 197.878888
206.087229 222.263766 233.682646 253.561861 283.813420 326.598502
338.210844 347.341023 371.831883 380.672392 395.904470 375.673710
335.247891 300.895778 280.868604 273.884122 274.476007 284.123994
291.227064 294.627131 280.355888 261.266563 244.784017 235.180384
230.240171 227.706959 226.068867 213.872608 200.103133 184.887622
173.826048 173.176193 177.470043 185.938898 195.773614 195.869934
193.853592 193.868173 191.045234 193.981353 195.086710 196.537597
203.776697 201.426149 198.097619 196.391324 190.838297 192.551252
200.324681 199.550578 189.202728 180.372295 179.990565 179.531925
182.555244 186.715225 181.005632 185.939101 191.206620 190.467235
197.122927 198.307973 196.879667 196.294849 195.328198 187.300088
174.333711 171.003465 173.065240 172.897700 169.290369 170.924695
174.455593 173.898041 172.482871 176.018861 186.280972 191.616901
189.959831 179.932815 174.012026 171.949813 167.891401 163.913047
158.776780 155.596860 153.691076 151.159101 146.290748 147.563641
152.781175 157.089648 153.314308 150.293878 158.133895 162.063010
168.428461 177.472340 176.323480 174.296281 180.893941 196.349789
201.223803 193.274889 182.230407 173.937143 178.899918 185.314774
187.731783 183.198443 176.652258 176.373916 183.130354 186.372738
184.942028 190.930507 192.819498 191.457229 196.453467 197.924937
197.337480 197.721395 195.460262 196.939317 193.438633 187.164427
186.960706 182.513604 172.167129 165.080562 168.938950 178.370942
180.246455 174.193924 165.938554 165.509774 168.944750 165.347983
163.245469 175.452499 208.209669 222.322668 204.541492 183.827068
171.770961 171.132870 167.680949 162.777186 162.086039 164.832081
166.331556 159.671000 154.179701 201.219344 204.883186 202.376300
195.153403 193.873849 192.623759 191.018065 192.734095 191.830388
186.361443 187.234787 192.972347 196.607447 199.637358 202.490887
210.181001 213.449871 205.431779 202.945606 210.560427 234.713578
262.811299 269.942841 294.721563 325.916241 346.088466 351.017750
342.454706 343.489146 334.841001 324.575125 304.799477 290.710545
301.390526 316.208789 316.260262 308.712950 312.755089 300.028468
269.665550 251.720346 245.181697 229.672153 210.332262 211.038417
210.880285 199.546376 184.570457 170.670096 171.753823 179.416309
184.942936 194.130988 202.937094 207.245820 205.351201 198.273801
200.469180 199.223693 197.119384 202.252097 202.216021 199.922070
195.651016 192.528439 198.618440 202.952722 195.155390 184.055890
175.593370 173.572271 172.437256 173.762573 176.824386 173.775647
179.333189 189.784857 189.833218 190.998073 200.837307 205.609395
203.517244 200.992229 189.861583 178.682105 173.505908 174.386252
176.513125 171.775482 168.161902 168.848221 169.229539 172.025557
182.641456 194.005308 198.255673 201.090675 190.862744 176.436608
169.608017 164.291227 159.887389 155.047297 151.765154 151.784814
150.655721 142.911579 143.322383 150.848853 155.191728 154.775451
149.970273 149.876001 153.343710 161.255533 174.845105 177.055655
172.724302 172.826484 179.943456 191.877538 188.675871 174.136325
166.902544 170.736725 180.345591 187.477805 185.586780 178.608684
177.885692 181.896344 186.010226 187.886051 185.873720 182.111568
184.144401 191.168757 194.336358 191.712771 194.726352 204.464677
203.270866 192.522752 189.664782 191.104532 186.514642 181.258805
174.648300 173.761983 177.234228 174.846960 173.822046 169.525292
167.706378 169.966083 165.608023 163.615282 171.981627 190.072568
208.053631 210.744821 187.443102 166.129388 164.220313 163.901324
163.081718 162.182068 163.680605 168.423295 161.501778 152.277144
209.731158 207.753396 206.965238 202.548064 196.691217 197.785372
194.185829 192.059871 194.924411 193.927158 197.461869 199.835003
196.774383 203.961575 213.832110 218.180791 220.564364 215.346674
204.732334 207.021203 235.628130 263.374132 272.048625 292.013619
321.320301 342.175651 340.207007 329.433784 323.476396 323.196033
331.926163 320.370548 313.343551 341.112718 364.581758 351.450765
332.057854 335.010344 315.281560 287.007085 269.575815 248.039103
227.703635 203.584884 200.321539 202.899695 193.057289 179.575573
170.088624 172.523094 179.738428 189.410944 205.024204 220.833824
221.428452 212.110057 202.441133 199.193160 200.944289 204.425468
208.396781 208.184584 210.841218 205.400300 202.500345 203.668876
197.323922 190.833671 183.122834 177.339183 175.077787 171.845157
169.983088 170.849039 170.181888 173.918551 185.837987 189.004831
191.750037 204.125486 205.494897 198.450197 191.222034 183.775878
182.451762 178.136074 172.484419 172.822448 169.575085 164.800874
164.988494 168.832334 173.565999 178.980164 193.990740 210.153067
212.585474 194.710077 174.974785 166.284406 160.905238 159.789707
157.308212 154.351472 150.588467 146.669547 142.713451 142.348598
147.100554 151.508986 154.824530 155.293033 150.451570 148.542170
158.798167 176.658134 179.447582 178.172708 175.420234 167.909530
178.769090 178.358992 166.566590 164.139455 165.714700 172.262781
178.797981 179.947578 179.491420 179.684468 179.654028 183.411118
182.199596 180.468989 181.525947 183.404036 189.476566 191.064788
188.274544 192.355284 204.266436 205.790060 200.049560 201.552591
200.986392 196.707432 192.157445 184.132973 180.534856 181.894079
179.459553 176.708839 171.614733 168.919597 170.798100 169.388985
166.492997 170.953699 188.263905 202.032338 202.421102 187.265172
169.084920 165.774130 166.843087 167.759734 171.528856 168.935002
170.778924 168.512279 160.184141 208.921786 208.332274 206.478246
199.854622 191.041770 191.391846 196.176802 198.557225 201.744025
201.777303 204.579895 211.156653 212.926141 215.750699 222.556163
223.867556 222.169456 221.151359 214.696947 219.061262 234.374291
250.286547 274.080160 303.924487 325.406873 335.667331 350.233834
346.014466 325.992660 330.612038 343.151510 332.207387 327.934096
353.447189 369.288093 364.956753 359.234296 360.410009 324.219241
289.314617 272.190444 247.856595 230.955302 205.856507 195.572021
193.399150 185.578048 180.447063 183.730257 188.512800 194.161146
199.740075 211.169398 225.114411 221.583795 208.809042 201.563732
200.441165 199.623697 199.785937 205.419210 213.066740 220.521805
216.568447 215.792566 210.556519 195.979510 192.096485 188.429752
182.409358 178.077449 174.462515 173.742711 174.224322 172.880208
172.385962 179.516197 192.304160 201.518035 210.322397 206.446886
193.645525 184.489120 181.164310 187.115025 186.287817 175.351286
171.073265 167.523473 162.363639 162.413429 167.499199 175.699686
181.116811 197.129942 217.181312 212.981928 190.478649 173.679439
166.471270 162.600711 161.959228 161.065434 158.886861 153.366107
148.230541 146.205485 145.508276 146.357984 147.835075 153.180148
162.106899 162.583868 158.022347 167.437773 183.422585 183.848895
183.862986 178.140798 164.624133 170.812868 173.346305 167.040898
162.671056 159.093656 163.032914 173.831867 178.238659 182.219201
184.068712 179.961936 178.172353 173.984612 178.181913 184.876905
186.789760 192.610241 194.419267 187.653181 188.352494 200.876755
213.213212 221.765161 220.646443 210.994943 207.204295 197.757976
186.318952 182.883930 184.284420 186.871860 179.642767 169.220026
169.197774 176.132255 179.584061 174.712794 174.546344 186.497037
191.322770 185.515875 179.584974 176.419896 174.169165 175.524249
176.156111 176.106736 171.552328 171.688453 174.261605 170.758495
199.014033 203.552708 203.936545 195.025530 185.284175 184.492871
196.375060 205.945398 207.090838 207.956996 213.507639 222.756182
227.909729 226.005475 226.989358 226.616032 230.728744 228.400362
224.985009 232.755186 231.119063 238.033857 270.533567 304.702050
320.398999 328.480444 349.908413 342.757848 320.138639 328.937449
337.707975 341.347752 344.458017 352.860423 381.819273 384.059500
369.367702 366.517400 330.773282 287.762188 263.489618 247.762537
229.209776 207.216692 195.739055 192.349056 194.043760 198.945250
203.368421 206.981249 209.678788 205.457932 206.733399 213.854305
218.359963 211.402940 200.905927 200.290872 196.642859 195.164037
206.244827 225.261876 233.079635 228.736038 221.954068 213.700070
201.063395 190.799220 186.806929 184.372046 180.199139 177.834437
177.493976 177.761944 177.573669 171.900886 172.220517 187.797089
203.270613 212.295844 207.463227 192.090588 185.473817 193.626617
202.648186 196.549402 182.283100 171.713155 167.846910 162.327870
162.292823 171.332890 178.930509 189.861061 197.688880 201.984783
196.872769 181.093047 173.474614 172.491846 169.466131 165.277871
162.624175 160.162605 159.802751 160.935081 157.601355 152.693059
150.687761 150.634539 153.392184 158.911884 166.478679 168.040940
170.279884 179.057366 181.701484 181.151172 174.676155 164.155739
163.631777 166.501158 165.300062 163.769014 163.899328 167.394569
179.533190 180.406242 178.199573 181.298490 175.773048 171.194028
169.566822 176.065735 182.939653 183.935062 191.514330 196.103954
191.761887 192.927091 206.426524 220.022458 229.504716 227.018788
213.800284 208.868890 196.842910 185.869098 185.525615 187.585346
189.645561 184.290204 174.207887 175.051874 184.990481 187.451992
182.501684 178.740929 181.525424 184.601628 178.281386 173.020499
178.709015 177.182464 175.697695 176.260718 169.714779 166.430483
172.741648 178.425478 177.639265 192.652196 195.094720 193.016798
188.770679 185.871868 189.960930 204.357874 213.274968 220.096499
225.197566 225.535527 229.242074 229.075843 231.501288 232.815928
229.868440 237.831985 233.112158 229.591639 235.993447 234.802908
250.383769 278.803852 302.699597 309.065511 305.135980 315.566649
321.486834 315.625129 319.174548 325.129874 339.433922 347.412450
348.043475 378.382016 385.529361 360.729878 337.023643 310.824005
293.044273 270.778317 241.302381 221.411635 212.351781 203.801507
198.494772 205.965453 220.200295 227.699181 226.846553 222.402035
216.188877 213.483935 214.272001 219.580145 218.011269 205.270530
193.921766 193.018163 197.516282 207.356727 227.715538 236.350238
230.784304 219.936209 207.925681 201.080372 197.840556 190.477554
183.819770 181.480697 179.085280 175.666512 173.502101 174.346094
173.469254 177.305178 187.435498 196.003062 202.098784 203.767401
198.836024 191.347117 198.373234 209.317728 198.141344 179.990663
169.637708 166.255980 162.935333 164.346887 173.633215 179.814275
183.725132 184.469188 182.449204 180.444694 175.094472 173.199384
175.323105 172.893004 168.964641 165.323458 162.760501 165.742596
172.127330 169.882235 161.958990 156.984199 156.310349 154.227214
151.908677 159.441636 167.661431 168.949464 170.988993 174.812666
175.302328 173.645797 169.196804 168.014636 172.071791 173.202764
172.044470 180.061157 185.179198 182.081502 175.777881 171.517006
174.351199 171.072710 168.073787 167.377297 169.232162 172.329958
175.263422 185.906302 191.882620 194.697503 201.777147 211.273364
219.862860 226.599581 223.118066 208.537230 200.769458 190.892267
182.252979 184.433143 189.045748 189.627132 183.354121 175.784555
179.777686 191.945467 192.884993 189.562437 184.727765 184.723737
185.876082 174.243772 170.303265 176.651173 180.416363 180.426744
176.066540 168.033751 166.415356 172.030668 172.967634 170.837012
195.494547 194.289919 189.640322 187.910443 194.352523 204.508495
212.002132 218.015305 236.765057 245.922413 229.490084 219.986534
218.496021 224.143393 234.002297 233.731960 233.861693 227.272880
227.003324 241.290670 245.100464 255.404411 269.935591 280.063499
284.572468 277.604809 281.778923 300.017394 311.217938 318.831843
318.650766 324.921413 335.196820 338.327613 345.103538 350.694411
327.357619 299.738970 293.462998 285.266079 271.052822 245.213630
227.418281 222.753078 214.375989 211.252611 230.267877 244.784806
243.684973 239.461384 231.156578 222.934907 227.755101 229.722763
223.904518 218.691012 210.989171 200.010212 196.524796 200.673917
207.767463 219.122986 225.254317 225.001585 215.699017 201.850677
200.017078 206.368338 198.776047 187.839815 184.625592 179.896608
175.567935 179.337695 186.541925 185.262174 184.711827 190.715276
192.090369 193.992941 196.700385 194.614706 189.239446 189.456787
194.167971 183.869808 169.130508 163.160849 160.552353 162.115811
165.722625 171.200043 173.839731 171.229718 173.220412 173.477535
171.795190 171.615794 170.383695 171.161246 169.889763 170.012145
169.678083 169.982654 172.841673 174.674960 174.349427 169.345709
163.897261 161.871044 156.295680 152.604593 159.853137 170.983663
174.758412 170.487149 166.479435 164.901007 169.192679 172.570953
176.504021 184.020679 188.384129 188.042452 202.987514 208.452166
187.224194 178.446582 175.080727 170.648152 168.226298 167.031035
168.568075 167.726924 167.708141 175.321377 182.733738 184.966631
191.769202 200.269912 210.077954 221.780263 223.696742 209.033777
195.320976 187.166204 180.567434 179.483478 181.451620 188.694136
192.424221 183.786147 173.481944 176.569407 188.408900 192.639782
196.056566 193.787587 194.097094 190.178144 175.817598 177.587545
186.412340 196.538826 195.919978 182.989801 170.042578 167.425250
170.664210 162.915633 156.266689 203.254517 200.508540 200.440674
204.808845 211.444850 217.927044 219.367684 218.912724 230.468900
241.501861 226.269493 209.341180 210.203105 215.731310 222.628004
233.892393 233.642173 220.298547 221.285678 238.989355 246.394718
245.202447 252.068969 252.380315 253.261644 263.920436 269.824014
284.396839 299.265350 313.558304 319.987657 316.537567 318.104683
321.770123 317.257251 310.646245 289.295822 275.454858 284.037941
269.933744 252.341590 246.591179 239.551170 230.557198 220.316168
216.543569 238.014595 251.929000 236.199614 235.111334 235.716752
223.649005 232.654084 236.870002 225.261575 217.318202 218.958834
214.415179 207.906082 208.786547 210.310884 215.377836 219.890615
222.143464 214.269367 203.087695 201.121111 206.762358 203.695607
196.025353 189.917676 185.445390 187.843712 197.780844 210.190671
203.295969 190.761904 190.346975 188.665752 186.960863 183.455633
177.210489 178.455732 181.046992 178.538971 169.998886 160.674460
156.231528 156.237404 159.328544 161.421676 164.353673 162.215175
160.289337 164.978165 164.472928 164.182347 168.112767 166.891487
163.761234 163.905467 168.805251 172.700625 177.274580 181.627706
177.433889 174.452563 171.155378 167.830371 170.480943 164.624121
160.462971 168.026313 171.484981 173.988847 169.686691 158.465190
157.842548 164.836153 167.426169 169.892939 178.391543 186.944055
195.927810 209.617984 207.852478 184.221001 173.900663 172.025820
167.910361 167.888550 173.098232 179.677527 178.269617 175.566483
176.683154 180.377882 182.955800 185.315741 190.943464 205.987986
213.919106 210.321134 196.001333 184.531170 179.358029 177.394924
180.970180 183.117722 190.113524 191.067259 181.523145 170.225156
168.605469 176.911141 184.582169 195.750648 197.608463 195.366935
193.585968 187.173158 189.079366 195.691678 200.653825 195.380609
181.131115 166.943946 167.436294 168.927293 164.389667 164.340822
211.072747 207.498808 208.454653 220.994450 228.100498 225.489827
225.034343 224.685343 226.477349 231.592562 224.582906 213.166315
217.458592 221.854176 220.748931 233.227973 237.077715 225.643731
221.045317 232.941820 240.809279 239.308466 243.194855 246.807015
248.193427 259.340796 265.609558 272.118794 290.741716 304.844597
312.468877 301.167486 292.108003 297.187980 291.254198 288.662864
285.432820 288.927513 285.564135 255.396465 235.357280 238.931060
241.554270 229.313127 217.856081 213.659790 219.510391 224.619154
220.271808 225.448883 229.772783 221.043086 223.470923 226.913168
218.057366 211.020721 219.416752 220.694201 218.972989 225.378926
222.142341 222.216127 223.652518 213.865394 209.186388 206.794639
202.495387 205.471599 207.550591 209.926588 201.616502 197.032739
208.729438 215.303553 221.036288 215.938142 199.824664 190.729912
186.142211 182.415968 177.167701 173.205698 174.677523 173.869855
172.160777 167.450572 160.092425 155.315632 153.829010 154.542358
156.429171 161.248816 163.181870 161.377821 162.671036 160.964566
160.525690 166.855239 165.579568 160.753606 162.486760 165.386565
169.787680 177.024533 182.190249 181.750937 175.136816 167.223553
167.200879 172.309721 170.421788 171.743451 174.639734 167.396406
166.080934 163.046926 154.261748 158.206498 162.712643 162.560120
165.064512 169.467610 179.099004 190.886684 195.409134 192.479894
181.413436 167.375116 163.087106 168.686156 174.438943 182.049140
190.830101 189.423673 181.346658 173.803605 175.806240 182.548971
180.827453 181.095185 194.491015 200.940647 201.452923 194.824355
183.620879 181.709277 179.727967 177.855986 182.236849 186.192274
186.071188 183.298371 175.743084 170.792087 174.191613 181.262382
192.494971 194.925925 188.590887 184.385500 187.137050 197.351661
195.805894 186.576182 177.711183 167.751154 165.268139 172.976895
170.380507 166.666170 170.280558 213.413401 212.823593 218.183228
229.448914 234.830632 229.219028 223.837602 230.325136 232.504105
232.553552 229.400460 221.656526 226.287643 228.126768 226.243017
236.620160 250.193036 243.158329 229.669162 235.618545 236.695800
233.280925 237.424401 247.224720 249.034598 249.336979 250.009697
257.039784 280.665554 303.100573 322.380321 312.336371 292.553448
286.888572 281.922594 290.286093 292.664569 293.180249 286.822471
256.984780 234.637076 236.819320 240.414411 233.587105 224.112881
213.537568 208.931816 202.927516 203.832592 208.138406 206.828155
205.214438 213.156182 216.335548 203.912676 200.553219 207.607518
213.499310 222.236614 229.213497 224.138469 222.628684 219.575341
206.370169 206.728928 206.893991 204.712821 206.418662 207.753731
218.256950 216.623723 212.795291 220.166684 221.440384 218.594938
210.652501 194.666456 183.364382 183.420406 182.250801 176.145718
173.431745 174.157828 172.276315 171.541809 168.375512 163.446567
157.923368 150.432506 149.681650 152.576696 157.808680 165.879025
170.664987 174.285507 172.908047 166.684097 165.011120 164.235614
162.628779 163.120089 163.662878 168.974565 175.058527 177.173733
179.126673 178.712758 178.826517 176.333839 170.702765 172.462519
181.374953 183.411531 173.040379 166.300325 159.156532 152.487328
157.786686 159.803789 163.123347 169.132051 171.804231 177.115596
180.721958 185.014092 187.557550 184.039367 170.405181 161.108362
170.826619 181.596345 185.793189 186.306611 184.897353 177.146490
169.545887 171.239034 177.515517 177.783237 177.026686 183.826772
191.163749 195.942864 193.391506 186.110494 182.391447 180.252949
174.891593 177.906750 180.620427 183.132623 191.885305 189.441432
181.119397 181.779222 183.758054 183.692532 180.435216 174.388584
174.467002 180.389171 188.785035 185.519272 174.672445 168.199970
163.002189 165.149836 170.854374 169.860162 167.993212 167.763602
211.669415 216.109390 224.254920 229.107852 229.119481 219.335409
213.344340 222.842749 225.813523 223.784687 221.682570 218.745283
224.730639 228.116594 226.161931 234.252799 251.490851 250.005834
243.906268 243.383073 234.011957 224.140554 223.352150 236.986545
241.431017 241.697387 246.525352 261.323072 279.513001 298.354373
328.203942 330.983243 308.275887 291.596830 284.932512 289.578543
280.913598 268.080204 269.564300 255.246997 243.099992 244.658569
240.632963 242.050973 237.926125 219.928359 213.339482 209.006972
200.872316 197.575154 199.574146 203.811969 208.775813 206.477530
197.875162 198.549468 199.465133 207.396034 219.275682 220.389365
214.965081 210.398081 204.127610 201.250263 211.861161 213.220226
206.588716 206.882347 210.073966 217.498895 220.503226 223.737992
224.225819 218.116443 216.829176 206.995427 188.307247 179.026071
179.611648 178.734837 173.244981 169.623403 171.648277 173.623819
173.157382 168.781387 163.140557 157.541757 151.979706 150.231408
150.910208 157.063440 165.032346 173.644508 181.196226 179.711444
170.564660 164.429810 165.477762 166.479951 164.607984 163.970190
168.323729 171.704877 174.100247 178.892016 189.198709 197.676555
187.731392 178.850451 184.040651 185.415182 184.421464 180.401275
172.567055 161.590500 156.035580 160.938855 164.789625 172.532037
174.791258 172.359809 171.903875 173.753571 181.906732 180.891536
174.601942 170.164074 167.022216 171.277621 178.799397 180.356826
175.189384 173.956120 170.891145 168.784521 170.534229 173.994897
175.384010 172.512598 176.114176 180.969193 183.735432 184.923161
183.784420 178.945110 180.625392 179.848825 174.416449 176.220871
181.223505 190.564530 193.046582 190.163426 192.458253 184.535877
169.287180 163.422414 163.399091 165.516188 168.370681 170.461138
171.122439 168.431276 168.382789 165.256412 160.593045 162.433213
167.728451 170.654883 168.806646 213.472265 221.391131 225.695651
226.734020 221.184869 208.233996 205.872604 215.309210 221.325189
214.728237 207.856326 207.667301 214.462830 220.268802 221.992974
227.222062 239.457450 251.696003 248.191765 236.870203 227.484098
213.412973 207.235261 219.366746 228.692375 232.324332 242.305481
262.998038 278.865121 293.124660 311.864059 318.740946 311.597557
291.458996 277.966984 272.055121 257.165109 251.072705 251.100107
242.410798 241.102849 242.006952 239.122049 236.839945 236.527280
236.830646 231.829835 220.368643 208.697697 203.634647 209.553577
214.188581 207.531120 204.340542 206.197517 206.031153 205.969576
216.960452 222.525556 215.484177 210.954224 205.661746 200.295629
201.250632 211.127509 217.679980 208.926571 206.304428 211.490731
215.455945 217.810250 224.542460 222.601561 209.439012 207.000224
199.886472 184.046176 176.884993 175.211127 169.821408 165.450049
164.308070 166.282162 168.930552 170.945396 170.488571 164.761193
157.503847 154.848290 156.711422 160.007026 163.465114 162.540837
168.008584 174.793593 173.206993 171.286076 167.897270 167.351885
172.383737 171.049928 165.916681 169.326252 172.671854 178.261402
186.435509 195.910932 199.102898 185.767189 183.119726 188.213713
182.945691 184.381361 187.207477 175.863984 161.829170 158.058136
163.804547 169.589745 172.813100 177.810506 172.557073 164.528822
170.927626 178.059608 173.958362 167.064253 166.798117 169.489765
167.709770 168.489520 173.618846 172.387129 170.511842 169.705056
171.041025 170.372089 168.761190 169.618301 167.606871 168.583011
169.961339 171.569558 173.178086 175.922476 176.272804 177.744944
175.662107 169.893381 175.408356 180.826156 184.137779 189.116337
190.377395 187.999642 179.745647 165.660699 160.567282 159.018468
153.604816 154.059284 160.018427 164.316116 164.628797 169.282747
170.261574 165.936384 167.558172 170.854058 172.051563 171.649197
0.000000 223.778103 226.670667 229.954410 219.810125 207.766624
209.664104 218.049301 223.944599 215.076136 203.998834 200.351820
206.363611 211.491868 216.250570 223.506990 237.086960 258.432822
244.656636 223.355758 220.468778 209.272622 203.864052 208.356576
214.761921 218.486179 230.943150 257.059293 273.787821 293.526077
308.949622 308.457086 307.221115 290.942157 275.075396 261.353713
245.410326 246.457371 243.758733 236.527043 232.672904 231.753738
238.971868 230.979484 230.718437 247.175511 241.606964 221.366302
210.816968 211.276430 218.601677 217.017503 204.796920 207.298468
212.706391 211.278795 213.283754 223.231204 225.134436 212.679756
207.237276 206.724564 206.144530 205.680973 207.644953 213.795297
210.790252 208.030223 210.523177 212.893173 215.105160 220.989822
216.976474 202.002593 193.004291 187.014091 176.739912 171.611300
171.487889 163.214849 159.546174 161.651355 162.702560 162.528977
166.437511 171.347469 167.038450 159.397888 155.915896 161.059603
167.522678 164.110689 156.875737 162.197591 168.845402 168.784493
173.533666 171.775824 167.883941 175.523402 175.819257 167.687230
172.855941 176.906990 181.827611 188.363899 193.189748 194.437227
181.269164 179.701202 182.213114 180.359124 190.388462 192.511229
175.005976 160.837015 158.390105 163.615556 167.725787 164.100472
177.207760 177.862922 163.223938 166.875150 172.632488 171.478182
165.940097 164.981698 167.111234 162.760253 161.858254 173.862916
175.488105 170.270116 170.157540 172.124689 169.914222 165.652761
165.945250 166.748618 166.451484 165.496427 167.475342 169.181112
173.666082 177.171279 176.133373 167.784316 166.081018 174.765776
179.651080 182.498138 187.861895 186.331097 178.002969 174.485255
167.484557 164.085217 157.380723 147.122710 148.643000 156.482935
160.820649 161.259146 169.501824 174.582929 173.704347 176.912839
175.126446 173.650176 175.097511
