-996 121 100.000000 100.000000
0.000000 17000.000000 0.000000 12000.000000
171 0.000000 0.000000 0.000000
0 0 0 0 0 0 0
0.000000 0.195201 0.195109 0.194998 0.194550 0.195048
0.196808 0.197614 0.197409 0.196542 0.195416 0.195938
0.196813 0.198334 0.199086 0.198407 0.199338 0.200744
0.201830 0.201862 0.201137 0.200997 0.201802 0.203367
0.204542 0.204681 0.205900 0.206389 0.206799 0.207278
0.207219 0.208191 0.209129 0.209723 0.208768 0.208084
0.208151 0.208381 0.208056 0.207662 0.208502 0.208747
0.208402 0.207548 0.207593 0.209539 0.211247 0.211367
0.210835 0.210788 0.210243 0.209591 0.209170 0.208653
0.210177 0.212096 0.212328 0.211583 0.210879 0.210083
0.209719 0.211334 0.211399 0.211072 0.211153 0.210186
0.209516 0.208523 0.208057 0.207459 0.206254 0.206113
0.205455 0.205080 0.206698 0.207899 0.206690 0.205931
0.205038 0.202272 0.199623 0.198508 0.198829 0.198703
0.199664 0.200543 0.201080 0.202501 0.202463 0.202733
0.204949 0.206297 0.205641 0.205709 0.207133 0.207162
0.206361 0.205839 0.204635 0.202572 0.202114 0.203393
0.203985 0.204500 0.205725 0.205962 0.204187 0.201737
0.200712 0.200383 0.198482 0.195827 0.193104 0.191157
0.191071 0.192595 0.193663 0.194146 0.195605 0.198376
0.200399 0.200587 0.201018 0.202379 0.203378 0.203124
0.203951 0.206192 0.206189 0.205319 0.205800 0.204893
0.203655 0.203483 0.202315 0.201246 0.201669 0.202742
0.204408 0.205981 0.207209 0.207717 0.208138 0.208926
0.208381 0.207584 0.208603 0.207834 0.204383 0.202684
0.202355 0.200763 0.198798 0.198908 0.198657 0.198100
0.197260 0.195850 0.196554 0.196871 0.196726 0.197344
0.198754 0.199605 0.197320 0.194192 0.194151 0.194082
0.193190 0.193504 0.000000 0.196517 0.195971 0.195414
0.195297 0.195656 0.196714 0.198196 0.198724 0.197664
0.196518 0.195744 0.195781 0.196779 0.198146 0.198539
0.198721 0.200012 0.200712 0.201114 0.201264 0.201749
0.202024 0.202591 0.203912 0.204728 0.205142 0.205671
0.205816 0.206016 0.206556 0.207455 0.208135 0.208698
0.209935 0.209324 0.208286 0.207929 0.207833 0.207416
0.207025 0.207548 0.207489 0.207342 0.207078 0.207395
0.208929 0.210430 0.210811 0.210589 0.210379 0.209449
0.208490 0.208339 0.208857 0.210805 0.212549 0.212901
0.212089 0.210912 0.210463 0.210742 0.211901 0.211957
0.211262 0.210745 0.209605 0.208919 0.208545 0.207992
0.206918 0.205813 0.205758 0.205250 0.204929 0.206614
0.207523 0.206075 0.205354 0.204559 0.202477 0.200176
0.198889 0.199018 0.199199 0.200064 0.200797 0.201421
0.202698 0.203058 0.203717 0.205011 0.205297 0.205334
0.206166 0.207063 0.206987 0.206695 0.205969 0.204016
0.202377 0.202966 0.204664 0.205323 0.204923 0.205030
0.205423 0.204477 0.202218 0.200760 0.199756 0.197618
0.195561 0.193675 0.192219 0.191903 0.193210 0.194310
0.195142 0.196974 0.198228 0.199093 0.199254 0.199831
0.201988 0.203319 0.203165 0.203582 0.205165 0.204695
0.204331 0.205066 0.204848 0.204663 0.203748 0.202429
0.201577 0.202088 0.203137 0.204138 0.206093 0.208107
0.208638 0.208493 0.208720 0.208172 0.207809 0.208402
0.207085 0.204016 0.201875 0.201194 0.200004 0.197952
0.197731 0.197467 0.196963 0.196321 0.194562 0.195005
0.195629 0.195604 0.196329 0.197511 0.197901 0.195844
0.193664 0.193726 0.193599 0.192883 0.193904 0.195678
0.196373 0.196842 0.196728 0.196484 0.197642 0.199229
0.199922 0.199991 0.199207 0.198372 0.198263 0.197512
0.197107 0.197418 0.197928 0.199456 0.200814 0.201246
0.201533 0.201906 0.203169 0.203417 0.203215 0.203557
0.204465 0.205636 0.205745 0.206202 0.206275 0.206272
0.207037 0.207589 0.208021 0.208791 0.208595 0.207909
0.207679 0.207499 0.206706 0.206229 0.206705 0.206597
0.206051 0.206178 0.207109 0.207947 0.208959 0.209107
0.208880 0.209626 0.208968 0.207358 0.207760 0.209184
0.210824 0.212107 0.212234 0.211887 0.210655 0.210820
0.211532 0.211403 0.212042 0.211577 0.210317 0.208473
0.207440 0.207692 0.207785 0.207039 0.205413 0.205174
0.205298 0.204750 0.205875 0.206583 0.205321 0.204204
0.203660 0.202690 0.200762 0.199700 0.199901 0.199449
0.199059 0.200110 0.201752 0.203025 0.203906 0.205137
0.205879 0.205586 0.206504 0.208061 0.208099 0.207961
0.207887 0.206019 0.203029 0.201968 0.203887 0.206419
0.207110 0.206452 0.205738 0.204959 0.204176 0.202563
0.200799 0.198926 0.196570 0.195584 0.195016 0.194201
0.193582 0.194187 0.195809 0.197245 0.198556 0.198595
0.198711 0.198753 0.199683 0.202014 0.202747 0.202714
0.203089 0.204054 0.203888 0.203926 0.204524 0.204720
0.204993 0.203536 0.202160 0.201887 0.202156 0.203137
0.203967 0.205458 0.208144 0.209215 0.208430 0.208596
0.208387 0.207652 0.208124 0.207024 0.203147 0.200336
0.199187 0.198049 0.196908 0.196732 0.196416 0.195809
0.195058 0.193512 0.193210 0.193057 0.193865 0.195106
0.195661 0.195453 0.194134 0.193419 0.193193 0.193234
0.192884 0.193334 0.194157 0.196005 0.196942 0.197789
0.197844 0.199028 0.200728 0.200807 0.200588 0.201126
0.201395 0.201243 0.200308 0.198873 0.198009 0.198367
0.199823 0.200922 0.201863 0.202858 0.203428 0.203645
0.203032 0.202207 0.201664 0.203168 0.205331 0.206617
0.208136 0.208414 0.207081 0.205930 0.206982 0.207653
0.206956 0.207157 0.207963 0.208630 0.208238 0.207127
0.206544 0.207029 0.206683 0.205092 0.204643 0.205865
0.206986 0.207314 0.207322 0.207726 0.209572 0.209669
0.208085 0.208935 0.210076 0.210186 0.210233 0.210430
0.211324 0.211404 0.212040 0.212013 0.210723 0.211360
0.211864 0.210309 0.207797 0.206650 0.207078 0.207814
0.208301 0.206617 0.204983 0.205508 0.205145 0.205319
0.205817 0.205170 0.203843 0.203184 0.202714 0.201317
0.200727 0.200618 0.199156 0.198086 0.199540 0.202008
0.203479 0.204211 0.205316 0.206516 0.207292 0.208364
0.209618 0.209976 0.209899 0.209010 0.206562 0.203887
0.203187 0.204646 0.207024 0.208341 0.208430 0.207783
0.206202 0.204524 0.202525 0.200340 0.198202 0.196353
0.195893 0.195838 0.195839 0.196146 0.196051 0.196882
0.198292 0.198303 0.198134 0.198839 0.199475 0.200595
0.201453 0.201796 0.202229 0.202548 0.203090 0.203528
0.203675 0.204292 0.204966 0.204338 0.203017 0.201398
0.201029 0.201914 0.203108 0.204335 0.204895 0.206773
0.208356 0.207939 0.208513 0.209262 0.209182 0.209029
0.206687 0.202003 0.199426 0.198305 0.196675 0.196154
0.196581 0.196281 0.195614 0.194926 0.193724 0.193061
0.192643 0.193413 0.194422 0.194847 0.194774 0.193901
0.193522 0.193567 0.194227 0.193608 0.192585 0.192721
0.196332 0.197334 0.198888 0.199480 0.200825 0.202280
0.201907 0.201746 0.202698 0.203617 0.203383 0.202472
0.201509 0.200683 0.200219 0.200839 0.201925 0.202434
0.203030 0.203479 0.202760 0.201945 0.201572 0.201380
0.203176 0.205355 0.206819 0.208577 0.208912 0.207027
0.205456 0.206342 0.207051 0.206285 0.206751 0.208495
0.209401 0.208704 0.208057 0.207475 0.207445 0.207076
0.204985 0.203787 0.204737 0.206688 0.207548 0.207773
0.208911 0.210600 0.210778 0.209878 0.210268 0.210369
0.209717 0.209439 0.210168 0.211188 0.212270 0.213612
0.213215 0.211984 0.211362 0.211246 0.209817 0.207260
0.206372 0.207339 0.207637 0.207732 0.207109 0.205770
0.206028 0.205480 0.205779 0.206193 0.204973 0.203968
0.203421 0.202648 0.201593 0.201278 0.200774 0.199947
0.199531 0.200351 0.202366 0.203951 0.204369 0.205126
0.206708 0.208412 0.210000 0.210576 0.210633 0.210177
0.209008 0.207556 0.206021 0.205186 0.205663 0.207663
0.209316 0.209149 0.208286 0.207080 0.204935 0.202584
0.200074 0.198102 0.196918 0.196072 0.196157 0.196654
0.197771 0.198220 0.198369 0.198719 0.197652 0.196901
0.197486 0.199045 0.200517 0.200450 0.200975 0.202031
0.202379 0.202019 0.201933 0.202588 0.203433 0.204278
0.203312 0.202307 0.201397 0.201021 0.202311 0.203477
0.204053 0.205051 0.206429 0.207175 0.207086 0.207694
0.208872 0.209727 0.209176 0.205209 0.200690 0.198895
0.197916 0.196364 0.195687 0.195638 0.194849 0.194328
0.194552 0.193838 0.193516 0.193680 0.193533 0.193870
0.194476 0.195190 0.194672 0.193404 0.193159 0.194003
0.193624 0.192751 0.192983 0.197752 0.199061 0.200896
0.201373 0.202400 0.204118 0.204351 0.204018 0.204426
0.204920 0.205056 0.203620 0.202394 0.201993 0.201434
0.202767 0.203892 0.203568 0.203333 0.203335 0.203222
0.202960 0.202611 0.202938 0.204866 0.206443 0.206946
0.207645 0.207562 0.206387 0.205396 0.205412 0.205745
0.205741 0.206699 0.208076 0.208645 0.208557 0.208427
0.207812 0.207189 0.206507 0.205087 0.204542 0.205026
0.206903 0.208631 0.208966 0.209833 0.210896 0.210873
0.210844 0.210735 0.208792 0.207579 0.208573 0.210331
0.211070 0.212394 0.213922 0.213890 0.213611 0.211601
0.209839 0.209053 0.207088 0.206061 0.206625 0.206294
0.206378 0.207343 0.207482 0.206930 0.205888 0.206283
0.206527 0.204922 0.203505 0.203315 0.203098 0.201816
0.201466 0.201056 0.200244 0.200349 0.201581 0.203061
0.204019 0.204915 0.205915 0.207354 0.209282 0.211369
0.212021 0.210952 0.209838 0.209148 0.208302 0.207381
0.206509 0.206109 0.207220 0.208797 0.208607 0.207840
0.207144 0.205065 0.202939 0.200892 0.199152 0.198121
0.197474 0.197382 0.197225 0.198678 0.199860 0.199946
0.199648 0.197765 0.197447 0.198266 0.199257 0.200614
0.200423 0.200545 0.201011 0.201065 0.201058 0.201129
0.202153 0.203428 0.203742 0.202725 0.201450 0.201148
0.201313 0.201974 0.203197 0.203399 0.204717 0.205458
0.204860 0.205221 0.205754 0.206407 0.207578 0.207607
0.203786 0.199628 0.198103 0.196790 0.195938 0.195421
0.194436 0.193274 0.192687 0.193889 0.194246 0.194105
0.194200 0.193879 0.194224 0.194414 0.194631 0.194555
0.193078 0.192034 0.192404 0.192291 0.191702 0.191664
0.199501 0.201023 0.202458 0.202794 0.204150 0.205588
0.205999 0.205644 0.204861 0.204396 0.204346 0.202964
0.202114 0.201770 0.201109 0.202386 0.203310 0.203160
0.203086 0.203655 0.204146 0.203824 0.203615 0.203945
0.205477 0.207161 0.207136 0.206224 0.205992 0.205778
0.204926 0.204370 0.204142 0.204582 0.206415 0.208073
0.208335 0.207843 0.207400 0.206778 0.206160 0.205494
0.205159 0.205134 0.205299 0.206778 0.208837 0.209655
0.210071 0.210426 0.210166 0.210093 0.209297 0.207504
0.206533 0.207789 0.210008 0.210669 0.211846 0.212983
0.213468 0.213834 0.211729 0.209017 0.207974 0.206978
0.206235 0.206131 0.205828 0.206563 0.207959 0.208267
0.207330 0.207038 0.207348 0.207033 0.206124 0.204318
0.203737 0.204055 0.202508 0.201429 0.201120 0.200244
0.200409 0.201941 0.203786 0.205276 0.205812 0.206093
0.206988 0.208936 0.211076 0.211551 0.210686 0.210005
0.209659 0.208344 0.207243 0.206982 0.206124 0.206138
0.207538 0.207886 0.206962 0.206732 0.205736 0.203700
0.201872 0.199958 0.198926 0.198907 0.199125 0.198840
0.199609 0.200209 0.200190 0.199977 0.198016 0.198146
0.199870 0.200161 0.200409 0.200563 0.200520 0.199807
0.199032 0.199798 0.200608 0.201791 0.203367 0.203418
0.202080 0.200538 0.200790 0.201439 0.201704 0.202731
0.203488 0.204610 0.204610 0.203448 0.203577 0.204195
0.204819 0.206068 0.205729 0.202152 0.198788 0.197609
0.196521 0.195453 0.194274 0.193486 0.193243 0.192956
0.194019 0.194389 0.193918 0.193983 0.194142 0.194214
0.194154 0.193864 0.193469 0.193027 0.192925 0.192960
0.192254 0.191649 0.191507 0.201454 0.202536 0.203326
0.203640 0.205539 0.206357 0.205691 0.205319 0.204359
0.203321 0.202196 0.201415 0.202068 0.202274 0.201280
0.201341 0.202120 0.202186 0.202460 0.203678 0.204354
0.203436 0.203366 0.203806 0.204826 0.206344 0.205750
0.205038 0.205322 0.205612 0.205577 0.205079 0.204258
0.204027 0.205288 0.206888 0.207316 0.206756 0.206301
0.205671 0.205440 0.205845 0.205829 0.205242 0.204882
0.206250 0.208653 0.209421 0.209206 0.209394 0.209825
0.209790 0.208482 0.207990 0.207582 0.207324 0.208808
0.210144 0.211516 0.212620 0.213062 0.212535 0.210418
0.207715 0.206566 0.206193 0.205538 0.205636 0.205854
0.206307 0.207183 0.207444 0.206928 0.207472 0.207770
0.207124 0.206333 0.204967 0.204029 0.203081 0.202244
0.201623 0.201234 0.200796 0.200827 0.202323 0.204512
0.206348 0.206507 0.205759 0.205891 0.207951 0.210709
0.210884 0.210344 0.210511 0.209976 0.208329 0.207001
0.206244 0.205415 0.205741 0.206894 0.207839 0.206749
0.205817 0.205291 0.203741 0.202331 0.200667 0.199498
0.199633 0.200547 0.200764 0.199820 0.199251 0.200137
0.200173 0.198331 0.198405 0.200248 0.200522 0.200078
0.200274 0.200323 0.199743 0.199050 0.199676 0.200464
0.200936 0.201672 0.201423 0.199958 0.199533 0.200717
0.201571 0.201621 0.202315 0.203561 0.204495 0.204885
0.204160 0.203344 0.203148 0.203963 0.204420 0.202903
0.200891 0.199106 0.197809 0.196749 0.195223 0.194109
0.193383 0.193249 0.193478 0.193999 0.194292 0.193844
0.193550 0.194228 0.194164 0.194203 0.194747 0.193769
0.193346 0.193842 0.193665 0.193691 0.194077 0.193990
0.203158 0.203853 0.204850 0.204836 0.205260 0.205310
0.204239 0.204571 0.204858 0.203230 0.201223 0.200999
0.202031 0.202289 0.201576 0.201771 0.202728 0.202909
0.202634 0.202899 0.204231 0.204678 0.204624 0.204581
0.205016 0.205609 0.205001 0.205191 0.205493 0.206208
0.207288 0.206658 0.206302 0.205874 0.205148 0.205001
0.205198 0.205724 0.206102 0.205840 0.205332 0.205761
0.205852 0.205483 0.205014 0.206055 0.208056 0.208904
0.208822 0.209714 0.210879 0.210661 0.210219 0.209519
0.208049 0.206772 0.207935 0.209838 0.211352 0.212240
0.212187 0.210500 0.208022 0.206419 0.205593 0.205410
0.204996 0.204917 0.205202 0.205658 0.206027 0.205834
0.205948 0.207057 0.207487 0.207253 0.205744 0.204458
0.204107 0.202899 0.202547 0.202654 0.202587 0.202440
0.202632 0.203892 0.205003 0.205726 0.206257 0.205258
0.204814 0.207095 0.210300 0.211069 0.210422 0.210473
0.209326 0.208234 0.207374 0.205840 0.205744 0.206534
0.207149 0.207796 0.207555 0.206663 0.205633 0.204382
0.203132 0.201878 0.200501 0.200608 0.202470 0.202715
0.200647 0.199381 0.200106 0.200604 0.199775 0.199443
0.199722 0.200205 0.200425 0.200082 0.200211 0.199972
0.199214 0.199085 0.199531 0.199828 0.200381 0.200176
0.198810 0.199393 0.200655 0.200662 0.200722 0.202189
0.203591 0.203970 0.204571 0.204388 0.203304 0.202458
0.202697 0.202587 0.200791 0.199875 0.199142 0.197432
0.196635 0.195586 0.194991 0.194815 0.194160 0.193568
0.193968 0.194395 0.193676 0.193024 0.193627 0.194002
0.194263 0.194986 0.194251 0.193169 0.193533 0.194295
0.194677 0.195435 0.195826 0.203706 0.204367 0.205634
0.205610 0.204764 0.203777 0.202986 0.203632 0.204265
0.203379 0.202140 0.201783 0.201757 0.201420 0.200681
0.201263 0.202450 0.202412 0.201916 0.201980 0.202894
0.204899 0.206031 0.205532 0.206047 0.206084 0.205221
0.204732 0.204484 0.205830 0.207543 0.206692 0.206826
0.207286 0.205676 0.204196 0.203832 0.204641 0.205378
0.205534 0.205294 0.205769 0.206094 0.206505 0.206337
0.206738 0.208575 0.209824 0.210383 0.211735 0.212122
0.210917 0.211248 0.210336 0.208280 0.207310 0.208093
0.209324 0.210234 0.210928 0.210228 0.208196 0.206730
0.206468 0.205698 0.205176 0.205403 0.205249 0.205022
0.205197 0.204873 0.204462 0.204754 0.206424 0.207695
0.208237 0.207029 0.205397 0.205206 0.205102 0.204162
0.203355 0.203687 0.204253 0.204730 0.204653 0.204863
0.204967 0.204930 0.204513 0.204749 0.207298 0.209721
0.209873 0.209859 0.209847 0.207906 0.207172 0.206860
0.206259 0.207488 0.208400 0.208202 0.207776 0.207956
0.207663 0.206901 0.205936 0.204165 0.203113 0.201621
0.201520 0.203904 0.203538 0.200970 0.199310 0.199547
0.200821 0.201129 0.200704 0.200176 0.200251 0.201069
0.200818 0.200329 0.199841 0.198575 0.197789 0.198564
0.199864 0.200783 0.200187 0.198745 0.199046 0.200194
0.200896 0.201293 0.202202 0.203141 0.203652 0.204527
0.204316 0.202797 0.202071 0.201744 0.201332 0.200195
0.198969 0.197563 0.196283 0.196392 0.195374 0.194541
0.194603 0.194284 0.193606 0.193701 0.194481 0.193457
0.192572 0.192970 0.193462 0.194376 0.195225 0.195023
0.193680 0.193784 0.194761 0.195085 0.195997 0.196516
0.204007 0.204434 0.204810 0.204617 0.203826 0.202612
0.202295 0.202294 0.202715 0.203536 0.203550 0.202640
0.201448 0.200745 0.200179 0.200439 0.201120 0.201199
0.201420 0.201654 0.201724 0.203299 0.204635 0.204232
0.204360 0.204355 0.204346 0.204795 0.204800 0.205569
0.206416 0.206148 0.206452 0.206626 0.205818 0.204505
0.203877 0.204381 0.204417 0.204371 0.205273 0.206563
0.207004 0.207883 0.207727 0.206827 0.208179 0.209905
0.211189 0.212262 0.211923 0.210601 0.210470 0.210138
0.209026 0.208181 0.208049 0.208214 0.208785 0.209484
0.207861 0.206053 0.206039 0.206902 0.206366 0.205411
0.205058 0.204436 0.204254 0.204188 0.204071 0.204238
0.204994 0.206342 0.207243 0.207535 0.207164 0.205918
0.205396 0.206317 0.205783 0.203865 0.203490 0.204379
0.204898 0.204705 0.205187 0.205279 0.204765 0.205243
0.206547 0.207868 0.208870 0.208476 0.208397 0.208776
0.207494 0.206297 0.205919 0.206415 0.207875 0.209021
0.208927 0.208143 0.208006 0.207494 0.206827 0.206351
0.205160 0.204346 0.203330 0.202986 0.203852 0.203251
0.200767 0.198575 0.198943 0.200527 0.201306 0.201585
0.201143 0.200470 0.201085 0.201568 0.200482 0.199256
0.198440 0.197737 0.198515 0.200215 0.200606 0.199741
0.199277 0.199355 0.199865 0.200939 0.201604 0.201752
0.202455 0.203636 0.204050 0.203854 0.203185 0.202358
0.201101 0.200133 0.198917 0.197501 0.196374 0.195769
0.195302 0.194056 0.193661 0.193150 0.193239 0.194196
0.194482 0.195265 0.194710 0.193626 0.193112 0.193068
0.194543 0.196067 0.196311 0.194903 0.194476 0.194305
0.194698 0.196232 0.196642 0.203824 0.204149 0.203778
0.203203 0.202638 0.201608 0.201171 0.201337 0.202247
0.203551 0.204167 0.203287 0.201775 0.200365 0.200371
0.200424 0.200687 0.201442 0.201309 0.201282 0.201228
0.201667 0.202237 0.201960 0.201297 0.200982 0.201978
0.203950 0.204901 0.205052 0.204882 0.205087 0.205761
0.205669 0.205288 0.205028 0.204772 0.204229 0.204324
0.205124 0.206192 0.207648 0.208025 0.208525 0.208844
0.207142 0.206918 0.208905 0.210770 0.211455 0.211125
0.210190 0.209455 0.209405 0.208925 0.208103 0.207359
0.206677 0.207407 0.207499 0.205462 0.204434 0.205260
0.206330 0.206059 0.205706 0.204544 0.203326 0.203168
0.203327 0.203790 0.204108 0.205370 0.206115 0.206655
0.206885 0.206100 0.205606 0.205884 0.206400 0.205804
0.204112 0.203481 0.204110 0.204339 0.204714 0.205629
0.206327 0.205985 0.206467 0.208097 0.208002 0.207773
0.208322 0.208207 0.207670 0.206535 0.205675 0.205638
0.206228 0.207315 0.208494 0.208360 0.207316 0.206999
0.207188 0.206527 0.205851 0.205630 0.205180 0.204394
0.203489 0.203132 0.202402 0.200158 0.198461 0.199029
0.200071 0.200479 0.201024 0.201645 0.200804 0.200374
0.201621 0.200805 0.198804 0.198744 0.198253 0.198718
0.200698 0.200494 0.200005 0.199754 0.199305 0.199773
0.200580 0.200948 0.201293 0.201849 0.202193 0.202208
0.202404 0.202948 0.202253 0.200063 0.198655 0.197772
0.196591 0.195823 0.195377 0.194633 0.193843 0.194087
0.193515 0.193550 0.194874 0.195427 0.195843 0.195215
0.194150 0.193538 0.193136 0.194134 0.195856 0.196237
0.195045 0.194329 0.193928 0.193792 0.194698 0.195199
0.201586 0.202142 0.202666 0.202466 0.202177 0.201740
0.201358 0.202232 0.203140 0.203978 0.204412 0.203482
0.202035 0.200521 0.200262 0.200470 0.200893 0.201107
0.201254 0.201570 0.200884 0.200342 0.200607 0.200079
0.199761 0.199729 0.199680 0.201056 0.202663 0.203239
0.203367 0.203820 0.204612 0.205133 0.204504 0.204623
0.205073 0.204314 0.204626 0.205875 0.206842 0.208344
0.208841 0.209127 0.210057 0.208842 0.207294 0.208067
0.209143 0.209902 0.210419 0.209404 0.208373 0.207748
0.206629 0.206252 0.206236 0.206482 0.207012 0.205914
0.204539 0.203893 0.203957 0.204283 0.204808 0.204603
0.202979 0.202287 0.202595 0.202805 0.202630 0.202535
0.203754 0.205376 0.206186 0.206111 0.205713 0.206031
0.206968 0.207127 0.205398 0.203500 0.203276 0.204115
0.204753 0.204725 0.204725 0.205335 0.206294 0.207672
0.209018 0.208894 0.208185 0.208439 0.208469 0.207170
0.205057 0.205156 0.206286 0.207107 0.207946 0.207915
0.207260 0.206002 0.205165 0.205740 0.205932 0.205424
0.204527 0.203994 0.203652 0.202642 0.202011 0.201104
0.199327 0.198548 0.199681 0.200458 0.200013 0.199666
0.200741 0.200646 0.200386 0.201328 0.200581 0.199067
0.198730 0.198566 0.199540 0.200985 0.201055 0.201287
0.200357 0.199325 0.200354 0.201703 0.201773 0.201400
0.200491 0.199782 0.200331 0.200738 0.201201 0.201035
0.199072 0.197380 0.196967 0.196333 0.195414 0.195207
0.195117 0.194265 0.194390 0.193993 0.193761 0.194090
0.194562 0.195541 0.195335 0.194918 0.194138 0.193319
0.193857 0.194868 0.194554 0.193237 0.193018 0.193593
0.193718 0.193641 0.193493 0.199601 0.200368 0.201890
0.202330 0.202302 0.202663 0.202878 0.203943 0.204723
0.204820 0.204319 0.203403 0.202374 0.201654 0.201598
0.201388 0.201019 0.201216 0.202039 0.201920 0.200628
0.199450 0.199427 0.198945 0.198733 0.198829 0.198165
0.198998 0.201039 0.202117 0.202102 0.202797 0.204370
0.205056 0.203973 0.203548 0.204212 0.204045 0.204314
0.205683 0.207231 0.208374 0.208972 0.209792 0.210559
0.210066 0.207872 0.207222 0.207864 0.208866 0.209646
0.208103 0.207025 0.206277 0.204429 0.204505 0.206103
0.206685 0.205801 0.204418 0.203883 0.203550 0.203582
0.203335 0.203380 0.202409 0.201150 0.201765 0.202157
0.202247 0.202001 0.201311 0.201618 0.203896 0.205333
0.205078 0.205481 0.205771 0.206342 0.207242 0.206014
0.203739 0.203041 0.203828 0.204945 0.204848 0.204458
0.205092 0.206755 0.208294 0.209307 0.209486 0.208470
0.207907 0.207669 0.206859 0.204865 0.205028 0.207397
0.208400 0.208802 0.207716 0.206342 0.205672 0.204764
0.204504 0.205096 0.205521 0.204071 0.202453 0.201681
0.201147 0.200926 0.200526 0.199518 0.198808 0.200143
0.200445 0.199454 0.198483 0.198145 0.199244 0.200098
0.200402 0.200155 0.199748 0.199716 0.200239 0.200615
0.200388 0.200542 0.200960 0.200625 0.200186 0.201391
0.202734 0.202253 0.201489 0.199937 0.198969 0.199076
0.198891 0.199046 0.199113 0.198076 0.196874 0.195983
0.195510 0.195645 0.195612 0.195262 0.193893 0.193666
0.193848 0.193473 0.193025 0.193265 0.194465 0.195289
0.196194 0.195082 0.193218 0.192987 0.193397 0.192970
0.191803 0.192211 0.193723 0.194843 0.194451 0.193589
0.198014 0.199549 0.201747 0.202662 0.203523 0.204411
0.204668 0.205060 0.205562 0.205410 0.204561 0.204099
0.203503 0.202978 0.203355 0.203022 0.201836 0.202079
0.202377 0.201108 0.199675 0.197742 0.197807 0.198574
0.197729 0.197532 0.197269 0.197863 0.200103 0.201675
0.201622 0.201971 0.203907 0.205236 0.204473 0.203755
0.204142 0.203812 0.204680 0.206024 0.206771 0.207964
0.208924 0.209892 0.210239 0.210191 0.209334 0.208157
0.208228 0.208233 0.207198 0.206611 0.206797 0.205992
0.203745 0.203418 0.205353 0.205478 0.203420 0.202401
0.202605 0.202794 0.203367 0.202843 0.201564 0.200513
0.200467 0.201649 0.201693 0.201489 0.201420 0.200324
0.200293 0.202228 0.204584 0.205944 0.205777 0.205017
0.205492 0.206105 0.205180 0.203426 0.202503 0.202822
0.203333 0.204015 0.205249 0.206316 0.207664 0.209060
0.209382 0.209346 0.208774 0.208125 0.207728 0.206977
0.205664 0.205617 0.207539 0.208573 0.208748 0.207770
0.206424 0.206766 0.206045 0.204267 0.204484 0.205673
0.204910 0.202141 0.199547 0.198454 0.198908 0.199681
0.199263 0.199039 0.200120 0.199474 0.197853 0.196503
0.195934 0.197481 0.198799 0.199394 0.200005 0.200241
0.200551 0.201240 0.201107 0.200313 0.199671 0.199189
0.199533 0.199915 0.200965 0.202366 0.201611 0.200542
0.199495 0.198463 0.197592 0.196869 0.197071 0.197155
0.196826 0.196461 0.195289 0.195139 0.196309 0.196031
0.195171 0.194361 0.193832 0.193459 0.192783 0.192545
0.193095 0.193082 0.193634 0.195938 0.195588 0.193552
0.193229 0.193204 0.192445 0.191580 0.191979 0.193527
0.195044 0.195055 0.194472 0.197712 0.199255 0.202139
0.203605 0.204442 0.205061 0.205167 0.205693 0.206301
0.206171 0.206057 0.206295 0.205055 0.204172 0.204208
0.203733 0.202802 0.202725 0.201966 0.199750 0.198606
0.196777 0.196975 0.198065 0.197115 0.196780 0.197022
0.197803 0.199296 0.200574 0.200733 0.201515 0.203826
0.205251 0.205325 0.205612 0.205501 0.205198 0.206152
0.206843 0.206960 0.208084 0.209243 0.210413 0.210877
0.210968 0.211310 0.210441 0.209430 0.208010 0.206375
0.206233 0.206997 0.205875 0.203456 0.202482 0.203223
0.203343 0.201792 0.201028 0.201643 0.202064 0.201528
0.201051 0.200301 0.199537 0.199448 0.199950 0.200610
0.200406 0.200153 0.199446 0.199668 0.201488 0.203943
0.206219 0.205993 0.204988 0.205148 0.205107 0.203695
0.202235 0.202037 0.202416 0.202761 0.203656 0.205580
0.206938 0.208258 0.209640 0.209211 0.209134 0.209051
0.208006 0.207295 0.206712 0.206134 0.206430 0.206806
0.207638 0.208112 0.207483 0.207052 0.206962 0.206010
0.204000 0.204133 0.204839 0.203992 0.201454 0.198648
0.197191 0.197175 0.198278 0.198243 0.198832 0.199766
0.198686 0.197580 0.196021 0.195241 0.196785 0.198084
0.199173 0.200555 0.200961 0.201475 0.201613 0.200410
0.199912 0.199057 0.197859 0.198208 0.198531 0.199422
0.201450 0.201179 0.199418 0.198416 0.197511 0.196471
0.195910 0.196464 0.196873 0.196470 0.196053 0.195655
0.196210 0.197332 0.196681 0.195483 0.195339 0.194339
0.192753 0.191986 0.192066 0.192352 0.191978 0.192733
0.194517 0.194444 0.193668 0.193887 0.193952 0.193247
0.191935 0.191784 0.193264 0.194679 0.194991 0.194756
0.199139 0.199757 0.202493 0.204634 0.205132 0.205901
0.205840 0.205671 0.206398 0.207189 0.207691 0.207208
0.205720 0.204721 0.203829 0.203264 0.203234 0.203251
0.201431 0.198790 0.197806 0.196744 0.196714 0.197978
0.197824 0.197008 0.197674 0.198643 0.199681 0.200547
0.200109 0.200811 0.203232 0.204478 0.205120 0.205812
0.205924 0.206043 0.206467 0.207782 0.209008 0.209704
0.210152 0.211226 0.211693 0.211728 0.211269 0.210143
0.209137 0.207570 0.206350 0.205803 0.205996 0.205031
0.203070 0.201869 0.201969 0.202584 0.201877 0.200890
0.201268 0.201443 0.200212 0.199709 0.199259 0.198277
0.198134 0.198517 0.199285 0.199769 0.200393 0.200213
0.199693 0.200703 0.202713 0.204663 0.205186 0.204687
0.204928 0.204504 0.202392 0.201008 0.201178 0.202315
0.203434 0.204289 0.205826 0.207297 0.208840 0.208985
0.207891 0.207986 0.207666 0.206547 0.206247 0.206094
0.206120 0.206232 0.205534 0.205831 0.206508 0.206252
0.206150 0.205684 0.204747 0.203714 0.203560 0.203104
0.201657 0.200116 0.198076 0.196918 0.196414 0.196803
0.197757 0.199089 0.199545 0.198230 0.197281 0.196442
0.196228 0.197346 0.198170 0.199280 0.201102 0.201927
0.202154 0.201536 0.199765 0.199397 0.198975 0.198061
0.198067 0.197876 0.198498 0.199758 0.199591 0.198598
0.197866 0.196987 0.196325 0.196305 0.197117 0.197424
0.196553 0.195865 0.196551 0.197974 0.198785 0.197275
0.195380 0.194786 0.193238 0.191895 0.191735 0.191918
0.191686 0.191441 0.192525 0.193915 0.193957 0.193136
0.193079 0.194359 0.194778 0.193611 0.193250 0.193527
0.194527 0.195127 0.194689 0.199602 0.200515 0.202776
0.204870 0.205630 0.206096 0.206181 0.205355 0.205388
0.206759 0.207900 0.206924 0.205734 0.205014 0.203415
0.202841 0.202958 0.202599 0.201125 0.198965 0.198122
0.198233 0.197676 0.198332 0.198394 0.197267 0.197886
0.198738 0.199817 0.200307 0.199468 0.199558 0.201605
0.203197 0.204402 0.205032 0.205499 0.205763 0.205961
0.207910 0.210033 0.211488 0.211671 0.211692 0.211030
0.211010 0.210483 0.207947 0.207183 0.206779 0.205557
0.205127 0.204628 0.203684 0.202164 0.201131 0.201314
0.202031 0.201892 0.200566 0.200761 0.201146 0.200688
0.200382 0.198376 0.196526 0.196931 0.197133 0.197466
0.198524 0.200088 0.200823 0.200525 0.200387 0.201391
0.202986 0.203318 0.203308 0.204023 0.203728 0.201711
0.200223 0.200567 0.202233 0.203634 0.204899 0.205945
0.206814 0.208123 0.207661 0.207238 0.207050 0.205813
0.204969 0.204981 0.205273 0.205348 0.204644 0.204133
0.204384 0.204675 0.204996 0.205114 0.205005 0.203819
0.202788 0.202180 0.201073 0.199601 0.198028 0.196948
0.196059 0.195918 0.196943 0.198241 0.199362 0.198878
0.197098 0.196121 0.196950 0.197356 0.197319 0.197666
0.198695 0.199869 0.200777 0.200963 0.200052 0.199569
0.199453 0.199000 0.198524 0.198285 0.198462 0.198570
0.197937 0.197299 0.196840 0.197202 0.196893 0.196913
0.197769 0.198208 0.198178 0.196717 0.195618 0.196907
0.199104 0.199058 0.196547 0.195050 0.194146 0.192573
0.191886 0.192092 0.192826 0.193229 0.192476 0.192346
0.193641 0.193601 0.192201 0.192350 0.194038 0.195081
0.194892 0.194726 0.193864 0.194274 0.195333 0.194941
0.200261 0.200757 0.201872 0.203682 0.204983 0.205103
0.204774 0.203918 0.203933 0.205053 0.206795 0.207777
0.207386 0.206270 0.204316 0.203084 0.202757 0.202341
0.201387 0.199748 0.199379 0.200114 0.198896 0.197907
0.197806 0.197086 0.197356 0.197911 0.198638 0.199039
0.198849 0.199076 0.200163 0.201596 0.203351 0.204731
0.205112 0.204736 0.205017 0.206936 0.209351 0.210952
0.210721 0.209975 0.208699 0.208713 0.209063 0.207398
0.206710 0.206831 0.206491 0.205471 0.203607 0.202149
0.201234 0.201056 0.201373 0.201433 0.200905 0.199855
0.200286 0.201059 0.200796 0.200502 0.198835 0.197052
0.196645 0.195769 0.195256 0.196421 0.198385 0.199909
0.200445 0.200157 0.200542 0.201504 0.201601 0.202332
0.203524 0.203247 0.202364 0.201343 0.201386 0.202836
0.204084 0.205141 0.205197 0.205635 0.206733 0.206535
0.206859 0.205923 0.203957 0.204135 0.204084 0.203706
0.203788 0.203357 0.203420 0.203551 0.203053 0.202896
0.203715 0.204354 0.203302 0.202038 0.200955 0.199221
0.197545 0.196136 0.196082 0.195654 0.196069 0.198303
0.198898 0.199003 0.198218 0.196818 0.196171 0.196801
0.197026 0.196672 0.196684 0.197532 0.198345 0.199091
0.199619 0.199123 0.198845 0.198860 0.198699 0.198805
0.198320 0.198056 0.197637 0.196723 0.196143 0.195312
0.196192 0.197012 0.197491 0.198297 0.198710 0.198131
0.196911 0.196791 0.198091 0.199325 0.198825 0.197067
0.195791 0.194428 0.193162 0.192907 0.193214 0.194201
0.194450 0.193699 0.192833 0.192649 0.192511 0.191479
0.191780 0.193348 0.194810 0.195647 0.195639 0.194893
0.194863 0.195122 0.194729 0.202073 0.201231 0.200680
0.202029 0.203999 0.204686 0.204226 0.203551 0.203292
0.204206 0.206374 0.208447 0.208869 0.208013 0.206396
0.204292 0.203872 0.204434 0.203323 0.201631 0.200778
0.200029 0.199103 0.198241 0.197841 0.197319 0.197159
0.197813 0.197934 0.198535 0.199127 0.198903 0.199624
0.201179 0.202838 0.204164 0.204563 0.204188 0.204758
0.205918 0.207192 0.208505 0.208402 0.207794 0.206973
0.206748 0.206936 0.207087 0.206874 0.206463 0.206617
0.204933 0.202119 0.200724 0.200914 0.202115 0.202930
0.202620 0.201366 0.200065 0.199834 0.200006 0.199800
0.199502 0.198733 0.197613 0.196553 0.195371 0.194835
0.195666 0.196693 0.198264 0.199201 0.199054 0.199420
0.200090 0.200534 0.202085 0.203785 0.203113 0.202262
0.202021 0.202463 0.203541 0.203935 0.204455 0.204418
0.204820 0.206056 0.206059 0.206268 0.205102 0.203073
0.203464 0.203259 0.202034 0.201678 0.201646 0.202151
0.202243 0.201529 0.200791 0.201439 0.202248 0.201710
0.200692 0.199612 0.197905 0.196138 0.195930 0.196261
0.195365 0.195953 0.197924 0.198351 0.198505 0.198619
0.198072 0.196567 0.195737 0.195686 0.195913 0.196691
0.197520 0.197791 0.197846 0.197853 0.197866 0.197738
0.197943 0.198748 0.198977 0.197950 0.196911 0.196457
0.196150 0.195862 0.195293 0.195850 0.196595 0.196518
0.197751 0.199148 0.198635 0.198264 0.198867 0.200121
0.200645 0.199999 0.198439 0.195834 0.193469 0.192442
0.192953 0.194067 0.195078 0.194717 0.193858 0.192788
0.192184 0.192152 0.191090 0.191501 0.193917 0.196426
0.197689 0.197226 0.196907 0.196248 0.195350 0.195411
0.203256 0.201542 0.200152 0.201106 0.202871 0.203920
0.204769 0.205015 0.204232 0.204536 0.206276 0.208323
0.208983 0.208466 0.207526 0.206415 0.206304 0.206654
0.205563 0.203884 0.202247 0.200790 0.200070 0.199316
0.198761 0.198181 0.198028 0.198469 0.198594 0.199225
0.199251 0.199572 0.201189 0.201725 0.202018 0.203370
0.204265 0.204526 0.205151 0.205437 0.205389 0.206503
0.207640 0.207576 0.206609 0.205975 0.205683 0.205964
0.206194 0.206084 0.205816 0.203451 0.200828 0.200595
0.201465 0.202247 0.203274 0.203455 0.202767 0.201259
0.199997 0.200149 0.200526 0.200090 0.198322 0.196923
0.195997 0.195412 0.196078 0.196553 0.196517 0.197721
0.198709 0.198538 0.198755 0.199752 0.200577 0.202058
0.203014 0.202461 0.201980 0.202174 0.203837 0.204691
0.203624 0.203747 0.205066 0.206417 0.207045 0.205883
0.205380 0.204395 0.202321 0.202159 0.202742 0.201727
0.199900 0.199822 0.201221 0.201415 0.200551 0.200825
0.201089 0.200284 0.199561 0.199012 0.198046 0.196106
0.195049 0.195572 0.195410 0.194788 0.195465 0.196138
0.197209 0.198752 0.199355 0.199014 0.197340 0.196212
0.195345 0.195105 0.196983 0.198368 0.197872 0.197076
0.196668 0.196799 0.197315 0.197812 0.198478 0.197860
0.197183 0.197157 0.196144 0.195422 0.195183 0.194686
0.195204 0.195927 0.195994 0.197723 0.199696 0.199984
0.200130 0.200640 0.201143 0.200989 0.200028 0.198217
0.195110 0.192451 0.191931 0.192557 0.193905 0.195171
0.194588 0.193637 0.192651 0.191299 0.190803 0.190938
0.191902 0.194660 0.197610 0.198491 0.197914 0.197695
0.196552 0.195150 0.195209 0.203632 0.202635 0.201493
0.201547 0.202510 0.203335 0.204784 0.205608 0.205129
0.205505 0.206069 0.207591 0.208501 0.207455 0.207062
0.207585 0.207847 0.207528 0.206466 0.205281 0.203269
0.201832 0.201151 0.200061 0.199711 0.199609 0.199431
0.198922 0.199482 0.200113 0.199764 0.200570 0.201838
0.201497 0.201032 0.202255 0.203843 0.204605 0.204886
0.205458 0.205454 0.206242 0.207619 0.207444 0.206083
0.205562 0.205736 0.205659 0.205960 0.206179 0.205333
0.202874 0.201005 0.201360 0.202313 0.202133 0.202083
0.202264 0.202384 0.201787 0.200658 0.200893 0.201282
0.200378 0.198075 0.196569 0.196032 0.195842 0.196795
0.197063 0.197049 0.197885 0.198607 0.198701 0.199170
0.200657 0.201595 0.202471 0.203688 0.203976 0.203438
0.203558 0.204725 0.205051 0.203967 0.203336 0.204577
0.206677 0.206712 0.205559 0.204644 0.203469 0.201679
0.200775 0.201712 0.201334 0.199849 0.199896 0.200903
0.200768 0.200385 0.201170 0.201075 0.200188 0.199693
0.198610 0.196521 0.194257 0.193870 0.194523 0.194128
0.194524 0.195305 0.195263 0.196332 0.198412 0.199542
0.199062 0.197610 0.196873 0.196498 0.195438 0.196608
0.198844 0.198666 0.197449 0.196715 0.196558 0.196930
0.197691 0.197995 0.197137 0.197237 0.198056 0.196757
0.195052 0.194439 0.194099 0.194828 0.196157 0.196499
0.197166 0.199024 0.200494 0.200651 0.200538 0.200387
0.199343 0.198406 0.197943 0.195790 0.193223 0.192822
0.193003 0.192992 0.193774 0.193722 0.193387 0.192737
0.190705 0.189888 0.191044 0.191930 0.193671 0.195958
0.197235 0.197857 0.197163 0.195714 0.194443 0.194185
0.202909 0.203039 0.203095 0.203042 0.203188 0.203630
0.204711 0.205996 0.206486 0.206617 0.206274 0.206274
0.206918 0.206728 0.207093 0.207960 0.208468 0.208320
0.207077 0.205472 0.203514 0.202238 0.201203 0.200079
0.199881 0.199977 0.199885 0.199188 0.199062 0.199767
0.200006 0.200098 0.200237 0.200600 0.200954 0.202007
0.203631 0.204523 0.204993 0.206173 0.206955 0.207158
0.207218 0.206755 0.205844 0.205201 0.205354 0.205658
0.206332 0.206496 0.204872 0.202178 0.200773 0.201222
0.202166 0.201644 0.200717 0.200862 0.201398 0.201299
0.200083 0.198949 0.198960 0.198850 0.197389 0.196554
0.196681 0.196653 0.196463 0.196463 0.197461 0.198285
0.198541 0.198703 0.199629 0.201240 0.202117 0.202381
0.203758 0.205199 0.204851 0.204603 0.204772 0.204840
0.204757 0.204008 0.204302 0.205356 0.204732 0.204214
0.203686 0.202838 0.201494 0.200223 0.200615 0.201008
0.200703 0.200615 0.201107 0.200194 0.199983 0.200904
0.200609 0.200415 0.200389 0.198835 0.195800 0.193328
0.192636 0.193354 0.193788 0.194753 0.195536 0.195518
0.196242 0.197321 0.198409 0.198789 0.198440 0.197616
0.197133 0.196123 0.195743 0.197362 0.197960 0.196952
0.196506 0.196442 0.196701 0.197968 0.198297 0.197810
0.197671 0.197327 0.196257 0.195193 0.194858 0.195089
0.196062 0.196864 0.196746 0.196673 0.198089 0.200101
0.199763 0.199023 0.198967 0.197722 0.196623 0.196411
0.195329 0.193877 0.192909 0.191971 0.191722 0.192230
0.192775 0.193469 0.192462 0.191209 0.191641 0.192042
0.191886 0.192677 0.194446 0.196057 0.197337 0.197164
0.195627 0.194504 0.194536 0.203321 0.203299 0.203839
0.203843 0.202979 0.203441 0.204932 0.205999 0.206739
0.206368 0.206150 0.206575 0.206296 0.206536 0.207317
0.207530 0.207833 0.207846 0.206785 0.205345 0.203937
0.202480 0.200465 0.199609 0.200012 0.200106 0.199805
0.199441 0.199657 0.200369 0.200082 0.199390 0.199764
0.200778 0.201416 0.202681 0.203528 0.204014 0.204991
0.206028 0.207392 0.207552 0.206731 0.205981 0.205998
0.205207 0.204615 0.205181 0.205833 0.206302 0.204734
0.202084 0.200268 0.199856 0.200377 0.200299 0.199845
0.199945 0.200200 0.199984 0.198959 0.197564 0.197086
0.197345 0.196732 0.196692 0.197368 0.197359 0.197011
0.197210 0.198589 0.199133 0.198942 0.199628 0.200955
0.201625 0.202064 0.201875 0.202591 0.205168 0.205876
0.205497 0.205509 0.205711 0.205736 0.205291 0.204742
0.204265 0.204013 0.202631 0.201129 0.200939 0.200005
0.199091 0.200009 0.201127 0.200833 0.200490 0.200548
0.199465 0.199494 0.200512 0.200401 0.200567 0.200012
0.197714 0.194868 0.192712 0.191545 0.191647 0.192975
0.194578 0.195500 0.195621 0.196266 0.197634 0.199229
0.200076 0.199962 0.198562 0.196410 0.195097 0.195089
0.195275 0.195661 0.195797 0.195514 0.195938 0.197261
0.198919 0.199414 0.198697 0.197628 0.197037 0.196132
0.195608 0.196135 0.196393 0.197162 0.197833 0.197508
0.196730 0.196925 0.198215 0.198062 0.197701 0.197108
0.195463 0.194085 0.193418 0.193413 0.193147 0.192113
0.190870 0.191001 0.191813 0.192359 0.192702 0.191732
0.191771 0.192998 0.192990 0.192660 0.193229 0.194538
0.195254 0.195876 0.196704 0.195947 0.194594 0.194278
0.202874 0.203021 0.203236 0.202936 0.202534 0.203095
0.204715 0.205213 0.205092 0.204938 0.205296 0.206294
0.206109 0.206166 0.206625 0.206713 0.206704 0.206470
0.205609 0.204844 0.204097 0.202162 0.199988 0.199697
0.200220 0.200167 0.200161 0.200589 0.201392 0.201216
0.200359 0.199948 0.200294 0.201089 0.202042 0.202736
0.202585 0.203240 0.204195 0.204754 0.205963 0.206834
0.206343 0.205722 0.206066 0.205909 0.204716 0.204080
0.204870 0.205295 0.204174 0.202212 0.200122 0.198667
0.198029 0.199364 0.199723 0.198242 0.197762 0.198552
0.198189 0.197411 0.197713 0.197851 0.197321 0.196944
0.196692 0.196520 0.197422 0.198452 0.199136 0.199140
0.199550 0.201558 0.203389 0.203356 0.202476 0.201698
0.202596 0.205384 0.206939 0.207073 0.207316 0.207011
0.206193 0.205785 0.204444 0.202982 0.203162 0.201958
0.199585 0.199081 0.199158 0.198469 0.199564 0.200963
0.200468 0.199636 0.198749 0.198471 0.199592 0.200369
0.200015 0.199859 0.199031 0.197693 0.195576 0.193279
0.191904 0.191242 0.192408 0.194274 0.195530 0.196374
0.197003 0.198303 0.200282 0.200294 0.199663 0.199037
0.196091 0.193890 0.194795 0.194899 0.194133 0.194410
0.194756 0.195570 0.197364 0.198729 0.199159 0.198493
0.197595 0.197635 0.197165 0.197228 0.197838 0.197346
0.197234 0.197937 0.197673 0.196668 0.196020 0.196459
0.196695 0.196178 0.195298 0.194156 0.192878 0.192293
0.192887 0.193160 0.192977 0.192784 0.192856 0.192686
0.192915 0.192815 0.191967 0.192693 0.194410 0.194774
0.194237 0.194261 0.194606 0.194738 0.194605 0.195434
0.195543 0.194411 0.194104 0.201793 0.202062 0.202113
0.202185 0.203076 0.203782 0.204380 0.204554 0.203741
0.203467 0.204276 0.204963 0.205293 0.205905 0.206528
0.207032 0.206865 0.205720 0.204298 0.203577 0.203313
0.201995 0.200413 0.199911 0.199854 0.200104 0.201153
0.201362 0.201201 0.201092 0.200846 0.200968 0.200643
0.201018 0.202524 0.203080 0.202851 0.203293 0.203944
0.204046 0.204680 0.205881 0.205855 0.205190 0.204937
0.205788 0.205763 0.205009 0.204740 0.203879 0.202574
0.201667 0.200665 0.198757 0.197007 0.197910 0.198655
0.197404 0.196672 0.197333 0.197746 0.198111 0.199149
0.199385 0.199233 0.198530 0.197323 0.196795 0.197671
0.198963 0.199337 0.199446 0.200996 0.203445 0.204802
0.204868 0.203822 0.202923 0.203871 0.205637 0.206963
0.207538 0.208575 0.208606 0.206989 0.205900 0.204700
0.203454 0.202541 0.201705 0.200241 0.199078 0.199708
0.199563 0.199694 0.200852 0.200915 0.199414 0.197348
0.197730 0.199559 0.200329 0.200239 0.199004 0.198515
0.199322 0.197869 0.194964 0.193364 0.193296 0.194367
0.195340 0.196434 0.197857 0.198717 0.198933 0.199449
0.199059 0.198669 0.198633 0.196271 0.194449 0.195192
0.195084 0.193668 0.193716 0.194927 0.196717 0.198333
0.198950 0.198819 0.198806 0.199018 0.198373 0.197733
0.198222 0.198276 0.197123 0.195684 0.195848 0.196151
0.195637 0.195530 0.195350 0.195652 0.194955 0.194466
0.194531 0.192970 0.192554 0.193769 0.193552 0.193539
0.195033 0.195695 0.194338 0.193648 0.193721 0.192717
0.193319 0.195631 0.196303 0.195530 0.195275 0.194627
0.193805 0.193997 0.195842 0.196830 0.195670 0.195114
0.201789 0.202015 0.201916 0.202527 0.203737 0.204067
0.204022 0.204085 0.203028 0.202182 0.203641 0.204810
0.204812 0.205922 0.206943 0.206867 0.206916 0.205257
0.203329 0.203352 0.203329 0.202677 0.201638 0.200531
0.200314 0.200591 0.201394 0.201708 0.201606 0.201892
0.201314 0.200667 0.201024 0.201737 0.202974 0.203384
0.203094 0.203469 0.203973 0.203574 0.203480 0.204461
0.205250 0.204944 0.203840 0.204412 0.205712 0.205414
0.203587 0.202328 0.201492 0.201310 0.200794 0.198707
0.197620 0.198446 0.198796 0.198426 0.197873 0.197306
0.198436 0.199556 0.199490 0.199248 0.199555 0.199731
0.199454 0.198941 0.198378 0.199028 0.199609 0.200272
0.202228 0.203945 0.204766 0.205070 0.204577 0.204197
0.205052 0.205721 0.206298 0.207360 0.208287 0.208071
0.207021 0.206035 0.204925 0.203787 0.202024 0.200573
0.199756 0.199549 0.200516 0.201112 0.200556 0.200509
0.200841 0.199426 0.197339 0.197625 0.199354 0.200518
0.200723 0.199650 0.199125 0.199874 0.199081 0.196670
0.196113 0.196703 0.197418 0.198350 0.198952 0.199273
0.199467 0.199103 0.198815 0.198434 0.197785 0.197542
0.195871 0.194820 0.195604 0.195930 0.194484 0.193869
0.195446 0.198173 0.199450 0.199573 0.200102 0.200222
0.200389 0.199702 0.198854 0.198114 0.196600 0.194943
0.194100 0.194904 0.195267 0.194643 0.195003 0.194765
0.194549 0.193891 0.193714 0.194317 0.192434 0.191928
0.193640 0.193211 0.193439 0.195243 0.196039 0.195326
0.194268 0.193934 0.193160 0.193134 0.194471 0.195447
0.195464 0.195700 0.195488 0.194298 0.194439 0.196445
0.197796 0.197141 0.196517 0.200301 0.200820 0.201112
0.202355 0.203152 0.202217 0.202629 0.203626 0.202584
0.201292 0.202707 0.204743 0.204974 0.204998 0.205515
0.206508 0.206632 0.204532 0.203430 0.204275 0.204083
0.202875 0.201933 0.201302 0.201099 0.200571 0.201096
0.202319 0.202815 0.202855 0.201652 0.201101 0.202157
0.202759 0.203107 0.203137 0.202515 0.202881 0.204058
0.203819 0.203518 0.204159 0.204700 0.204706 0.203833
0.203559 0.204194 0.203295 0.202287 0.202000 0.200865
0.200142 0.199488 0.198758 0.198984 0.199765 0.198910
0.198399 0.198773 0.198544 0.199686 0.200176 0.199704
0.199284 0.198888 0.199161 0.199687 0.199701 0.198853
0.198835 0.199569 0.200788 0.202273 0.203283 0.204517
0.205299 0.205368 0.205157 0.204983 0.204471 0.204779
0.206470 0.206526 0.205558 0.205540 0.205054 0.204229
0.203287 0.201669 0.200068 0.199339 0.200244 0.201538
0.202682 0.202223 0.201029 0.200065 0.198349 0.197969
0.198582 0.199307 0.200635 0.200943 0.200043 0.199650
0.199975 0.199469 0.197737 0.198028 0.198828 0.199140
0.200390 0.200547 0.199703 0.198557 0.197659 0.197624
0.197925 0.197887 0.196680 0.195000 0.194894 0.195785
0.196238 0.194937 0.193900 0.195259 0.197237 0.198144
0.199121 0.200413 0.200459 0.200212 0.200233 0.199608
0.197993 0.195273 0.193307 0.194033 0.195316 0.195124
0.194255 0.194664 0.194398 0.193144 0.192487 0.192529
0.193351 0.192359 0.191238 0.192089 0.193065 0.194153
0.194722 0.195078 0.195574 0.195320 0.194964 0.194420
0.193340 0.193405 0.193884 0.194196 0.195581 0.196166
0.195416 0.195227 0.196014 0.196575 0.196298 0.196061
0.199028 0.199506 0.200333 0.200955 0.200402 0.199864
0.201008 0.201747 0.200868 0.200044 0.201143 0.203384
0.204396 0.204329 0.204424 0.206124 0.206314 0.204433
0.203434 0.203863 0.203935 0.202429 0.201800 0.202222
0.202320 0.201850 0.202036 0.202784 0.203016 0.202517
0.201838 0.202129 0.202683 0.203250 0.203348 0.202538
0.202071 0.202762 0.204341 0.204590 0.204582 0.204656
0.203835 0.203095 0.202851 0.202709 0.202240 0.201300
0.201893 0.201883 0.199709 0.198457 0.198011 0.198336
0.199041 0.199348 0.198181 0.197135 0.197723 0.198884
0.199889 0.200179 0.200920 0.200391 0.198309 0.198225
0.199316 0.199987 0.199894 0.199347 0.200380 0.202147
0.202452 0.203272 0.205342 0.205869 0.205682 0.205340
0.204949 0.204521 0.203529 0.204151 0.204416 0.204068
0.204979 0.204170 0.202667 0.201694 0.200536 0.200272
0.201168 0.202421 0.203254 0.204254 0.203604 0.201759
0.200425 0.198756 0.198151 0.198930 0.199605 0.200255
0.200520 0.199991 0.199667 0.199681 0.199161 0.197850
0.198170 0.199380 0.200045 0.201486 0.201839 0.200009
0.197572 0.197163 0.197645 0.197651 0.197758 0.196084
0.194294 0.195118 0.196198 0.195599 0.194815 0.194397
0.194728 0.195951 0.196615 0.198139 0.200099 0.199934
0.199488 0.200032 0.199552 0.197531 0.194990 0.193564
0.193898 0.194359 0.194621 0.194547 0.194467 0.193930
0.192855 0.191993 0.191205 0.191450 0.191212 0.190619
0.191445 0.193053 0.194217 0.193572 0.193640 0.195503
0.196089 0.195230 0.194318 0.193777 0.193891 0.192982
0.193350 0.195580 0.195972 0.194808 0.194515 0.195354
0.195286 0.194758 0.194628 0.197853 0.198062 0.198767
0.199000 0.198412 0.198900 0.199994 0.200561 0.200446
0.199813 0.200090 0.201403 0.202993 0.204931 0.205492
0.205906 0.205789 0.204321 0.203101 0.202610 0.203198
0.203443 0.202961 0.202802 0.203196 0.203690 0.204153
0.204581 0.203914 0.202243 0.201835 0.202291 0.202358
0.203398 0.203882 0.201486 0.200781 0.202364 0.203984
0.204553 0.204836 0.204717 0.203610 0.202819 0.201843
0.201365 0.200756 0.199746 0.200218 0.200932 0.199679
0.198084 0.197615 0.197754 0.198372 0.199380 0.198575
0.196677 0.197131 0.198680 0.199541 0.199762 0.200301
0.199786 0.197679 0.197762 0.199119 0.200207 0.201085
0.200994 0.201691 0.202879 0.202998 0.204299 0.206565
0.206615 0.205371 0.204483 0.205172 0.206151 0.205021
0.204566 0.204756 0.204577 0.204848 0.203831 0.201934
0.200180 0.199424 0.200018 0.201935 0.204019 0.204877
0.205544 0.204752 0.202676 0.201992 0.201002 0.199352
0.198911 0.199272 0.199525 0.199797 0.200046 0.199286
0.198398 0.198096 0.197911 0.198394 0.199319 0.200093
0.201353 0.202014 0.200752 0.198739 0.198512 0.198491
0.197449 0.196850 0.195863 0.194429 0.194908 0.196001
0.196088 0.196374 0.195939 0.195676 0.195883 0.196168
0.198020 0.199491 0.198808 0.198365 0.198704 0.198539
0.196960 0.195007 0.194118 0.193577 0.193760 0.195185
0.195634 0.194783 0.194323 0.193320 0.191351 0.189908
0.189686 0.189409 0.189907 0.191523 0.193058 0.193844
0.192748 0.192819 0.195008 0.196046 0.195753 0.194608
0.193856 0.193746 0.193100 0.193904 0.195427 0.195427
0.194508 0.194533 0.194999 0.194591 0.194714 0.195066
0.197522 0.197233 0.196972 0.197235 0.197750 0.198492
0.200020 0.201383 0.201246 0.200487 0.200299 0.201280
0.203038 0.205248 0.206195 0.206016 0.204928 0.203626
0.203400 0.202982 0.202864 0.204006 0.203743 0.203068
0.204238 0.205080 0.205605 0.205895 0.204685 0.203208
0.202832 0.203056 0.203096 0.203030 0.203005 0.201388
0.200724 0.202544 0.204176 0.205003 0.205234 0.204651
0.203867 0.202897 0.201562 0.201071 0.200635 0.199101
0.198474 0.199389 0.198968 0.197643 0.197390 0.197545
0.198050 0.199144 0.198348 0.196461 0.196939 0.197896
0.198736 0.198932 0.198196 0.198423 0.197903 0.197949
0.198915 0.199356 0.200529 0.201541 0.202360 0.203040
0.203544 0.204884 0.206508 0.206350 0.205487 0.204808
0.205344 0.207307 0.207037 0.205715 0.204776 0.203858
0.203314 0.202530 0.201733 0.200499 0.199987 0.200411
0.201427 0.203851 0.205620 0.206175 0.205697 0.203870
0.202997 0.202585 0.200907 0.199335 0.198766 0.198892
0.199527 0.199029 0.197445 0.196550 0.196830 0.197753
0.198699 0.199031 0.199767 0.200346 0.200261 0.200273
0.199637 0.199752 0.199636 0.197876 0.196639 0.196205
0.195472 0.195884 0.196229 0.196580 0.196941 0.196587
0.195919 0.195219 0.195992 0.198215 0.198587 0.197175
0.196314 0.195463 0.195404 0.195248 0.194703 0.193894
0.193820 0.194712 0.196089 0.196481 0.194694 0.193390
0.191926 0.189632 0.188565 0.188434 0.188232 0.189082
0.191181 0.192848 0.193228 0.192765 0.193159 0.194591
0.195438 0.195855 0.195240 0.193635 0.193088 0.193445
0.193891 0.194658 0.194840 0.194727 0.195180 0.195180
0.194851 0.195356 0.195965 0.197755 0.196952 0.196101
0.196294 0.196839 0.197583 0.199324 0.201064 0.201859
0.201676 0.201433 0.202089 0.203685 0.205033 0.205148
0.204786 0.203779 0.203253 0.203554 0.203673 0.202927
0.203368 0.204332 0.205080 0.206402 0.206732 0.206156
0.204599 0.203483 0.204054 0.205036 0.205233 0.204181
0.202494 0.202309 0.202386 0.202189 0.203726 0.204583
0.204349 0.203888 0.203231 0.203080 0.202447 0.201631
0.201618 0.200602 0.198912 0.198301 0.198322 0.197637
0.196357 0.196015 0.196905 0.197927 0.198274 0.197885
0.196296 0.195736 0.196662 0.197584 0.198149 0.197610
0.197734 0.197920 0.197957 0.197821 0.197413 0.198213
0.199598 0.201630 0.202964 0.203644 0.204791 0.205994
0.206008 0.206184 0.206211 0.205446 0.206530 0.206946
0.205134 0.203202 0.202066 0.201819 0.201850 0.201917
0.201104 0.200482 0.201064 0.201676 0.203725 0.206429
0.207127 0.206529 0.205009 0.203481 0.203219 0.201987
0.200045 0.199445 0.198696 0.198236 0.197286 0.195397
0.195317 0.196006 0.196235 0.197182 0.197178 0.197712
0.199265 0.199703 0.199895 0.199938 0.200162 0.200399
0.199012 0.197147 0.196365 0.196510 0.197198 0.196897
0.196448 0.195957 0.195504 0.194222 0.193401 0.194773
0.197121 0.198005 0.196882 0.195460 0.194291 0.193887
0.193661 0.193664 0.193591 0.194174 0.194888 0.195709
0.195819 0.193840 0.192299 0.190675 0.189171 0.188687
0.188227 0.187399 0.188129 0.190483 0.191944 0.192028
0.192255 0.193465 0.194264 0.194213 0.193871 0.193490
0.192956 0.193039 0.193569 0.193774 0.193746 0.193730
0.194000 0.194523 0.194888 0.195129 0.195565 0.195951
0.197064 0.196422 0.195592 0.195436 0.195550 0.196285
0.198412 0.200780 0.202440 0.202744 0.202909 0.203256
0.203801 0.204327 0.203820 0.203821 0.203563 0.202575
0.202637 0.203591 0.203634 0.203668 0.204658 0.206182
0.207031 0.207004 0.206036 0.203252 0.202107 0.203873
0.205481 0.205376 0.204331 0.202993 0.202413 0.202396
0.202188 0.203362 0.204096 0.202955 0.202526 0.202415
0.202405 0.202581 0.201701 0.201986 0.201379 0.199777
0.199164 0.198452 0.197657 0.196353 0.195554 0.196726
0.197786 0.197500 0.197478 0.196712 0.195764 0.196405
0.197310 0.198076 0.197928 0.197289 0.197195 0.197010
0.196196 0.195937 0.196781 0.198154 0.200369 0.201830
0.202955 0.204098 0.205494 0.207136 0.208011 0.207056
0.204804 0.204374 0.205196 0.204646 0.202869 0.202127
0.202209 0.201920 0.201296 0.200836 0.200765 0.201327
0.202979 0.204739 0.206680 0.207732 0.207221 0.206146
0.204629 0.203195 0.202106 0.200828 0.200052 0.199134
0.197880 0.196772 0.195113 0.194839 0.195387 0.195384
0.194929 0.194493 0.195895 0.198175 0.199343 0.199675
0.200016 0.200006 0.199712 0.198709 0.197625 0.196963
0.196772 0.196846 0.196866 0.196964 0.195713 0.194553
0.193636 0.192565 0.193696 0.196148 0.197341 0.196816
0.195515 0.194717 0.193871 0.193252 0.192980 0.193456
0.194276 0.194716 0.195526 0.194301 0.192417 0.191536
0.190332 0.189754 0.189997 0.189822 0.188241 0.187996
0.189497 0.190194 0.190273 0.190812 0.192309 0.192789
0.192165 0.191674 0.191617 0.192271 0.192613 0.192862
0.193026 0.192758 0.192484 0.192749 0.193245 0.193692
0.194900 0.196093 0.196531 0.195813 0.195157 0.194059
0.193997 0.194340 0.195554 0.197725 0.200012 0.202414
0.203666 0.204455 0.204544 0.203705 0.203296 0.203264
0.204229 0.204490 0.203438 0.203146 0.203326 0.203871
0.204415 0.204361 0.204771 0.205284 0.205654 0.205551
0.203289 0.201592 0.202426 0.202944 0.203145 0.204050
0.203052 0.201651 0.201540 0.201355 0.201765 0.202291
0.201793 0.202030 0.201941 0.201621 0.202282 0.201573
0.201789 0.201744 0.200322 0.199594 0.198712 0.197542
0.196117 0.195730 0.197135 0.197799 0.196975 0.196636
0.196398 0.195768 0.196372 0.197486 0.197961 0.197947
0.197203 0.196569 0.196408 0.195859 0.196395 0.197711
0.198358 0.199473 0.201226 0.202515 0.202976 0.205168
0.208017 0.208656 0.207051 0.204463 0.203486 0.203871
0.203664 0.202855 0.202687 0.202686 0.201509 0.199638
0.200383 0.201783 0.202550 0.204120 0.205443 0.206733
0.207778 0.207577 0.206506 0.205381 0.203241 0.201423
0.200633 0.200288 0.200488 0.199755 0.197617 0.195887
0.195225 0.195364 0.195378 0.194826 0.194813 0.196835
0.198922 0.199234 0.198457 0.198545 0.199273 0.198287
0.197332 0.198087 0.198001 0.196409 0.195611 0.196075
0.196495 0.195198 0.194243 0.193868 0.192956 0.193613
0.195246 0.196032 0.195533 0.194790 0.194126 0.193145
0.193486 0.193973 0.194222 0.194578 0.194978 0.195786
0.194298 0.191839 0.190934 0.190132 0.189622 0.190067
0.190285 0.189456 0.188965 0.188990 0.188404 0.188976
0.189246 0.190203 0.191778 0.191215 0.190659 0.191242
0.191970 0.191980 0.192114 0.192304 0.192361 0.192260
0.192497 0.192908 0.193564 0.194486 0.195255 0.195799
0.195473 0.194565 0.193000 0.192616 0.193073 0.194519
0.196519 0.198665 0.201246 0.202910 0.204052 0.204312
0.203221 0.202623 0.203327 0.204487 0.204973 0.204665
0.203837 0.202769 0.203160 0.204534 0.204643 0.204055
0.204128 0.204797 0.204413 0.201958 0.200295 0.200860
0.201103 0.201939 0.202938 0.201598 0.200907 0.200597
0.200111 0.200437 0.200683 0.200697 0.200714 0.200613
0.200940 0.201827 0.201346 0.201206 0.201270 0.200465
0.200060 0.199266 0.197632 0.196513 0.196750 0.197606
0.197846 0.197295 0.196568 0.195843 0.194614 0.195001
0.197464 0.198777 0.199191 0.198892 0.197947 0.197543
0.197169 0.197872 0.199206 0.199048 0.199035 0.200437
0.201707 0.202828 0.205155 0.207293 0.207383 0.206390
0.204655 0.203182 0.202890 0.203063 0.203105 0.202557
0.202071 0.200939 0.199480 0.200582 0.202596 0.203586
0.203689 0.204793 0.206229 0.206502 0.206634 0.206273
0.204880 0.203103 0.201742 0.200746 0.201105 0.201028
0.200049 0.198702 0.196981 0.195905 0.195295 0.195301
0.195856 0.195987 0.197200 0.198925 0.198981 0.197696
0.197564 0.197979 0.196449 0.195517 0.196502 0.196871
0.195715 0.194875 0.194745 0.194559 0.194024 0.193693
0.193451 0.193535 0.194188 0.194220 0.194347 0.194211
0.193829 0.194060 0.193700 0.194189 0.195082 0.195586
0.195779 0.194943 0.194475 0.194136 0.192394 0.191068
0.190181 0.189397 0.189351 0.189346 0.189138 0.189320
0.189327 0.188062 0.187931 0.188389 0.189341 0.190470
0.190313 0.190501 0.191676 0.192402 0.192698 0.193631
0.193579 0.192530 0.192616 0.193317 0.193861 0.194639
0.194870 0.194456 0.194311 0.195702 0.195087 0.193448
0.192327 0.192770 0.194188 0.196476 0.198097 0.199666
0.201609 0.203066 0.203392 0.202194 0.202296 0.203604
0.204568 0.204563 0.203813 0.203455 0.202823 0.202916
0.204289 0.204409 0.203792 0.204577 0.205191 0.203915
0.201808 0.200147 0.199832 0.200342 0.201343 0.201418
0.199565 0.199187 0.199400 0.198965 0.199034 0.198985
0.199341 0.199789 0.199556 0.199941 0.200852 0.200756
0.200633 0.200790 0.200642 0.200716 0.200522 0.199578
0.198796 0.198084 0.197541 0.197753 0.197642 0.196518
0.195402 0.193998 0.194325 0.197313 0.199473 0.199996
0.200007 0.199536 0.199116 0.199046 0.199024 0.199029
0.198634 0.198979 0.200185 0.200735 0.201896 0.203846
0.205345 0.205969 0.205461 0.204379 0.202678 0.201442
0.202191 0.202984 0.202387 0.201872 0.201415 0.200878
0.201228 0.202601 0.202975 0.202199 0.203246 0.204544
0.204034 0.203619 0.203416 0.202797 0.202619 0.202140
0.201520 0.202381 0.201764 0.200231 0.199621 0.197740
0.195942 0.195574 0.196399 0.196263 0.195130 0.195640
0.196726 0.196466 0.195947 0.195878 0.195431 0.194372
0.193486 0.193808 0.194223 0.193791 0.193156 0.192853
0.192832 0.192835 0.193185 0.194091 0.194657 0.194953
0.194453 0.194054 0.193511 0.192390 0.193252 0.193576
0.193410 0.194057 0.195011 0.195490 0.193930 0.192038
0.191557 0.191652 0.190707 0.190253 0.189847 0.188146
0.187668 0.188026 0.188854 0.189699 0.188894 0.187854
0.187963 0.188692 0.189004 0.189584 0.190853 0.192253
0.192344 0.192723 0.194253 0.193814 0.192626 0.193129
0.193748 0.194447 0.195488 0.195935 0.195865 0.195645
0.196103 0.195606 0.194328 0.193582 0.194091 0.195236
0.196340 0.197413 0.199591 0.201599 0.202812 0.203333
0.202715 0.202750 0.203363 0.204138 0.204316 0.203735
0.203473 0.203556 0.203400 0.203600 0.203983 0.204203
0.204921 0.205033 0.204962 0.204144 0.201908 0.200272
0.200414 0.201397 0.201741 0.200093 0.199255 0.199434
0.198436 0.197534 0.196613 0.196802 0.198235 0.198767
0.199038 0.200046 0.200736 0.200746 0.200188 0.199656
0.200280 0.201338 0.201373 0.200712 0.199773 0.198521
0.198659 0.198532 0.196763 0.195804 0.195270 0.195579
0.197341 0.198988 0.199397 0.199212 0.198975 0.199298
0.199488 0.198814 0.198224 0.198317 0.199151 0.200415
0.200050 0.200240 0.202306 0.203814 0.204535 0.204257
0.203589 0.201978 0.200372 0.200786 0.202234 0.202545
0.202785 0.203095 0.202440 0.202127 0.202979 0.203212
0.202347 0.202781 0.203384 0.202294 0.201252 0.200651
0.200890 0.202080 0.202365 0.202404 0.203587 0.203508
0.201794 0.200252 0.197648 0.195770 0.196016 0.196706
0.196303 0.195434 0.195510 0.195172 0.193957 0.193084
0.192418 0.192167 0.192618 0.192890 0.192621 0.192558
0.192948 0.191962 0.191664 0.192439 0.193014 0.194124
0.195251 0.195585 0.195182 0.195043 0.194865 0.193452
0.192113 0.192522 0.192504 0.192237 0.192528 0.193350
0.193815 0.192412 0.190261 0.189113 0.189043 0.189208
0.189327 0.188649 0.188181 0.188072 0.188243 0.189497
0.190892 0.191298 0.189951 0.188367 0.187677 0.188138
0.189596 0.191373 0.193072 0.192312 0.192146 0.193758
0.193876 0.193470 0.193629 0.194304 0.195564 0.196829
0.196682 0.196615 0.197023 0.196565 0.195488 0.194585
0.194450 0.194725 0.195601 0.196147 0.197583 0.199715
0.201196 0.202165 0.203234 0.204124 0.203665 0.202580
0.202814 0.203513 0.203734 0.203535 0.203900 0.203690
0.202642 0.203064 0.204321 0.204803 0.204272 0.204998
0.204893 0.202697 0.201859 0.201966 0.202417 0.202743
0.201566 0.200888 0.199940 0.197883 0.196954 0.196397
0.196056 0.197015 0.198555 0.199562 0.200301 0.200830
0.200978 0.200457 0.199846 0.200942 0.202514 0.202644
0.202145 0.201425 0.200216 0.199663 0.199082 0.197375
0.196475 0.196825 0.197275 0.198206 0.199673 0.200387
0.199651 0.199210 0.199502 0.199382 0.198771 0.198678
0.199230 0.199667 0.200484 0.199668 0.199299 0.201910
0.203473 0.203332 0.203449 0.203413 0.202183 0.200248
0.199481 0.200720 0.201978 0.203105 0.203881 0.202737
0.202465 0.203730 0.204493 0.203750 0.203087 0.202697
0.201747 0.201526 0.201403 0.201823 0.203009 0.203782
0.203673 0.204092 0.204157 0.202315 0.200081 0.197866
0.196499 0.195836 0.195625 0.195826 0.196020 0.195994
0.194808 0.193210 0.191992 0.191257 0.191471 0.191822
0.192024 0.192232 0.192211 0.192993 0.192691 0.192648
0.193839 0.195009 0.196019 0.196232 0.196542 0.195683
0.194897 0.195210 0.194456 0.193858 0.193398 0.192670
0.192322 0.191415 0.191345 0.192125 0.191374 0.189369
0.188354 0.188316 0.188926 0.188328 0.187522 0.189192
0.189681 0.189258 0.190280 0.191524 0.192546 0.191260
0.189244 0.188092 0.188015 0.189954 0.191674 0.193104
0.193101 0.192890 0.194105 0.194502 0.193985 0.194160
0.195462 0.196402 0.197536 0.197029 0.196780 0.198006
0.195626 0.194522 0.194026 0.194307 0.194102 0.194284
0.195510 0.196818 0.197919 0.199462 0.200579 0.201573
0.203365 0.203896 0.202708 0.202158 0.201666 0.202211
0.203369 0.203260 0.202539 0.201596 0.201951 0.203814
0.204632 0.203998 0.203907 0.203523 0.201235 0.200503
0.201715 0.202839 0.203589 0.203156 0.201629 0.199592
0.197920 0.197948 0.198370 0.197586 0.197433 0.198757
0.200044 0.200819 0.201377 0.201499 0.201283 0.200991
0.202459 0.204129 0.204021 0.203163 0.201899 0.200490
0.199051 0.198097 0.196842 0.195864 0.196593 0.197777
0.198933 0.200302 0.201533 0.200844 0.200454 0.200691
0.200379 0.199628 0.199233 0.199751 0.199915 0.199945
0.198682 0.198179 0.200028 0.201396 0.201989 0.202963
0.202734 0.201754 0.200700 0.199500 0.199767 0.200793
0.201887 0.203224 0.202496 0.202374 0.203388 0.204140
0.204088 0.202917 0.202691 0.202625 0.202574 0.202645
0.203221 0.204532 0.204886 0.204704 0.204802 0.204062
0.202620 0.200594 0.198810 0.197452 0.195765 0.194947
0.195413 0.195989 0.195587 0.194998 0.193898 0.192832
0.192725 0.192615 0.192497 0.192211 0.192572 0.192392
0.192755 0.193657 0.193659 0.194536 0.196014 0.196850
0.196761 0.196230 0.195670 0.195368 0.195656 0.196208
0.195975 0.194593 0.193854 0.193538 0.191696 0.190123
0.190274 0.190646 0.189422 0.188576 0.189923 0.190812
0.189471 0.188847 0.189619 0.190032 0.190246 0.190170
0.191025 0.192323 0.191289 0.190059 0.189872 0.189565
0.190256 0.191705 0.192620 0.192871 0.192626 0.192597
0.192896 0.192952 0.193925 0.195464 0.196555 0.197969
0.197868 0.197571 0.198303 0.195278 0.195164 0.194574
0.194138 0.193605 0.193118 0.194176 0.194683 0.195159
0.197034 0.198633 0.199378 0.201110 0.202920 0.202362
0.201311 0.200643 0.201111 0.202386 0.201660 0.200602
0.200614 0.201617 0.203017 0.203496 0.203889 0.203457
0.201995 0.200280 0.199481 0.200657 0.201970 0.202921
0.203340 0.202224 0.199996 0.198133 0.198515 0.199522
0.198987 0.198049 0.198498 0.199621 0.201221 0.202159
0.201469 0.201575 0.202075 0.203187 0.204098 0.203619
0.202849 0.201681 0.199896 0.197813 0.197028 0.197025
0.196165 0.196333 0.197444 0.198435 0.199903 0.201673
0.202167 0.201748 0.201516 0.201026 0.199901 0.199134
0.199160 0.199186 0.198639 0.197010 0.196894 0.197772
0.198574 0.199722 0.199981 0.199826 0.200285 0.200927
0.200965 0.200902 0.200924 0.201974 0.203051 0.202362
0.202485 0.202497 0.202919 0.204043 0.203433 0.203378
0.203129 0.202589 0.202869 0.202781 0.203634 0.204336
0.204917 0.205095 0.203699 0.202976 0.201959 0.199279
0.197733 0.196442 0.195143 0.196020 0.196088 0.195285
0.195978 0.195983 0.195246 0.194308 0.193014 0.192643
0.192570 0.192377 0.192143 0.193583 0.195180 0.195212
0.195961 0.196814 0.196346 0.195810 0.194842 0.194993
0.196159 0.196651 0.197444 0.197033 0.195276 0.194071
0.193319 0.191761 0.190150 0.189791 0.190142 0.189492
0.188786 0.189876 0.190645 0.189610 0.188895 0.189502
0.189938 0.190100 0.189808 0.190894 0.192795 0.192224
0.191656 0.191833 0.191337 0.190018 0.191278 0.192828
0.192470 0.192192 0.191528 0.191861 0.192913 0.193899
0.194678 0.196752 0.198602 0.198238 0.197505 0.197215
0.196370 0.196576 0.196136 0.195120 0.194328 0.193808
0.193702 0.193974 0.194474 0.195824 0.197006 0.197690
0.199531 0.201540 0.201280 0.200226 0.200468 0.200919
0.201305 0.200718 0.199917 0.200241 0.201536 0.202549
0.203081 0.203763 0.202759 0.200745 0.199950 0.200091
0.200510 0.201187 0.201400 0.201552 0.201899 0.200460
0.198341 0.198352 0.200094 0.200192 0.198681 0.198988
0.200321 0.201511 0.201569 0.200711 0.201175 0.202320
0.203303 0.203706 0.203034 0.201477 0.200248 0.199224
0.197534 0.196725 0.197159 0.196457 0.196129 0.196920
0.197904 0.199883 0.202117 0.203157 0.202965 0.202622
0.201684 0.200424 0.199348 0.198432 0.198521 0.198241
0.196508 0.196129 0.196628 0.197153 0.198242 0.197836
0.198326 0.200101 0.201038 0.201913 0.201654 0.201151
0.202034 0.202210 0.201663 0.202085 0.201845 0.202211
0.203564 0.203834 0.203466 0.202580 0.201997 0.202534
0.202200 0.201688 0.202475 0.203888 0.204298 0.203412
0.202799 0.201756 0.199330 0.197994 0.197006 0.195785
0.196543 0.196310 0.195771 0.196302 0.196501 0.196519
0.195617 0.194193 0.193033 0.192041 0.192209 0.193286
0.195094 0.196785 0.197421 0.197854 0.197569 0.196523
0.196493 0.196269 0.196139 0.196755 0.197115 0.197937
0.197700 0.195278 0.192883 0.192197 0.191882 0.191018
0.190378 0.190008 0.189366 0.189357 0.190183 0.190512
0.189136 0.187990 0.188984 0.189564 0.189236 0.189182
0.190279 0.191583 0.191888 0.192927 0.192462 0.191418
0.190848 0.191909 0.193374 0.192890 0.192577 0.192134
0.193146 0.194895 0.196011 0.196115 0.197143 0.198152
0.197209 0.196721 0.196697 0.197070 0.197062 0.197231
0.196365 0.195005 0.194898 0.194867 0.195063 0.196015
0.196909 0.196876 0.196779 0.197653 0.199198 0.200002
0.199728 0.200041 0.200189 0.199939 0.199851 0.199592
0.199910 0.201695 0.203102 0.203923 0.203597 0.201600
0.200086 0.199838 0.200435 0.200464 0.200592 0.200515
0.200611 0.200424 0.199657 0.199580 0.199806 0.201373
0.201662 0.199633 0.199441 0.200761 0.201075 0.200898
0.201166 0.201926 0.202875 0.203898 0.203586 0.201901
0.200411 0.199995 0.199515 0.198165 0.197310 0.196754
0.195746 0.195488 0.196502 0.198020 0.200017 0.201995
0.203109 0.203369 0.203536 0.203528 0.202109 0.200084
0.199239 0.199094 0.198289 0.196919 0.196781 0.197146
0.197846 0.199027 0.198547 0.199071 0.200810 0.201500
0.201832 0.200458 0.199889 0.201152 0.200909 0.200658
0.201210 0.201102 0.202098 0.203566 0.203626 0.202815
0.201603 0.200912 0.201751 0.201995 0.200517 0.200158
0.202092 0.203340 0.202955 0.202132 0.201198 0.199975
0.198342 0.197337 0.196546 0.196490 0.196349 0.195874
0.195296 0.195106 0.195535 0.195771 0.196093 0.195263
0.193159 0.193184 0.195315 0.196359 0.197504 0.198368
0.197915 0.197462 0.197573 0.198032 0.198601 0.198635
0.197195 0.196254 0.197026 0.196837 0.194833 0.192678
0.191739 0.191661 0.191091 0.190838 0.190836 0.190294
0.190131 0.190181 0.190223 0.189658 0.188925 0.189537
0.189681 0.188808 0.189213 0.190289 0.190089 0.190972
0.193387 0.192960 0.191597 0.192107 0.193054 0.193158
0.192956 0.193114 0.193285 0.194201 0.195638 0.197412
0.197493 0.196787 0.196506 0.195779 0.195799 0.195991
0.196679 0.196599 0.196543 0.195590 0.194606 0.195388
0.195983 0.195530 0.196086 0.197161 0.197029 0.196240
0.196272 0.197201 0.198372 0.199159 0.199226 0.198931
0.198846 0.199447 0.199401 0.199480 0.201734 0.203499
0.203699 0.203033 0.201841 0.200940 0.200538 0.200717
0.200042 0.199747 0.199876 0.199577 0.199720 0.200070
0.200856 0.201528 0.202471 0.202226 0.200446 0.199802
0.200698 0.202074 0.202834 0.203370 0.203963 0.204292
0.204349 0.203510 0.202075 0.201005 0.200413 0.199580
0.198172 0.197220 0.196644 0.195569 0.195914 0.197008
0.197662 0.199671 0.202321 0.203834 0.204311 0.204529
0.204151 0.202277 0.200740 0.200444 0.199705 0.198695
0.198517 0.199114 0.199120 0.199788 0.200390 0.199707
0.199886 0.201005 0.201211 0.200796 0.199913 0.199725
0.201469 0.201858 0.201157 0.201360 0.201577 0.202168
0.203369 0.203131 0.201946 0.201104 0.200506 0.201114
0.201474 0.200536 0.200060 0.201122 0.201822 0.201414
0.200984 0.200871 0.199974 0.198349 0.197617 0.197132
0.196808 0.196242 0.195493 0.194715 0.194449 0.194434
0.194794 0.196270 0.196522 0.195095 0.194545 0.196027
0.196926 0.197771 0.198616 0.197960 0.197869 0.198619
0.198391 0.197818 0.197846 0.196913 0.195927 0.195501
0.194501 0.193877 0.192747 0.191187 0.190161 0.189838
0.191097 0.191441 0.190575 0.190006 0.189334 0.188922
0.189696 0.190055 0.190589 0.191079 0.190058 0.190619
0.191164 0.189651 0.190632 0.192479 0.192349 0.192021
0.192910 0.194017 0.193187 0.192451 0.192077 0.192821
0.194160 0.195286 0.196145 0.195857 0.195830 0.195663
0.194866 0.195069 0.195618 0.195856 0.196059 0.196279
0.195700 0.195245 0.195594 0.195779 0.195041 0.194645
0.195820 0.196734 0.196863 0.196963 0.196282 0.196643
0.198266 0.198330 0.197973 0.198954 0.200096 0.199922
0.200002 0.201940 0.203624 0.203738 0.203451 0.203053
0.201791 0.200739 0.200516 0.199797 0.199414 0.199425
0.199595 0.200839 0.202106 0.202164 0.202322 0.202980
0.202062 0.200797 0.200777 0.201730 0.203809 0.205100
0.205505 0.205585 0.205179 0.204558 0.204333 0.204073
0.202406 0.200466 0.199352 0.198572 0.197638 0.196636
0.196394 0.197432 0.197901 0.197624 0.198603 0.201088
0.203085 0.203762 0.203382 0.202116 0.200751 0.200504
0.200613 0.200048 0.199939 0.200508 0.200964 0.200546
0.200834 0.200938 0.200273 0.200246 0.200682 0.201116
0.201288 0.201389 0.201169 0.201991 0.202052 0.201133
0.201469 0.201211 0.200721 0.202083 0.202353 0.201678
0.201760 0.200992 0.201071 0.201551 0.201319 0.201167
0.200780 0.200158 0.199926 0.200062 0.199754 0.198858
0.198426 0.198275 0.198351 0.198590 0.197583 0.196994
0.196288 0.194982 0.193961 0.194005 0.195239 0.196140
0.196355 0.195906 0.195941 0.197171 0.198512 0.198853
0.198357 0.197768 0.197663 0.197259 0.196541 0.196539
0.196882 0.196903 0.195656 0.194176 0.193718 0.192367
0.191580 0.190808 0.190247 0.191677 0.191954 0.191529
0.190882 0.189641 0.189646 0.190767 0.190800 0.191634
0.192628 0.192363 0.192755 0.192026 0.189913 0.189821
0.190529 0.190605 0.191688 0.193274 0.194537 0.194481
0.192789 0.190927 0.191604 0.193678 0.194719 0.194950
0.195257 0.195412 0.195346 0.194828 0.195247 0.196163
0.194872 0.195400 0.196288 0.196378 0.196329 0.195938
0.195270 0.195078 0.194780 0.195167 0.196680 0.197658
0.197228 0.196748 0.197513 0.198375 0.198068 0.198287
0.199818 0.200285 0.199779 0.200111 0.201603 0.203103
0.203523 0.203154 0.202659 0.201514 0.200234 0.199880
0.199879 0.199786 0.199292 0.200242 0.201806 0.202594
0.203039 0.202837 0.203425 0.202986 0.201629 0.201569
0.202114 0.203295 0.205074 0.206179 0.205703 0.205239
0.205009 0.204791 0.204072 0.202580 0.201136 0.200143
0.199683 0.199097 0.197724 0.197484 0.198230 0.197869
0.198154 0.198362 0.198557 0.200027 0.200871 0.200348
0.199904 0.200222 0.200268 0.200494 0.200656 0.200967
0.201372 0.201636 0.201604 0.201066 0.200382 0.199638
0.199486 0.200220 0.201823 0.202427 0.202422 0.201920
0.201129 0.200401 0.199673 0.200232 0.199701 0.199074
0.200429 0.201144 0.201668 0.202452 0.201873 0.201735
0.201885 0.201263 0.200934 0.200384 0.199067 0.198183
0.199216 0.199118 0.197172 0.197140 0.198699 0.199843
0.199363 0.197758 0.197579 0.197715 0.196359 0.194900
0.194261 0.193783 0.194163 0.195375 0.195679 0.195589
0.196787 0.198021 0.197980 0.197497 0.196688 0.195955
0.196189 0.197323 0.197942 0.198532 0.198715 0.197067
0.195663 0.194501 0.192360 0.191795 0.192115 0.191719
0.192160 0.192858 0.193184 0.191818 0.189715 0.190407
0.191157 0.190266 0.191258 0.192663 0.192969 0.193623
0.192456 0.190126 0.189297 0.189757 0.190563 0.191626
0.192958 0.193978 0.194325 0.192972 0.191871 0.192392
0.193322 0.193661 0.194472 0.195760 0.195061 0.194926
0.195504 0.195797 0.196273 0.193307 0.194134 0.194910
0.194661 0.195736 0.196513 0.195786 0.195754 0.195795
0.195183 0.195896 0.197118 0.197090 0.197575 0.198698
0.198905 0.198843 0.199351 0.200074 0.199396 0.198374
0.199463 0.200950 0.201919 0.202351 0.201802 0.201607
0.201275 0.199927 0.199767 0.199796 0.200087 0.200584
0.200978 0.201466 0.201258 0.202554 0.203198 0.203386
0.203400 0.202481 0.201985 0.201121 0.201090 0.203498
0.205246 0.204543 0.204000 0.203978 0.203959 0.202800
0.201433 0.201212 0.200702 0.199786 0.199556 0.198292
0.197486 0.197522 0.197190 0.198059 0.198186 0.197691
0.198353 0.198737 0.198393 0.198441 0.199286 0.200117
0.200706 0.201289 0.201775 0.201662 0.201312 0.201652
0.201065 0.199601 0.198778 0.198885 0.199653 0.201176
0.201639 0.201588 0.200838 0.198974 0.198770 0.198805
0.199160 0.198702 0.198047 0.199121 0.199914 0.200696
0.201583 0.202116 0.202199 0.201426 0.200555 0.200053
0.199680 0.198502 0.197205 0.198454 0.198542 0.196190
0.195783 0.198034 0.199675 0.198082 0.196758 0.197014
0.197405 0.197079 0.195884 0.194365 0.192801 0.192985
0.194067 0.194471 0.194998 0.195882 0.196802 0.197334
0.196689 0.196033 0.195922 0.196474 0.197633 0.198298
0.198722 0.198490 0.196960 0.195455 0.194058 0.192229
0.191620 0.191894 0.191252 0.191822 0.193490 0.193246
0.191825 0.190415 0.190288 0.190050 0.188976 0.189768
0.191658 0.192394 0.193219 0.192600 0.190577 0.189685
0.189682 0.190218 0.190291 0.191023 0.192286 0.192870
0.192566 0.192535 0.193064 0.193264 0.193291 0.193549
0.194248 0.194425 0.194753 0.194807 0.195155 0.195967
0.194193 0.194499 0.194020 0.193622 0.195061 0.196425
0.196799 0.196767 0.196617 0.196044 0.196024 0.196940
0.196942 0.196767 0.197520 0.197749 0.198452 0.199492
0.199619 0.198629 0.197792 0.198884 0.200064 0.200958
0.201852 0.201788 0.201425 0.200908 0.199790 0.199740
0.199865 0.200063 0.201020 0.201003 0.200473 0.200618
0.201907 0.202826 0.202610 0.202198 0.201812 0.201216
0.199999 0.200173 0.202357 0.203206 0.202357 0.201377
0.201572 0.202407 0.202280 0.201683 0.201154 0.200370
0.198955 0.198576 0.197976 0.197854 0.198073 0.197349
0.197152 0.197500 0.197529 0.197568 0.197482 0.197053
0.198117 0.200162 0.201655 0.201647 0.202027 0.203279
0.202579 0.200521 0.200461 0.200618 0.199050 0.198161
0.198984 0.199443 0.200123 0.200686 0.200399 0.199834
0.198320 0.197910 0.198105 0.198152 0.197100 0.196871
0.199122 0.199638 0.199577 0.200480 0.201200 0.201839
0.202013 0.200811 0.199341 0.198988 0.198167 0.197640
0.197720 0.197248 0.196286 0.195884 0.197295 0.197964
0.196795 0.196365 0.196864 0.196877 0.196658 0.196250
0.194353 0.193201 0.193180 0.193002 0.193239 0.194129
0.195688 0.196259 0.196642 0.196621 0.196169 0.196006
0.196071 0.196825 0.197343 0.197175 0.196977 0.195836
0.194008 0.193051 0.192357 0.191747 0.191345 0.190826
0.191430 0.193013 0.193655 0.193530 0.192181 0.190973
0.190486 0.190019 0.190378 0.191367 0.192242 0.193118
0.192392 0.190968 0.190486 0.189962 0.189420 0.188753
0.189208 0.190584 0.192181 0.192457 0.192284 0.193233
0.193522 0.193258 0.192734 0.192785 0.193269 0.192650
0.192242 0.193889 0.195333 0.195645 0.195113 0.194066
0.194135 0.195035 0.195983 0.196856 0.197415 0.197693
0.197190 0.197258 0.197759 0.197291 0.197121 0.197521
0.197619 0.198861 0.200066 0.199466 0.198279 0.197680
0.197851 0.199070 0.200134 0.200934 0.201224 0.200191
0.200013 0.199968 0.199223 0.198586 0.198782 0.199952
0.200062 0.199944 0.200494 0.201096 0.201763 0.201730
0.201630 0.201277 0.200662 0.199826 0.200020 0.201109
0.200837 0.199734 0.198699 0.199520 0.201566 0.202595
0.202646 0.201105 0.199464 0.198184 0.197426 0.197561
0.198148 0.198798 0.197993 0.196773 0.197096 0.197469
0.197088 0.196802 0.196954 0.199118 0.202148 0.203048
0.202349 0.202285 0.202792 0.202257 0.200002 0.199443
0.199958 0.198699 0.197922 0.198742 0.199278 0.199283
0.199397 0.199563 0.199478 0.199363 0.199136 0.197887
0.196983 0.196122 0.196836 0.199294 0.199901 0.200040
0.201034 0.201718 0.202427 0.202930 0.201407 0.199452
0.199297 0.198593 0.197560 0.196870 0.196411 0.196119
0.195517 0.195237 0.194757 0.194563 0.195297 0.196694
0.196899 0.196229 0.195406 0.193708 0.193097 0.192513
0.191521 0.191818 0.192350 0.193675 0.194687 0.195732
0.196611 0.196215 0.195879 0.195531 0.196210 0.196661
0.195984 0.195881 0.194978 0.192761 0.191333 0.191245
0.191047 0.190469 0.190724 0.191564 0.192577 0.194233
0.194968 0.193430 0.192446 0.192168 0.191885 0.191511
0.191471 0.192134 0.192301 0.191612 0.191221 0.191337
0.190692 0.189492 0.188760 0.189287 0.190565 0.192233
0.193388 0.193861 0.193983 0.193494 0.192940 0.192079
0.191373 0.191823 0.190993 0.190596 0.192811 0.194109
0.194259 0.194110 0.194357 0.194940 0.195315 0.195935
0.196257 0.196808 0.197605 0.197503 0.198130 0.198566
0.198922 0.200017 0.199325 0.198263 0.199709 0.200722
0.199049 0.197727 0.197527 0.197363 0.198282 0.199268
0.199979 0.200174 0.198932 0.198875 0.199910 0.199494
0.197907 0.198071 0.199493 0.199337 0.198839 0.199338
0.200000 0.200647 0.201272 0.201667 0.201267 0.200779
0.200261 0.199758 0.199247 0.198822 0.199394 0.199075
0.199239 0.201287 0.202369 0.202057 0.200515 0.198870
0.197760 0.196764 0.196055 0.195622 0.196500 0.197596
0.197314 0.196900 0.197190 0.197164 0.197324 0.198096
0.199770 0.201901 0.202262 0.202136 0.202037 0.200906
0.200205 0.199220 0.199652 0.200139 0.198545 0.197776
0.197979 0.198579 0.199151 0.199290 0.199609 0.199388
0.199785 0.199943 0.197486 0.195959 0.196256 0.197553
0.198916 0.199466 0.199907 0.200874 0.202299 0.203043
0.202353 0.200016 0.198537 0.198987 0.199101 0.198309
0.197473 0.196474 0.195498 0.194282 0.192622 0.192191
0.192826 0.194325 0.196289 0.196593 0.195327 0.193621
0.192666 0.192238 0.191207 0.190905 0.191009 0.190263
0.190700 0.192573 0.194808 0.196167 0.196168 0.195785
0.195367 0.195350 0.195513 0.195431 0.194734 0.193659
0.192125 0.190440 0.190413 0.191346 0.190649 0.190915
0.192496 0.192997 0.193602 0.194160 0.193729 0.193553
0.193501 0.193331 0.192354 0.191615 0.191777 0.191159
0.191134 0.191700 0.191717 0.190945 0.189226 0.188422
0.189737 0.191573 0.192613 0.194073 0.194901 0.193969
0.193085 0.192530 0.191723 0.190261 0.190825 0.191187
0.190811 0.191892 0.192345 0.193223 0.193661 0.194393
0.195658 0.196090 0.196169 0.196555 0.196930 0.197761
0.198254 0.199208 0.199793 0.200989 0.202603 0.201608
0.199725 0.199986 0.200809 0.199796 0.198370 0.197848
0.197634 0.198223 0.199503 0.200139 0.199999 0.199331
0.199296 0.200177 0.200552 0.199230 0.198928 0.199930
0.199477 0.198418 0.198254 0.198995 0.199996 0.200729
0.200730 0.199837 0.199609 0.200170 0.199637 0.199033
0.199037 0.199923 0.200015 0.199520 0.200586 0.201378
0.200946 0.199795 0.198473 0.196910 0.195660 0.194474
0.194008 0.195314 0.196486 0.197153 0.197074 0.196891
0.196834 0.197443 0.199037 0.200644 0.201363 0.201396
0.202476 0.202787 0.201062 0.199996 0.199640 0.199860
0.200159 0.199063 0.198276 0.198115 0.198584 0.199850
0.200593 0.200843 0.200375 0.199988 0.199796 0.198401
0.196632 0.196618 0.198329 0.198814 0.198451 0.199175
0.200607 0.201436 0.201066 0.200386 0.198628 0.197932
0.198780 0.198891 0.198963 0.198436 0.196876 0.195626
0.194119 0.192218 0.191597 0.192768 0.194255 0.195131
0.195598 0.194808 0.193561 0.192737 0.191948 0.191200
0.191586 0.191326 0.190526 0.190445 0.191839 0.194442
0.195701 0.196630 0.197064 0.196766 0.195772 0.194993
0.195530 0.194354 0.192435 0.191857 0.191117 0.191149
0.192561 0.192576 0.192553 0.193798 0.193846 0.193198
0.193812 0.194656 0.194515 0.194426 0.194425 0.193332
0.192239 0.191519 0.190601 0.190915 0.192018 0.192058
0.191197 0.189754 0.189215 0.191095 0.192644 0.193109
0.194184 0.194111 0.193186 0.192814 0.192143 0.191171
0.190521 0.191288 0.191711 0.191664 0.191615 0.191233
0.193786 0.194254 0.195117 0.195980 0.195886 0.195554
0.196380 0.197310 0.198099 0.199170 0.200318 0.201088
0.202351 0.203637 0.203117 0.201728 0.200963 0.200374
0.199950 0.199574 0.199177 0.198609 0.198503 0.199498
0.199805 0.199635 0.200058 0.200612 0.200889 0.201252
0.200618 0.199984 0.200655 0.200574 0.199130 0.198263
0.199147 0.200364 0.200645 0.199899 0.198783 0.198755
0.199487 0.199328 0.199553 0.199934 0.199673 0.199357
0.198832 0.199436 0.200052 0.199583 0.198725 0.197821
0.196806 0.195302 0.194407 0.194944 0.195874 0.196085
0.196580 0.196812 0.195964 0.195804 0.197190 0.199194
0.200786 0.201320 0.201107 0.201752 0.202532 0.201978
0.200969 0.200460 0.199617 0.199539 0.199628 0.198976
0.199086 0.199566 0.200390 0.200929 0.201323 0.201861
0.201312 0.200876 0.200570 0.198700 0.197839 0.198622
0.198504 0.198334 0.199219 0.200064 0.200331 0.199437
0.198823 0.198274 0.197683 0.198616 0.198695 0.198144
0.198220 0.197611 0.196721 0.195010 0.192855 0.191612
0.192350 0.193732 0.194398 0.195175 0.195053 0.193623
0.192334 0.191737 0.191689 0.192001 0.192057 0.192020
0.191530 0.192765 0.194749 0.195569 0.197036 0.198069
0.197636 0.196004 0.194610 0.194043 0.192556 0.191515
0.191452 0.191441 0.191548 0.192159 0.192834 0.192879
0.193565 0.194194 0.193752 0.194147 0.195828 0.195722
0.195231 0.194425 0.193047 0.192448 0.191362 0.190775
0.191901 0.193338 0.192740 0.191780 0.191013 0.191174
0.193246 0.194299 0.194358 0.194640 0.194097 0.193238
0.192863 0.192120 0.191042 0.191582 0.192419 0.192426
0.192389 0.191548 0.190928 0.196472 0.196376 0.196295
0.196022 0.194914 0.194468 0.195404 0.196184 0.196889
0.198206 0.199536 0.200616 0.201896 0.203499 0.203732
0.202601 0.201360 0.199638 0.199155 0.199701 0.200189
0.199165 0.198227 0.199309 0.199333 0.198832 0.199679
0.200176 0.200475 0.200832 0.200648 0.201011 0.200886
0.200251 0.199341 0.199062 0.200390 0.201796 0.201402
0.199329 0.198600 0.198887 0.199483 0.200136 0.200722
0.201107 0.200093 0.198917 0.198229 0.197792 0.198255
0.198721 0.197905 0.197331 0.197668 0.196520 0.195350
0.195366 0.195260 0.195042 0.195681 0.196302 0.194629
0.194649 0.196932 0.198452 0.199564 0.201361 0.201587
0.200428 0.201316 0.202049 0.201088 0.200462 0.199650
0.199523 0.199341 0.198958 0.199782 0.200009 0.200193
0.200597 0.201278 0.202160 0.202119 0.201436 0.200651
0.199994 0.199220 0.198379 0.197682 0.197858 0.198586
0.198478 0.199167 0.199280 0.198723 0.197881 0.196195
0.196540 0.197266 0.197033 0.197527 0.197320 0.196664
0.195691 0.193555 0.192285 0.192466 0.192808 0.193540
0.194438 0.194500 0.193905 0.192419 0.191014 0.190689
0.190833 0.191691 0.192551 0.193149 0.194454 0.194996
0.195517 0.196674 0.197147 0.196975 0.195656 0.194681
0.193519 0.191086 0.190632 0.191449 0.192344 0.192451
0.191861 0.192070 0.192170 0.192865 0.194186 0.194512
0.194395 0.195346 0.195534 0.195469 0.194607 0.192797
0.191891 0.190936 0.190937 0.192583 0.193927 0.193603
0.192571 0.191707 0.192645 0.194836 0.195720 0.195785
0.195473 0.194614 0.194118 0.192997 0.191650 0.191295
0.192640 0.193352 0.192164 0.191933 0.191683 0.191187
0.198798 0.198553 0.198025 0.197632 0.196054 0.195290
0.196220 0.196071 0.196286 0.197579 0.198827 0.199498
0.200535 0.202646 0.203704 0.203193 0.201701 0.199563
0.198913 0.199095 0.199060 0.198326 0.198461 0.199772
0.199690 0.198804 0.199137 0.199730 0.199991 0.200471
0.200340 0.201079 0.200789 0.199882 0.200111 0.200232
0.201068 0.201968 0.200694 0.198334 0.197463 0.198109
0.199454 0.200399 0.201545 0.202057 0.201061 0.199997
0.199154 0.197607 0.197400 0.198373 0.198372 0.198153
0.198214 0.197351 0.195929 0.194831 0.194198 0.193428
0.193973 0.195312 0.194518 0.195102 0.197163 0.198245
0.198937 0.200308 0.201058 0.200241 0.200614 0.201290
0.200179 0.198896 0.198780 0.199941 0.200210 0.200433
0.201496 0.201196 0.200746 0.200640 0.201329 0.202332
0.201912 0.200759 0.200040 0.200212 0.199860 0.198874
0.197598 0.196848 0.197139 0.197665 0.198837 0.198728
0.197907 0.196583 0.194881 0.194460 0.194285 0.195116
0.196460 0.196548 0.196298 0.196103 0.194682 0.193300
0.192397 0.191485 0.192076 0.192965 0.192995 0.193335
0.192441 0.191279 0.190620 0.190288 0.191170 0.192975
0.194930 0.195912 0.196273 0.196836 0.197097 0.197109
0.197251 0.196553 0.195958 0.193957 0.192053 0.192867
0.193821 0.194484 0.194777 0.194028 0.193435 0.193679
0.194612 0.195332 0.195079 0.194994 0.194879 0.194255
0.194742 0.194426 0.192630 0.191516 0.191144 0.191646
0.192692 0.194063 0.194798 0.193924 0.192912 0.194050
0.195647 0.196352 0.196544 0.195682 0.194744 0.194212
0.192782 0.191439 0.191443 0.192514 0.193017 0.191217
0.190514 0.191492 0.191697 0.199264 0.199410 0.200057
0.200317 0.199242 0.198480 0.198376 0.197323 0.196816
0.197768 0.199683 0.200074 0.200170 0.202144 0.203463
0.203211 0.202021 0.200606 0.199721 0.200007 0.199885
0.199810 0.200610 0.200776 0.200325 0.199875 0.199987
0.200009 0.200279 0.201278 0.201353 0.201501 0.201169
0.200469 0.200835 0.201346 0.201716 0.201370 0.199561
0.197550 0.196684 0.197610 0.199233 0.200556 0.201969
0.203044 0.202999 0.201605 0.200041 0.199036 0.198753
0.198766 0.199144 0.199082 0.198455 0.197275 0.195877
0.194703 0.193676 0.193012 0.194004 0.195506 0.195994
0.196612 0.197690 0.198799 0.199164 0.199120 0.199554
0.199793 0.199772 0.199954 0.199190 0.198183 0.197994
0.199075 0.200456 0.201806 0.202543 0.202232 0.201906
0.201520 0.201694 0.202370 0.201331 0.199785 0.199536
0.199552 0.199861 0.198937 0.197524 0.196825 0.196027
0.196864 0.198578 0.198408 0.197202 0.195548 0.194789
0.194032 0.192426 0.193263 0.194942 0.195888 0.196227
0.195866 0.194854 0.192922 0.191175 0.190296 0.190867
0.191463 0.191470 0.191706 0.191766 0.192306 0.192078
0.191200 0.191689 0.193539 0.195139 0.196053 0.196772
0.197039 0.196827 0.197011 0.197471 0.197455 0.196371
0.194256 0.194257 0.196074 0.197329 0.197205 0.196837
0.196692 0.196340 0.196854 0.197046 0.196333 0.195994
0.196523 0.195786 0.194019 0.194374 0.194021 0.192106
0.191485 0.192612 0.193277 0.193809 0.195355 0.195798
0.194650 0.193120 0.193928 0.196069 0.197077 0.196203
0.194707 0.194084 0.193718 0.192946 0.192090 0.192052
0.192846 0.193251 0.191306 0.190185 0.191494 0.192077
0.200787 0.200380 0.200469 0.200999 0.200943 0.200788
0.200001 0.198757 0.198149 0.198565 0.200227 0.200703
0.200533 0.201328 0.202169 0.202747 0.202532 0.202268
0.202355 0.202553 0.202438 0.202407 0.202816 0.202114
0.200842 0.200940 0.200890 0.200199 0.201234 0.202300
0.201905 0.201887 0.200883 0.200076 0.200918 0.201669
0.202328 0.201420 0.199279 0.198052 0.197358 0.197554
0.198991 0.200923 0.202234 0.203481 0.203881 0.202469
0.201132 0.200782 0.200238 0.199788 0.199725 0.199487
0.199280 0.197763 0.196406 0.195597 0.194609 0.194256
0.195626 0.197121 0.197347 0.197255 0.197651 0.198558
0.199022 0.198784 0.198897 0.199537 0.199428 0.199240
0.199176 0.198645 0.197815 0.197849 0.199341 0.201244
0.202128 0.202118 0.201849 0.202488 0.202427 0.201533
0.200526 0.199591 0.199541 0.199550 0.199638 0.198561
0.198172 0.198032 0.196518 0.196143 0.197328 0.198346
0.197944 0.196522 0.195229 0.194286 0.193275 0.193370
0.194063 0.194510 0.195073 0.195239 0.193834 0.191246
0.190451 0.190651 0.190139 0.189848 0.190220 0.190573
0.191034 0.191921 0.192302 0.191255 0.191079 0.192895
0.194811 0.196905 0.197275 0.196059 0.195359 0.196053
0.197093 0.197069 0.195447 0.194366 0.195309 0.196321
0.197366 0.197861 0.197775 0.198099 0.198407 0.198449
0.197804 0.196670 0.196269 0.196554 0.196045 0.194538
0.194524 0.194731 0.193190 0.192208 0.193166 0.193509
0.194395 0.195623 0.195423 0.194596 0.193066 0.193562
0.195878 0.196933 0.195796 0.194379 0.193588 0.193783
0.194135 0.193598 0.193610 0.194400 0.194732 0.192417
0.191377 0.192603 0.192753 0.201322 0.200659 0.200433
0.200947 0.201042 0.201091 0.200915 0.200457 0.200451
0.200331 0.200298 0.200331 0.200929 0.201143 0.201170
0.202483 0.203257 0.204044 0.204654 0.204258 0.203352
0.203020 0.203835 0.203548 0.202255 0.201897 0.201187
0.200644 0.201912 0.202701 0.202167 0.201712 0.200111
0.199443 0.200669 0.200761 0.201059 0.200786 0.198897
0.198032 0.197365 0.196960 0.198293 0.200192 0.201024
0.201616 0.202068 0.201656 0.201399 0.201310 0.200518
0.199883 0.199507 0.199613 0.199488 0.197978 0.197241
0.196589 0.195907 0.195767 0.196555 0.197802 0.197216
0.196019 0.196193 0.197367 0.197606 0.197511 0.198465
0.199353 0.199322 0.198783 0.198245 0.197432 0.196739
0.196639 0.197638 0.199994 0.201227 0.200881 0.201146
0.202138 0.202757 0.202480 0.201181 0.200658 0.200582
0.200589 0.200684 0.199553 0.199395 0.199185 0.197778
0.196625 0.197018 0.198265 0.198488 0.197086 0.195020
0.194588 0.194442 0.193737 0.193579 0.193603 0.193658
0.194125 0.192934 0.190549 0.189947 0.190341 0.189722
0.189138 0.189146 0.189557 0.190358 0.190581 0.190658
0.189927 0.189745 0.192149 0.195033 0.197188 0.196886
0.195237 0.194715 0.195448 0.196282 0.195992 0.194734
0.193665 0.194162 0.195071 0.196155 0.197811 0.199160
0.199620 0.199586 0.198912 0.197546 0.196369 0.195500
0.195127 0.194972 0.194436 0.194622 0.195294 0.194873
0.193882 0.194096 0.194560 0.194851 0.194854 0.194785
0.194965 0.194717 0.195179 0.196102 0.195810 0.194833
0.194323 0.193822 0.194408 0.195442 0.195281 0.195210
0.195287 0.195003 0.193320 0.192498 0.192587 0.192090
0.201254 0.201221 0.201496 0.201996 0.202426 0.202001
0.202041 0.202687 0.202814 0.202138 0.201165 0.201039
0.201536 0.201327 0.201590 0.203552 0.204932 0.205718
0.205486 0.204584 0.203532 0.203428 0.204724 0.204324
0.202994 0.202009 0.200608 0.201041 0.202695 0.203227
0.203180 0.202550 0.201097 0.200414 0.200711 0.200298
0.200289 0.200614 0.199323 0.197535 0.196447 0.196495
0.197858 0.199143 0.199131 0.199391 0.200008 0.199868
0.199852 0.200172 0.200165 0.199296 0.198584 0.199438
0.199312 0.197833 0.197637 0.197112 0.196555 0.196983
0.197485 0.197380 0.196658 0.195119 0.194338 0.195650
0.195710 0.195862 0.197413 0.198266 0.199015 0.198650
0.197729 0.197035 0.196154 0.195880 0.196719 0.199124
0.200344 0.200349 0.201480 0.202212 0.203250 0.203776
0.202115 0.201225 0.201356 0.201737 0.202305 0.200890
0.199339 0.199037 0.198069 0.196955 0.197122 0.197728
0.197788 0.196817 0.194793 0.194211 0.194383 0.193770
0.193177 0.193504 0.193807 0.193750 0.193091 0.191070
0.189271 0.189090 0.189244 0.188698 0.188260 0.189028
0.189626 0.189105 0.189112 0.189401 0.190100 0.192468
0.194609 0.195508 0.195202 0.194656 0.194660 0.194728
0.195318 0.195784 0.195117 0.194084 0.194006 0.195196
0.196959 0.198835 0.200469 0.201315 0.200639 0.198933
0.196796 0.194791 0.193304 0.192702 0.192891 0.193082
0.194004 0.195349 0.195715 0.194864 0.195337 0.196125
0.195801 0.195299 0.195249 0.195959 0.197091 0.197462
0.197043 0.195550 0.194628 0.194998 0.195178 0.195499
0.195561 0.194793 0.194414 0.194594 0.194283 0.193381
0.192351 0.191516 0.191069 0.203059 0.202727 0.202759
0.203975 0.205157 0.204034 0.203595 0.204474 0.204184
0.203196 0.202010 0.202161 0.202494 0.201854 0.202503
0.204950 0.206765 0.207078 0.206174 0.204700 0.203553
0.203479 0.204788 0.204341 0.202208 0.201098 0.200331
0.201144 0.203035 0.204018 0.203890 0.203154 0.202964
0.202946 0.202304 0.201681 0.201857 0.201806 0.199947
0.197644 0.196077 0.196226 0.197383 0.197735 0.197498
0.197527 0.198551 0.199187 0.199376 0.199686 0.200078
0.199736 0.199698 0.200458 0.199561 0.198183 0.197919
0.197711 0.197953 0.198482 0.198493 0.197646 0.197202
0.195959 0.194050 0.193835 0.194386 0.195697 0.197184
0.197752 0.198742 0.199168 0.198521 0.197831 0.196732
0.196593 0.198034 0.199364 0.200527 0.202086 0.203191
0.203859 0.203860 0.203127 0.201818 0.201439 0.202166
0.202060 0.201685 0.200079 0.198527 0.198826 0.198040
0.197220 0.197417 0.197388 0.197171 0.196479 0.194733
0.193940 0.194522 0.194170 0.192821 0.193083 0.194028
0.193323 0.192751 0.191412 0.189709 0.189643 0.189236
0.188331 0.188302 0.189047 0.189435 0.188939 0.189567
0.190031 0.190270 0.191858 0.193293 0.194561 0.194751
0.194423 0.193661 0.193025 0.194461 0.196063 0.195302
0.194360 0.194890 0.196363 0.197794 0.198842 0.199255
0.199783 0.199703 0.197719 0.196108 0.194550 0.192337
0.191536 0.191979 0.192575 0.194352 0.196102 0.196111
0.195376 0.195854 0.196893 0.197908 0.198200 0.197636
0.198256 0.199085 0.198349 0.197692 0.197220 0.196759
0.196436 0.196612 0.196230 0.195064 0.194054 0.193339
0.193706 0.193757 0.192548 0.191587 0.191899 0.192194
0.204158 0.203591 0.203984 0.205166 0.206057 0.205896
0.205508 0.205987 0.205259 0.203789 0.202848 0.202934
0.203218 0.202843 0.203480 0.205808 0.207737 0.207560
0.205694 0.204052 0.203454 0.203575 0.204650 0.203833
0.201550 0.200930 0.200780 0.201647 0.203539 0.204219
0.203509 0.203406 0.204215 0.204362 0.203427 0.202540
0.202872 0.202622 0.200686 0.198394 0.195921 0.194717
0.195262 0.196289 0.196760 0.197105 0.198408 0.199302
0.199411 0.199573 0.200263 0.200423 0.200993 0.201339
0.200056 0.199519 0.199646 0.200070 0.200733 0.200516
0.200001 0.199105 0.197802 0.196243 0.194689 0.194085
0.194540 0.195263 0.196607 0.197795 0.198353 0.198828
0.198621 0.198135 0.197622 0.197888 0.199231 0.199840
0.200823 0.203227 0.204496 0.204232 0.203597 0.202956
0.201821 0.201347 0.202120 0.201845 0.200275 0.198636
0.198491 0.199306 0.198669 0.198132 0.197926 0.196861
0.196480 0.195636 0.194392 0.194460 0.194775 0.194417
0.193273 0.193082 0.193134 0.192275 0.191802 0.191141
0.190074 0.190442 0.190357 0.189628 0.189865 0.190421
0.190750 0.190768 0.191191 0.191019 0.190706 0.191180
0.191777 0.192848 0.193655 0.193719 0.193196 0.192935
0.194224 0.195995 0.195187 0.194123 0.195594 0.197051
0.197607 0.197682 0.197513 0.197391 0.197160 0.195832
0.195992 0.196464 0.194690 0.193454 0.193311 0.194145
0.195616 0.197000 0.196721 0.196127 0.197131 0.198121
0.199628 0.200771 0.200764 0.200895 0.200226 0.198859
0.198921 0.198656 0.197833 0.197970 0.197961 0.197675
0.196671 0.194967 0.193510 0.192998 0.192802 0.191990
0.192070 0.192783 0.192824 0.204806 0.204551 0.205039
0.205568 0.206394 0.207024 0.206851 0.206827 0.205347
0.203674 0.203487 0.203476 0.203054 0.203564 0.204800
0.206617 0.207863 0.207022 0.204815 0.203154 0.202995
0.203419 0.204116 0.203465 0.202200 0.201892 0.201521
0.202365 0.203783 0.203442 0.202761 0.203023 0.203462
0.203319 0.203202 0.202712 0.202387 0.202090 0.201142
0.199134 0.196316 0.194564 0.194767 0.196176 0.196751
0.197269 0.198270 0.198907 0.198477 0.198648 0.199844
0.200654 0.201228 0.201343 0.200849 0.200700 0.201288
0.201568 0.201547 0.201205 0.200323 0.199030 0.197247
0.196029 0.195470 0.195360 0.195105 0.194394 0.195068
0.196981 0.198461 0.198479 0.198106 0.198198 0.198375
0.198696 0.199807 0.200594 0.201334 0.203329 0.204819
0.204322 0.203254 0.202973 0.201836 0.200643 0.200896
0.200862 0.199299 0.198673 0.200019 0.200696 0.199830
0.198377 0.196982 0.195679 0.195218 0.194503 0.193637
0.193491 0.193323 0.193710 0.194481 0.194149 0.192776
0.192171 0.191977 0.191192 0.190044 0.190549 0.191804
0.191645 0.191084 0.191571 0.191907 0.191815 0.192100
0.191679 0.190794 0.190706 0.190990 0.191217 0.192220
0.193232 0.194002 0.194494 0.194696 0.195236 0.194966
0.194928 0.195924 0.196661 0.197368 0.197499 0.196765
0.196330 0.196119 0.195371 0.196228 0.197147 0.196125
0.195157 0.194658 0.194836 0.195884 0.197302 0.197710
0.197662 0.198781 0.199504 0.200137 0.201056 0.201687
0.201865 0.200538 0.199230 0.199377 0.198724 0.198119
0.199375 0.199826 0.199632 0.198423 0.195931 0.193749
0.192344 0.192631 0.193241 0.193598 0.193463 0.192906
0.205479 0.205474 0.205889 0.206330 0.207390 0.208010
0.208327 0.207977 0.205773 0.204526 0.204498 0.203661
0.203006 0.204274 0.205650 0.206960 0.207404 0.206926
0.206045 0.204894 0.204301 0.203865 0.203990 0.203710
0.202702 0.202226 0.202593 0.202585 0.202352 0.202152
0.201957 0.202158 0.202079 0.201828 0.202266 0.202636
0.202476 0.201839 0.200670 0.198391 0.196357 0.195548
0.195700 0.196485 0.196705 0.196779 0.196820 0.198202
0.198407 0.197828 0.198736 0.199629 0.200386 0.201115
0.201418 0.201601 0.201936 0.200966 0.200318 0.200473
0.199688 0.198420 0.197139 0.195968 0.195132 0.195346
0.195291 0.194711 0.195338 0.196993 0.198391 0.198240
0.197430 0.197901 0.198783 0.198703 0.199275 0.200963
0.202452 0.203846 0.204570 0.203827 0.202802 0.202195
0.201252 0.200335 0.199783 0.199454 0.198837 0.198807
0.200205 0.201080 0.200231 0.198170 0.196253 0.195225
0.194673 0.193596 0.192216 0.190934 0.190547 0.191036
0.192144 0.193213 0.192665 0.192317 0.192536 0.191485
0.190066 0.190552 0.192349 0.192485 0.191613 0.192065
0.191659 0.190371 0.191004 0.191260 0.190044 0.190124
0.191299 0.191926 0.192692 0.193957 0.194889 0.194307
0.193960 0.194548 0.194971 0.195704 0.195550 0.195297
0.196187 0.197060 0.196627 0.196022 0.196042 0.196201
0.197468 0.198005 0.196967 0.196598 0.195963 0.194756
0.195638 0.197241 0.198345 0.199223 0.199991 0.200780
0.200899 0.201254 0.201528 0.201300 0.200330 0.199451
0.199239 0.198420 0.198659 0.199708 0.200006 0.199829
0.198257 0.196381 0.194954 0.193517 0.194143 0.195136
0.194897 0.194233 0.193523 0.205196 0.205279 0.206312
0.207166 0.207862 0.208979 0.209912 0.209556 0.207451
0.206999 0.206560 0.203657 0.202804 0.204452 0.206156
0.206974 0.206519 0.206626 0.206395 0.205818 0.205198
0.204148 0.203662 0.203177 0.202462 0.201965 0.202552
0.202678 0.202078 0.201545 0.200952 0.201231 0.201341
0.201272 0.201354 0.201510 0.201580 0.200957 0.199791
0.197344 0.195638 0.196030 0.196654 0.196571 0.196155
0.195851 0.196220 0.198696 0.199656 0.198573 0.198055
0.198107 0.199044 0.200273 0.201287 0.202036 0.201885
0.200727 0.200550 0.200333 0.199607 0.198952 0.197465
0.195902 0.195176 0.195156 0.195301 0.195387 0.196388
0.197406 0.197096 0.196578 0.196347 0.197207 0.198657
0.198525 0.197870 0.199602 0.201951 0.203371 0.202935
0.201382 0.201198 0.200942 0.199801 0.198923 0.198690
0.198825 0.198811 0.198669 0.199448 0.200170 0.199914
0.198783 0.197261 0.195452 0.193929 0.192138 0.190018
0.188779 0.188525 0.188546 0.189133 0.190803 0.191793
0.191952 0.192328 0.191570 0.190388 0.191225 0.193458
0.194663 0.193800 0.192538 0.190816 0.189802 0.190103
0.190359 0.190210 0.190827 0.192183 0.192961 0.193163
0.193952 0.195100 0.194273 0.193244 0.193496 0.194009
0.194695 0.194672 0.194372 0.195546 0.196866 0.197022
0.196492 0.196023 0.197075 0.198675 0.199346 0.198503
0.197519 0.196724 0.195902 0.196105 0.196935 0.198372
0.199973 0.200570 0.201064 0.201760 0.201791 0.201382
0.200562 0.199385 0.198840 0.198439 0.197598 0.198373
0.198875 0.198596 0.198356 0.197459 0.197159 0.197240
0.196220 0.195801 0.195841 0.195075 0.194164 0.193540
0.205958 0.205924 0.206242 0.207019 0.207505 0.208216
0.209503 0.210220 0.209723 0.209172 0.207657 0.204721
0.204059 0.205308 0.206973 0.207050 0.205637 0.205828
0.205667 0.204155 0.203072 0.202721 0.202942 0.203387
0.203612 0.202761 0.201992 0.202535 0.202638 0.201846
0.200983 0.200617 0.200364 0.200204 0.199846 0.199671
0.199523 0.198886 0.198230 0.197066 0.196221 0.197165
0.197939 0.196897 0.196174 0.196575 0.198041 0.200192
0.200397 0.199416 0.198748 0.198478 0.198998 0.199604
0.200044 0.200354 0.200664 0.200456 0.200527 0.199848
0.199090 0.198272 0.196241 0.195367 0.195058 0.194674
0.195598 0.196486 0.197209 0.197752 0.197401 0.196209
0.195767 0.196879 0.197807 0.198253 0.197785 0.198160
0.200143 0.201778 0.200956 0.199776 0.200264 0.199541
0.198143 0.198061 0.198549 0.198522 0.198350 0.198527
0.198932 0.199250 0.199423 0.199176 0.197931 0.195404
0.192793 0.190692 0.188845 0.187983 0.187704 0.188025
0.188760 0.189046 0.190414 0.191408 0.191913 0.192546
0.191973 0.192342 0.194098 0.195117 0.194289 0.192285
0.190620 0.190664 0.190860 0.191491 0.191676 0.191543
0.191798 0.192289 0.192468 0.192723 0.194006 0.194476
0.193590 0.192436 0.192869 0.193989 0.194010 0.193967
0.195973 0.197682 0.197793 0.197479 0.197081 0.198057
0.198639 0.198757 0.198304 0.196682 0.195793 0.196006
0.195831 0.195963 0.197390 0.199129 0.200486 0.201246
0.202204 0.201970 0.201267 0.200314 0.198374 0.197358
0.196818 0.196578 0.197059 0.197012 0.197180 0.197292
0.197111 0.198004 0.198609 0.197805 0.196860 0.196196
0.195368 0.194439 0.194003 0.206406 0.206302 0.205642
0.205061 0.205316 0.205772 0.207367 0.209571 0.209911
0.208997 0.207628 0.206090 0.205812 0.206473 0.207370
0.206693 0.204990 0.204838 0.204623 0.202791 0.201193
0.200827 0.201661 0.203407 0.204121 0.203341 0.202055
0.202347 0.202971 0.201721 0.200999 0.200608 0.199477
0.198449 0.198056 0.198679 0.199004 0.198191 0.198135
0.198284 0.197743 0.198281 0.198555 0.197869 0.197261
0.197806 0.199048 0.200491 0.200621 0.199757 0.199616
0.199060 0.199431 0.199757 0.199560 0.199929 0.200336
0.200594 0.200076 0.198956 0.198334 0.197082 0.195440
0.195039 0.194117 0.193825 0.195683 0.196565 0.197335
0.198171 0.197907 0.196683 0.195706 0.195773 0.196258
0.197367 0.197611 0.197577 0.198726 0.200036 0.199697
0.199011 0.199277 0.198136 0.197297 0.198629 0.199537
0.199090 0.198443 0.198097 0.198156 0.198591 0.199001
0.199167 0.198171 0.195471 0.192355 0.190323 0.188914
0.187628 0.187558 0.188388 0.188707 0.188865 0.189582
0.190459 0.191501 0.193302 0.193960 0.193550 0.193528
0.193464 0.192846 0.191594 0.190684 0.190899 0.191396
0.192916 0.193263 0.191972 0.191525 0.191265 0.190709
0.191875 0.193706 0.194461 0.194000 0.192580 0.193036
0.194136 0.194015 0.193999 0.195335 0.197089 0.198458
0.198195 0.197294 0.197594 0.197162 0.197034 0.197063
0.195647 0.194464 0.194506 0.194894 0.195865 0.197064
0.197999 0.199998 0.201332 0.202150 0.202021 0.200581
0.199243 0.197979 0.196913 0.196276 0.196131 0.195992
0.195735 0.195877 0.196933 0.197656 0.197632 0.197768
0.197784 0.197078 0.196740 0.196501 0.195710 0.195361
0.205791 0.205869 0.204835 0.203302 0.203550 0.204189
0.205274 0.207098 0.207362 0.207263 0.207489 0.206433
0.205795 0.206597 0.207095 0.205651 0.203367 0.202727
0.202516 0.201343 0.200136 0.199672 0.200676 0.202220
0.202669 0.202865 0.202472 0.203015 0.203506 0.201035
0.199885 0.199720 0.198436 0.197567 0.197794 0.198584
0.198918 0.198525 0.198808 0.199265 0.198832 0.199451
0.199996 0.199497 0.198757 0.198926 0.199730 0.200594
0.200530 0.199604 0.198976 0.198879 0.199892 0.200561
0.200530 0.200432 0.200542 0.200918 0.200073 0.198916
0.198642 0.198175 0.197220 0.196016 0.193939 0.192987
0.194262 0.194766 0.195982 0.197349 0.196992 0.196053
0.195137 0.194586 0.195471 0.196569 0.196502 0.196642
0.197229 0.198280 0.198670 0.198040 0.197785 0.197312
0.197320 0.198726 0.199632 0.199172 0.198328 0.198055
0.198385 0.198755 0.199776 0.200289 0.198522 0.195754
0.192633 0.190611 0.189386 0.187768 0.188099 0.189208
0.189795 0.190970 0.191474 0.191461 0.192155 0.193130
0.194297 0.194227 0.193325 0.193811 0.193088 0.191858
0.191987 0.191968 0.191414 0.192080 0.192982 0.192141
0.192140 0.192156 0.190826 0.192005 0.193604 0.194020
0.193826 0.192829 0.193513 0.194333 0.194150 0.193858
0.193716 0.195249 0.197444 0.197622 0.196549 0.195848
0.195249 0.195204 0.195734 0.194897 0.193581 0.193664
0.195352 0.197055 0.197389 0.197724 0.199369 0.200860
0.201561 0.200851 0.199365 0.198328 0.197668 0.197012
0.196294 0.195354 0.195162 0.195235 0.194836 0.196153
0.196878 0.196258 0.196403 0.196641 0.196383 0.196468
0.196528 0.195889 0.195392 0.206060 0.205883 0.204727
0.203528 0.203943 0.203914 0.203714 0.204519 0.205349
0.206546 0.207189 0.206891 0.206534 0.206956 0.206956
0.205094 0.202404 0.201458 0.200981 0.199901 0.199720
0.199748 0.200503 0.200787 0.200858 0.201321 0.201613
0.202879 0.203693 0.201385 0.199216 0.198857 0.198072
0.197572 0.197383 0.197432 0.197857 0.198729 0.199650
0.200006 0.199319 0.199410 0.201071 0.200548 0.199449
0.200078 0.200671 0.200809 0.199851 0.198543 0.197965
0.198146 0.199436 0.201230 0.201825 0.201123 0.201028
0.200211 0.199069 0.199299 0.199005 0.198709 0.198338
0.196972 0.195052 0.193655 0.193424 0.193616 0.194422
0.195683 0.196147 0.195472 0.195154 0.195267 0.195984
0.196798 0.196802 0.196941 0.196874 0.197495 0.197892
0.197119 0.196737 0.197096 0.197711 0.198532 0.199046
0.198603 0.198043 0.198106 0.198693 0.199396 0.200757
0.200789 0.198024 0.195494 0.193487 0.191991 0.190860
0.189572 0.189951 0.190406 0.190915 0.192279 0.193274
0.194007 0.193908 0.193658 0.194638 0.195030 0.194373
0.194699 0.194223 0.193836 0.194194 0.193308 0.192397
0.192714 0.193082 0.192534 0.193082 0.194239 0.193842
0.193613 0.194046 0.194254 0.194016 0.193234 0.193742
0.194270 0.194025 0.193227 0.192203 0.193729 0.196170
0.196876 0.196015 0.194474 0.193954 0.193842 0.194320
0.194918 0.194995 0.195027 0.195879 0.197200 0.197461
0.198224 0.199482 0.200473 0.201015 0.199796 0.198232
0.197444 0.196947 0.196641 0.195475 0.193383 0.193271
0.194233 0.194227 0.195242 0.195791 0.195505 0.195461
0.195385 0.195278 0.195685 0.195807 0.194572 0.193683
0.206678 0.206486 0.205884 0.205287 0.205126 0.204332
0.203510 0.204310 0.205706 0.206928 0.207604 0.207568
0.206657 0.206450 0.206758 0.205572 0.203684 0.202425
0.201207 0.200076 0.200164 0.199831 0.199645 0.199470
0.199323 0.199198 0.199507 0.201343 0.203130 0.202254
0.199735 0.199011 0.198587 0.197733 0.197350 0.197406
0.197778 0.199087 0.200002 0.200381 0.199989 0.199480
0.201108 0.200680 0.199477 0.199628 0.199030 0.198558
0.198233 0.197664 0.197287 0.197666 0.199426 0.201177
0.201902 0.201658 0.200886 0.200064 0.199773 0.200478
0.200126 0.199145 0.198092 0.197167 0.196417 0.194996
0.193488 0.192761 0.193317 0.194462 0.194772 0.194502
0.195123 0.196189 0.196811 0.197124 0.197292 0.197378
0.197315 0.197575 0.197683 0.197354 0.196816 0.197434
0.198001 0.198131 0.198701 0.198553 0.198135 0.198017
0.199041 0.200245 0.200524 0.199327 0.197677 0.196316
0.194683 0.193636 0.192965 0.192007 0.191399 0.190549
0.190804 0.192470 0.193281 0.194105 0.194769 0.195112
0.195774 0.196250 0.195763 0.194888 0.194608 0.194578
0.194410 0.194047 0.194389 0.194722 0.193969 0.193483
0.194018 0.195291 0.196015 0.195589 0.195777 0.195710
0.195264 0.194263 0.193333 0.193396 0.193494 0.193102
0.192228 0.192984 0.194913 0.195688 0.195117 0.194045
0.193879 0.193813 0.194498 0.196362 0.197261 0.196734
0.196176 0.197512 0.198615 0.199041 0.199340 0.199494
0.200286 0.199502 0.197048 0.196201 0.196145 0.195029
0.193298 0.191745 0.192046 0.193471 0.194129 0.194599
0.195066 0.195258 0.195353 0.195032 0.194449 0.194914
0.195192 0.193808 0.192839 0.206952 0.207107 0.206407
0.205624 0.205185 0.204572 0.204442 0.205458 0.206597
0.206924 0.207262 0.207213 0.206732 0.206286 0.206528
0.205918 0.204570 0.203464 0.202058 0.201107 0.200692
0.200004 0.199701 0.200198 0.200163 0.199179 0.198457
0.199956 0.201736 0.201581 0.200593 0.199962 0.199561
0.199219 0.198766 0.198714 0.199474 0.200632 0.201133
0.201116 0.200988 0.199986 0.200396 0.200903 0.200065
0.198529 0.197174 0.196777 0.197095 0.197275 0.197339
0.198787 0.200867 0.201586 0.201622 0.201815 0.201490
0.201765 0.202081 0.202096 0.201774 0.200372 0.198780
0.198298 0.197780 0.195703 0.193570 0.193145 0.193957
0.194097 0.193736 0.194303 0.195401 0.196490 0.197300
0.196947 0.197209 0.197850 0.198367 0.199290 0.199749
0.199491 0.198451 0.198787 0.199151 0.198865 0.198962
0.199094 0.198330 0.197813 0.198762 0.199768 0.199707
0.198547 0.198223 0.197964 0.196139 0.194692 0.194441
0.193259 0.191827 0.191258 0.192020 0.193584 0.193886
0.193291 0.194329 0.196092 0.196685 0.196945 0.196610
0.195371 0.195220 0.194838 0.194844 0.195846 0.196010
0.195354 0.194125 0.193609 0.193389 0.194797 0.196426
0.196141 0.196154 0.196139 0.196263 0.195221 0.192923
0.192982 0.193974 0.193623 0.192928 0.192625 0.193331
0.194922 0.194797 0.193948 0.194348 0.193872 0.194205
0.196108 0.197144 0.197476 0.197391 0.197982 0.198410
0.197965 0.197385 0.197342 0.197889 0.197089 0.195726
0.196293 0.196241 0.193640 0.191718 0.191406 0.192147
0.193053 0.193752 0.194319 0.194177 0.194584 0.194809
0.194049 0.193807 0.194997 0.195278 0.193883 0.193131
0.207513 0.207741 0.206803 0.205285 0.204736 0.204881
0.205348 0.205831 0.206250 0.206100 0.205376 0.205292
0.206669 0.207038 0.206751 0.206061 0.204647 0.203713
0.202740 0.201666 0.200487 0.200101 0.199502 0.199980
0.200782 0.199783 0.198886 0.199520 0.200658 0.200349
0.200161 0.200086 0.199561 0.200192 0.200272 0.200179
0.201111 0.202484 0.203542 0.202895 0.201899 0.200786
0.200594 0.200882 0.199790 0.197902 0.196871 0.197299
0.197588 0.197273 0.198050 0.199747 0.201378 0.202598
0.202812 0.203020 0.203104 0.202793 0.202648 0.202619
0.201493 0.199358 0.198846 0.199508 0.198557 0.195505
0.193556 0.194670 0.195663 0.194615 0.193952 0.194910
0.196389 0.197223 0.197883 0.198057 0.198476 0.199725
0.201182 0.202170 0.201576 0.200866 0.200093 0.199261
0.199051 0.199157 0.199114 0.199217 0.198830 0.198157
0.197709 0.197875 0.198663 0.198509 0.198216 0.197651
0.196220 0.194918 0.194221 0.193381 0.192622 0.192821
0.193510 0.194147 0.194575 0.194907 0.195527 0.196767
0.197262 0.196975 0.196893 0.196990 0.197294 0.196978
0.196551 0.196577 0.196143 0.195777 0.195362 0.194210
0.193687 0.194878 0.195745 0.195900 0.196592 0.196832
0.197058 0.195847 0.193604 0.193839 0.194571 0.193688
0.193757 0.194047 0.194073 0.195499 0.195012 0.193571
0.193704 0.193147 0.192795 0.193751 0.195127 0.197099
0.198035 0.197984 0.197742 0.196857 0.196025 0.195835
0.195365 0.194513 0.195187 0.195869 0.195313 0.193430
0.192373 0.192459 0.192764 0.193517 0.194585 0.194853
0.193636 0.193663 0.193154 0.192561 0.193518 0.194565
0.194546 0.193849 0.193710 0.208449 0.208802 0.208057
0.206697 0.205560 0.204589 0.204773 0.205633 0.206190
0.205128 0.203770 0.203644 0.204737 0.205938 0.205734
0.205408 0.205213 0.203808 0.202960 0.202234 0.200217
0.199014 0.198605 0.198948 0.199611 0.199443 0.199174
0.199604 0.200092 0.199354 0.199159 0.199450 0.199125
0.200299 0.201397 0.201540 0.201975 0.203222 0.204206
0.203913 0.203190 0.202084 0.201264 0.200837 0.199972
0.198681 0.197676 0.198079 0.198369 0.197539 0.198189
0.199024 0.199927 0.201910 0.203428 0.203801 0.203270
0.202574 0.202571 0.202552 0.200955 0.198945 0.198714
0.199271 0.198298 0.195639 0.194360 0.196029 0.196759
0.195286 0.194702 0.196102 0.197376 0.197904 0.199060
0.199871 0.199750 0.200643 0.202297 0.202983 0.201997
0.200789 0.199615 0.198096 0.197892 0.198497 0.198589
0.197946 0.198523 0.198880 0.197302 0.197252 0.198615
0.198687 0.197762 0.196522 0.195032 0.193948 0.193138
0.193083 0.193270 0.193404 0.193832 0.194519 0.195891
0.196848 0.197170 0.197721 0.197559 0.197564 0.197606
0.197566 0.198151 0.198086 0.196862 0.195476 0.195285
0.196229 0.196762 0.195871 0.195825 0.196281 0.195684
0.196487 0.198264 0.197750 0.197061 0.196348 0.194861
0.194816 0.194439 0.193557 0.194185 0.195118 0.195159
0.195567 0.195359 0.194384 0.194093 0.193427 0.193134
0.193433 0.194372 0.196348 0.197464 0.197830 0.197410
0.196708 0.196416 0.195625 0.194427 0.194109 0.195118
0.194569 0.193359 0.192968 0.193330 0.193213 0.192725
0.193632 0.194788 0.194835 0.193770 0.193476 0.193226
0.193406 0.193546 0.192417 0.192868 0.194315 0.194764
0.209039 0.208626 0.208154 0.207980 0.207385 0.205785
0.204681 0.205041 0.205571 0.204977 0.204211 0.203568
0.203567 0.204974 0.204644 0.203835 0.204204 0.203628
0.202898 0.201484 0.199365 0.198313 0.198137 0.198004
0.198411 0.198986 0.198816 0.199252 0.199392 0.198498
0.198692 0.199434 0.199956 0.201629 0.202830 0.202840
0.203171 0.203701 0.204019 0.204359 0.204417 0.203263
0.201755 0.201533 0.200845 0.199294 0.198405 0.198130
0.198360 0.198676 0.199254 0.198813 0.198738 0.200618
0.203267 0.204344 0.203823 0.203106 0.202557 0.201542
0.200441 0.199817 0.199193 0.199179 0.198376 0.196840
0.196256 0.197391 0.197766 0.196116 0.195825 0.197405
0.198012 0.198951 0.200681 0.200794 0.200420 0.200923
0.201893 0.202654 0.202311 0.201142 0.199683 0.197678
0.196941 0.197821 0.197936 0.197491 0.198161 0.198698
0.197702 0.197345 0.197767 0.197977 0.197281 0.196074
0.194052 0.193238 0.193063 0.192271 0.192546 0.193230
0.193569 0.194277 0.196620 0.197627 0.197878 0.198064
0.197512 0.198571 0.198847 0.197726 0.197902 0.198044
0.197105 0.195958 0.196266 0.197378 0.197478 0.197190
0.197467 0.197677 0.197251 0.197723 0.198671 0.197603
0.196892 0.196779 0.195908 0.195334 0.194550 0.194208
0.194204 0.194683 0.195048 0.194996 0.195396 0.195332
0.194886 0.194068 0.193960 0.194521 0.195765 0.197034
0.196947 0.197046 0.197064 0.196903 0.196759 0.196259
0.195456 0.194998 0.195254 0.194541 0.193298 0.193169
0.193945 0.194069 0.193688 0.194040 0.193581 0.193286
0.193460 0.193260 0.193565 0.193628 0.193070 0.192443
0.193409 0.195058 0.195497 0.209365 0.208419 0.208263
0.208827 0.209189 0.208044 0.205838 0.205223 0.205095
0.205098 0.204781 0.204614 0.204383 0.204044 0.203351
0.202656 0.202632 0.202654 0.201965 0.200061 0.198417
0.197813 0.197496 0.196935 0.197221 0.198037 0.198764
0.199392 0.198944 0.198446 0.198611 0.199271 0.200312
0.202105 0.203466 0.203203 0.202993 0.203563 0.204713
0.205560 0.206063 0.204652 0.201940 0.202038 0.201070
0.198997 0.198515 0.197520 0.197488 0.198724 0.199798
0.199768 0.199510 0.201058 0.203754 0.204970 0.204910
0.203872 0.202426 0.201084 0.200773 0.200982 0.199464
0.198647 0.198668 0.197880 0.197193 0.197606 0.198243
0.197384 0.196839 0.197140 0.197497 0.199444 0.201446
0.201902 0.201593 0.201310 0.202108 0.202639 0.202592
0.202056 0.200345 0.197922 0.196192 0.196663 0.197556
0.198005 0.198510 0.198190 0.197289 0.196357 0.195473
0.196020 0.196639 0.196058 0.194412 0.193830 0.192830
0.191318 0.190981 0.191696 0.192701 0.193371 0.195742
0.197577 0.198444 0.198013 0.197327 0.198795 0.199797
0.198747 0.198516 0.198861 0.198099 0.197579 0.198272
0.198918 0.197969 0.196843 0.197448 0.198382 0.198718
0.198306 0.197780 0.197437 0.196828 0.196187 0.195701
0.195210 0.194313 0.194165 0.193763 0.193944 0.194762
0.194260 0.194126 0.194270 0.194082 0.193914 0.193961
0.195310 0.197101 0.197652 0.196155 0.195867 0.197297
0.197101 0.196789 0.197326 0.197155 0.196128 0.194888
0.193993 0.193662 0.194107 0.195749 0.196335 0.195590
0.194513 0.193442 0.193010 0.192997 0.193505 0.193679
0.192862 0.192411 0.193952 0.195977 0.196251 0.195832
0.211264 0.210628 0.209691 0.209580 0.209847 0.208189
0.206597 0.206503 0.206011 0.205188 0.204434 0.205241
0.205110 0.203696 0.203175 0.202465 0.201328 0.201126
0.200889 0.199627 0.198206 0.197377 0.197239 0.196916
0.196888 0.197509 0.198937 0.200008 0.199771 0.199423
0.199036 0.199295 0.200402 0.202138 0.203471 0.203197
0.202675 0.202933 0.205178 0.207259 0.207041 0.204949
0.202125 0.202387 0.202390 0.200292 0.198657 0.197165
0.197562 0.198619 0.199758 0.201108 0.201756 0.202574
0.204053 0.205060 0.204943 0.204256 0.203608 0.202632
0.201664 0.201137 0.199199 0.197674 0.198537 0.198762
0.198032 0.197841 0.197942 0.197699 0.197279 0.196521
0.197004 0.199309 0.201189 0.202618 0.201974 0.200641
0.201468 0.202314 0.203029 0.202412 0.199869 0.197874
0.196827 0.196698 0.197518 0.198054 0.197439 0.196406
0.195700 0.195273 0.194899 0.195280 0.196100 0.195921
0.195162 0.194312 0.192889 0.191680 0.190274 0.189928
0.191006 0.192470 0.194239 0.195489 0.196329 0.196571
0.197268 0.198486 0.199492 0.199240 0.198599 0.198758
0.198503 0.198303 0.198945 0.199488 0.198665 0.197987
0.198613 0.199155 0.199656 0.198841 0.197727 0.197969
0.196568 0.195325 0.195312 0.194972 0.193583 0.192356
0.192419 0.192833 0.193102 0.192236 0.191866 0.192247
0.192570 0.193241 0.194445 0.196655 0.198174 0.197956
0.196054 0.195406 0.196609 0.196800 0.196752 0.197141
0.196674 0.195897 0.194788 0.194253 0.194510 0.194965
0.196718 0.196931 0.195863 0.193969 0.193679 0.194524
0.194346 0.194929 0.194845 0.194175 0.193483 0.194711
0.197091 0.197522 0.197188 0.212230 0.211707 0.210455
0.209714 0.208990 0.207738 0.207482 0.207297 0.206524
0.205712 0.205061 0.205342 0.205304 0.204375 0.203685
0.202900 0.201049 0.200196 0.200395 0.199901 0.198704
0.197845 0.197709 0.197249 0.197006 0.197937 0.199510
0.199971 0.200266 0.200640 0.200199 0.200065 0.200762
0.202543 0.203685 0.203615 0.203711 0.203154 0.204503
0.206352 0.205930 0.204700 0.202573 0.201671 0.202236
0.201672 0.199591 0.197935 0.198217 0.199499 0.200873
0.201884 0.202356 0.202719 0.204000 0.205521 0.205564
0.204596 0.203601 0.202641 0.201091 0.200123 0.199485
0.198888 0.198981 0.198357 0.197565 0.198021 0.198421
0.197610 0.197176 0.197259 0.198055 0.200098 0.202000
0.203109 0.202408 0.201315 0.201474 0.201882 0.202043
0.201136 0.199256 0.198254 0.198273 0.197821 0.197756
0.198007 0.197174 0.196243 0.195243 0.195044 0.195529
0.195321 0.195256 0.195376 0.195000 0.194063 0.193670
0.192386 0.189763 0.188843 0.189645 0.191458 0.192812
0.192812 0.192663 0.193833 0.195810 0.196967 0.197757
0.197945 0.198055 0.198191 0.198079 0.198016 0.198585
0.199775 0.200219 0.200128 0.200305 0.200112 0.199929
0.199784 0.198789 0.197694 0.195923 0.194371 0.194239
0.194377 0.193544 0.191890 0.191831 0.192597 0.192076
0.191231 0.191513 0.192241 0.192510 0.193451 0.195630
0.197418 0.198025 0.197716 0.196660 0.195731 0.195419
0.196167 0.196655 0.196034 0.194589 0.195095 0.195872
0.195122 0.195502 0.196147 0.196530 0.196421 0.195891
0.193978 0.193589 0.195131 0.194985 0.194900 0.195526
0.196075 0.196127 0.195577 0.195678 0.196925 0.197843
0.211785 0.211856 0.211046 0.210056 0.208744 0.207099
0.207375 0.207405 0.206101 0.205755 0.205507 0.205401
0.205808 0.204869 0.203477 0.202525 0.201665 0.201333
0.200626 0.199818 0.198892 0.197804 0.197660 0.197384
0.197114 0.198235 0.199912 0.200033 0.200850 0.202262
0.201993 0.201128 0.200889 0.202283 0.203382 0.203466
0.203752 0.203611 0.204145 0.204490 0.204434 0.204515
0.202584 0.200887 0.200829 0.200404 0.199148 0.198430
0.199019 0.200121 0.201068 0.201881 0.202103 0.202564
0.204151 0.205796 0.206237 0.204733 0.202857 0.202172
0.200580 0.199768 0.200421 0.200125 0.199077 0.197356
0.196118 0.197346 0.199002 0.198710 0.198560 0.198947
0.199242 0.200371 0.202458 0.204263 0.205094 0.204566
0.202777 0.201709 0.201033 0.199535 0.198707 0.198487
0.198368 0.197490 0.196815 0.197339 0.198043 0.197588
0.196171 0.196247 0.196049 0.195412 0.195103 0.194928
0.194305 0.193001 0.192415 0.191011 0.188582 0.187784
0.189138 0.190698 0.191349 0.191837 0.191804 0.192609
0.194487 0.195609 0.196537 0.197279 0.198047 0.198395
0.198821 0.199005 0.199232 0.199861 0.199851 0.199964
0.200380 0.200045 0.199484 0.199778 0.198885 0.196550
0.195158 0.194208 0.193733 0.193714 0.193794 0.192802
0.192336 0.192988 0.192138 0.191917 0.192848 0.194076
0.194141 0.194371 0.196445 0.197399 0.197456 0.197477
0.196686 0.195922 0.195060 0.195449 0.196452 0.195268
0.193127 0.193637 0.195144 0.194856 0.195574 0.196331
0.196101 0.196041 0.195446 0.194093 0.193526 0.194943
0.194737 0.194175 0.195331 0.196253 0.196131 0.195128
0.194416 0.195480 0.196964 0.211511 0.211832 0.210422
0.209043 0.208667 0.207276 0.207437 0.207476 0.206210
0.205878 0.205890 0.205659 0.205364 0.204801 0.203407
0.201384 0.201010 0.201346 0.200681 0.199663 0.198969
0.198353 0.198206 0.198475 0.198532 0.199048 0.200162
0.201245 0.202864 0.204307 0.203466 0.202077 0.202243
0.203394 0.204010 0.204004 0.204212 0.204427 0.204889
0.204705 0.203760 0.203237 0.202006 0.200856 0.200430
0.199428 0.198292 0.198360 0.199409 0.200189 0.200478
0.201426 0.202630 0.203805 0.204639 0.205382 0.206755
0.205928 0.203772 0.202940 0.201648 0.200186 0.199847
0.198878 0.198300 0.198209 0.197264 0.198001 0.199400
0.199940 0.200032 0.199878 0.200029 0.200734 0.202827
0.205951 0.207803 0.206833 0.203827 0.201330 0.199834
0.198252 0.197812 0.197101 0.196692 0.196599 0.196196
0.197121 0.198228 0.197660 0.196793 0.197230 0.196805
0.195932 0.195543 0.194645 0.193385 0.191969 0.190525
0.189547 0.188627 0.188207 0.189081 0.190193 0.190694
0.191787 0.193164 0.194237 0.194954 0.194813 0.195642
0.197572 0.198245 0.197923 0.198988 0.200393 0.200558
0.199413 0.198323 0.199342 0.200268 0.199724 0.199632
0.199479 0.197911 0.196166 0.195202 0.194500 0.194908
0.194808 0.193669 0.193112 0.192649 0.192035 0.191292
0.191844 0.192748 0.193815 0.194970 0.194920 0.196088
0.197565 0.198401 0.198370 0.196956 0.197014 0.197062
0.196542 0.196174 0.195083 0.193217 0.192572 0.193603
0.194065 0.195022 0.195053 0.194603 0.194796 0.193966
0.193761 0.194318 0.195480 0.195480 0.195033 0.194986
0.194626 0.193971 0.193837 0.194382 0.195037 0.195896
0.211418 0.210579 0.208386 0.207253 0.207485 0.207662
0.207456 0.206634 0.206416 0.206265 0.206553 0.206728
0.205602 0.204735 0.203785 0.202102 0.200778 0.200141
0.200370 0.200482 0.200490 0.200084 0.199755 0.199920
0.200388 0.201142 0.201824 0.202788 0.203619 0.205006
0.204214 0.202928 0.203658 0.204187 0.204426 0.205274
0.205937 0.205523 0.205632 0.205549 0.203885 0.202067
0.201388 0.200805 0.200010 0.200452 0.199804 0.198481
0.199174 0.200258 0.200715 0.201699 0.203157 0.204135
0.204666 0.205197 0.206584 0.206411 0.204740 0.204182
0.203619 0.201539 0.198764 0.197440 0.197597 0.198593
0.199240 0.199809 0.199877 0.199431 0.199439 0.199851
0.200028 0.200573 0.202847 0.205654 0.207178 0.206438
0.203956 0.200590 0.198705 0.198169 0.197092 0.196201
0.196525 0.196855 0.197198 0.198013 0.198150 0.197662
0.197220 0.197167 0.196841 0.195629 0.194485 0.193463
0.192432 0.191454 0.189818 0.188328 0.188845 0.189334
0.188776 0.189653 0.190503 0.191774 0.193893 0.195304
0.195362 0.194367 0.195170 0.197038 0.197570 0.197186
0.197682 0.199869 0.200781 0.199551 0.199008 0.199657
0.200165 0.200409 0.200360 0.199086 0.197171 0.195739
0.195138 0.194586 0.195055 0.195029 0.192926 0.192827
0.192094 0.190043 0.190457 0.191683 0.192275 0.193258
0.195152 0.195298 0.195916 0.197924 0.198612 0.198630
0.198834 0.199172 0.199316 0.198667 0.196752 0.195734
0.194802 0.193752 0.193773 0.193583 0.194159 0.194162
0.193954 0.194015 0.193589 0.194615 0.195486 0.195569
0.196053 0.196940 0.196301 0.194587 0.193717 0.193629
0.194128 0.195184 0.195985 0.210675 0.209769 0.208123
0.207145 0.207138 0.207518 0.206758 0.205239 0.204962
0.205418 0.205950 0.206529 0.206466 0.205479 0.204490
0.203511 0.201892 0.200971 0.200887 0.201007 0.200717
0.200538 0.200928 0.200619 0.201288 0.202564 0.203359
0.203959 0.203951 0.204281 0.203416 0.203115 0.204083
0.204208 0.203854 0.205564 0.207127 0.206422 0.206159
0.205829 0.204520 0.202951 0.201848 0.200386 0.199692
0.201247 0.201421 0.199376 0.199536 0.200671 0.200919
0.202051 0.203774 0.204470 0.205001 0.206047 0.206943
0.206630 0.205261 0.204892 0.204126 0.202142 0.199787
0.198100 0.197724 0.198833 0.200124 0.200357 0.199799
0.198190 0.197945 0.198834 0.198775 0.199566 0.201487
0.202927 0.204205 0.204104 0.202235 0.199645 0.198485
0.198430 0.197927 0.197970 0.198404 0.198242 0.198517
0.198628 0.198059 0.197774 0.197481 0.196907 0.195746
0.194469 0.192838 0.191723 0.191606 0.191197 0.189691
0.187822 0.188005 0.188965 0.189038 0.189839 0.189829
0.190920 0.193464 0.194530 0.194203 0.193715 0.194529
0.195221 0.195582 0.196503 0.197226 0.198821 0.200192
0.199623 0.199541 0.200115 0.200116 0.199985 0.199129
0.197384 0.196632 0.195690 0.194720 0.194458 0.194280
0.193602 0.191868 0.191803 0.191440 0.189884 0.190289
0.192039 0.192943 0.193548 0.195377 0.195958 0.196584
0.198148 0.199106 0.200666 0.201449 0.200970 0.200578
0.200025 0.198947 0.197927 0.197064 0.196392 0.196035
0.194921 0.193653 0.193559 0.194004 0.194472 0.194483
0.194947 0.195317 0.195039 0.196276 0.197885 0.197591
0.195821 0.194490 0.193949 0.194212 0.195423 0.196125
0.207734 0.207196 0.206891 0.206975 0.206845 0.207074
0.206398 0.204400 0.203192 0.203940 0.204906 0.205909
0.206780 0.206334 0.205492 0.204937 0.204332 0.203659
0.202251 0.201091 0.200531 0.200461 0.201433 0.202295
0.202848 0.203329 0.204177 0.204900 0.204510 0.203494
0.203094 0.203387 0.203662 0.203720 0.203266 0.204467
0.206491 0.206350 0.205691 0.205351 0.204812 0.203638
0.201453 0.199607 0.200182 0.201707 0.201443 0.200501
0.200557 0.201026 0.201274 0.201942 0.203158 0.204137
0.205420 0.207177 0.207926 0.206920 0.205175 0.204042
0.202568 0.201262 0.201204 0.200192 0.200003 0.201104
0.200939 0.199867 0.198774 0.197709 0.196910 0.197125
0.198113 0.199262 0.199808 0.200478 0.201854 0.201938
0.200897 0.199388 0.198241 0.197663 0.197968 0.198692
0.199023 0.199390 0.199257 0.198885 0.198508 0.198557
0.198224 0.197352 0.196009 0.194918 0.193232 0.191408
0.191411 0.190842 0.189265 0.188168 0.187924 0.189134
0.190242 0.190170 0.189577 0.190340 0.192972 0.193955
0.193145 0.193372 0.194304 0.194306 0.194406 0.195800
0.196907 0.197328 0.197687 0.197678 0.198055 0.198461
0.198698 0.198309 0.196667 0.194967 0.194940 0.195411
0.194116 0.192635 0.192388 0.192148 0.191100 0.190510
0.190449 0.190163 0.189930 0.191521 0.193219 0.193204
0.194775 0.196469 0.197570 0.198817 0.200582 0.203263
0.203363 0.202411 0.201950 0.201420 0.201552 0.200510
0.198885 0.198125 0.197821 0.196325 0.193836 0.193267
0.193705 0.194707 0.195076 0.194465 0.194593 0.194630
0.194870 0.195962 0.196787 0.196199 0.195250 0.194652
0.195111 0.195838 0.195840 0.204894 0.204507 0.205015
0.205946 0.205695 0.205988 0.205586 0.203266 0.202066
0.203205 0.204123 0.205112 0.206650 0.207439 0.206819
0.205681 0.205630 0.205611 0.203535 0.201192 0.200908
0.201171 0.201687 0.202725 0.203768 0.204302 0.204532
0.204982 0.204545 0.203429 0.203633 0.203762 0.203006
0.202461 0.202613 0.203604 0.204421 0.204515 0.204854
0.204733 0.204345 0.203570 0.200901 0.199478 0.200682
0.201969 0.201520 0.200952 0.201275 0.201469 0.201690
0.201922 0.202352 0.203432 0.204994 0.206367 0.206478
0.205215 0.204253 0.203190 0.201543 0.201082 0.201664
0.201747 0.202099 0.202702 0.201713 0.199394 0.198268
0.198275 0.197122 0.196190 0.197238 0.198815 0.198595
0.199175 0.200604 0.200677 0.200894 0.200172 0.198898
0.197551 0.197325 0.198348 0.198683 0.198732 0.198585
0.198755 0.199053 0.198865 0.198682 0.198307 0.196814
0.195643 0.193847 0.191980 0.191960 0.191154 0.189626
0.188695 0.189064 0.190457 0.190740 0.189704 0.190047
0.191775 0.193310 0.193505 0.193086 0.193640 0.194704
0.194814 0.194871 0.195812 0.196049 0.196186 0.196123
0.195861 0.196201 0.196560 0.196920 0.196505 0.195209
0.193504 0.192610 0.193568 0.193413 0.191959 0.191687
0.191627 0.190665 0.189831 0.190128 0.190062 0.189723
0.190719 0.191932 0.193067 0.194684 0.196866 0.198770
0.199729 0.200930 0.202289 0.202805 0.203155 0.203889
0.203486 0.202566 0.201626 0.200156 0.198848 0.198029
0.196915 0.195278 0.194270 0.193909 0.194516 0.195559
0.195178 0.194464 0.194271 0.193411 0.194204 0.195397
0.195330 0.195713 0.196157 0.196449 0.196774 0.196996
0.203049 0.203330 0.203987 0.204419 0.204456 0.205209
0.204910 0.202535 0.201803 0.203413 0.204219 0.204847
0.206456 0.207691 0.207009 0.205565 0.205619 0.205386
0.204368 0.202787 0.201579 0.201800 0.201706 0.201628
0.202851 0.203537 0.203924 0.204599 0.204068 0.203129
0.202948 0.202933 0.202255 0.202385 0.203602 0.204453
0.204691 0.204645 0.205217 0.204916 0.204106 0.203882
0.201807 0.200246 0.200753 0.201936 0.202405 0.201722
0.201735 0.202024 0.202034 0.202252 0.202684 0.203583
0.204642 0.205075 0.204558 0.203836 0.203029 0.201992
0.201540 0.201946 0.202333 0.202580 0.202731 0.202206
0.201149 0.199239 0.198771 0.198415 0.197036 0.196686
0.197084 0.198363 0.198797 0.199359 0.199954 0.200141
0.200668 0.200137 0.199614 0.198871 0.198449 0.198181
0.198352 0.198432 0.198259 0.198890 0.199266 0.198787
0.198702 0.198908 0.197412 0.196129 0.194100 0.192396
0.192960 0.192522 0.191046 0.189814 0.189714 0.190639
0.190571 0.190417 0.191499 0.193120 0.193786 0.193503
0.193264 0.192907 0.194014 0.194765 0.194914 0.195755
0.195771 0.196558 0.196764 0.195647 0.195578 0.196399
0.196606 0.195537 0.194688 0.193870 0.192704 0.192694
0.193329 0.193352 0.192934 0.192277 0.190934 0.190293
0.191045 0.191266 0.191206 0.191475 0.192400 0.194176
0.195124 0.196816 0.199130 0.200722 0.201182 0.200857
0.201212 0.202194 0.204553 0.205039 0.203404 0.202565
0.201269 0.199396 0.197567 0.196745 0.196233 0.195521
0.195059 0.194872 0.195468 0.195371 0.194531 0.194390
0.194477 0.194858 0.195055 0.194935 0.195445 0.196955
0.197640 0.197613 0.198032 0.201868 0.202221 0.202821
0.203701 0.204214 0.204487 0.204135 0.203005 0.203053
0.204338 0.204776 0.205528 0.206998 0.207286 0.206753
0.205934 0.206199 0.205802 0.205393 0.204867 0.202914
0.202169 0.201686 0.201337 0.201679 0.201769 0.202900
0.203193 0.202270 0.202333 0.201894 0.201263 0.201014
0.202536 0.204919 0.205979 0.206441 0.205567 0.204423
0.204039 0.203757 0.204036 0.203026 0.200821 0.200537
0.201983 0.202772 0.202505 0.202315 0.202519 0.202712
0.202975 0.202846 0.203305 0.204151 0.204395 0.204285
0.204236 0.203525 0.202269 0.202298 0.202962 0.203439
0.203221 0.202826 0.201451 0.200030 0.198918 0.197996
0.197112 0.196926 0.197710 0.197493 0.197927 0.199530
0.200371 0.200160 0.199761 0.199371 0.199014 0.199240
0.199602 0.199120 0.196865 0.196812 0.198441 0.198728
0.199020 0.199064 0.198771 0.198723 0.198767 0.197510
0.195733 0.193499 0.192053 0.192413 0.192154 0.190892
0.189369 0.188481 0.188954 0.190129 0.191721 0.192736
0.193333 0.193557 0.193991 0.194093 0.192780 0.193123
0.194417 0.194982 0.195609 0.196467 0.197516 0.197287
0.196397 0.196538 0.196999 0.196998 0.196272 0.195096
0.194366 0.193415 0.192864 0.193480 0.193799 0.193283
0.192501 0.191282 0.190741 0.191114 0.191882 0.193100
0.193392 0.194288 0.194853 0.194746 0.196399 0.198777
0.200698 0.200982 0.200626 0.200730 0.200858 0.202282
0.204123 0.204162 0.203168 0.201470 0.199045 0.197092
0.196792 0.196585 0.196511 0.196861 0.196472 0.195982
0.194881 0.194047 0.194629 0.195429 0.196120 0.196509
0.196502 0.196853 0.197737 0.198089 0.198090 0.198401
0.201241 0.201826 0.202194 0.202672 0.203148 0.203035
0.203120 0.203180 0.204323 0.205738 0.205465 0.205842
0.206727 0.206988 0.207245 0.207425 0.208384 0.208168
0.206718 0.205315 0.203947 0.203351 0.202679 0.201857
0.201245 0.201017 0.201333 0.200847 0.200549 0.201443
0.201543 0.201437 0.202016 0.203154 0.204569 0.205382
0.205251 0.203715 0.202151 0.202040 0.202337 0.202692
0.202870 0.201286 0.200302 0.201443 0.202577 0.203082
0.203010 0.203410 0.203768 0.203163 0.202563 0.203131
0.203475 0.203738 0.204432 0.204378 0.204081 0.203669
0.203616 0.204654 0.205200 0.203865 0.202785 0.201328
0.199671 0.198827 0.197934 0.197528 0.198029 0.198162
0.197135 0.197046 0.198601 0.200171 0.200121 0.199136
0.198643 0.198345 0.197982 0.197805 0.197161 0.195169
0.195417 0.197930 0.198612 0.198250 0.197976 0.197340
0.197308 0.197193 0.196237 0.194532 0.192218 0.190832
0.190684 0.190700 0.189418 0.187793 0.187006 0.187487
0.190116 0.192232 0.193034 0.193226 0.193108 0.193902
0.193944 0.193150 0.193438 0.194316 0.194701 0.195343
0.196396 0.196926 0.196440 0.195795 0.196405 0.197144
0.197041 0.197019 0.196081 0.194907 0.193650 0.193079
0.193764 0.193997 0.193587 0.193019 0.192025 0.191005
0.190837 0.191801 0.193609 0.194389 0.195014 0.194852
0.194884 0.196375 0.198512 0.200016 0.200089 0.200170
0.200170 0.199752 0.199427 0.201509 0.203239 0.202176
0.200617 0.198196 0.196180 0.196091 0.196267 0.196938
0.197959 0.197796 0.196465 0.194670 0.193559 0.194167
0.196046 0.198208 0.199156 0.198906 0.199156 0.199326
0.199020 0.199095 0.199350 0.200815 0.201556 0.202269
0.202048 0.201816 0.201951 0.202231 0.203232 0.205724
0.207335 0.206774 0.206437 0.206447 0.206978 0.207925
0.208905 0.209847 0.209533 0.207945 0.206069 0.204719
0.204353 0.203698 0.202579 0.201729 0.200862 0.200000
0.199542 0.200073 0.200916 0.201690 0.202570 0.203046
0.204024 0.204662 0.204046 0.203708 0.202946 0.201862
0.201697 0.202086 0.202637 0.203300 0.202113 0.201062
0.202066 0.203026 0.203370 0.203137 0.203272 0.203455
0.202284 0.202251 0.203124 0.202865 0.203284 0.203886
0.203748 0.203472 0.203908 0.204685 0.206024 0.206369
0.204488 0.202750 0.201072 0.199704 0.199048 0.198597
0.198488 0.198903 0.198933 0.198444 0.197912 0.197680
0.199000 0.199288 0.198521 0.199243 0.198507 0.196875
0.196059 0.195480 0.194916 0.195766 0.198000 0.198174
0.197014 0.196213 0.196145 0.195946 0.195268 0.195129
0.194287 0.192109 0.190279 0.190010 0.189782 0.188643
0.187193 0.186547 0.187589 0.190137 0.191988 0.192548
0.193190 0.193677 0.193602 0.193194 0.193216 0.194156
0.195150 0.195193 0.195790 0.196228 0.196146 0.195611
0.194622 0.195601 0.196959 0.196955 0.197150 0.196752
0.195892 0.194625 0.193710 0.194551 0.195142 0.194843
0.194798 0.194141 0.192918 0.191659 0.192094 0.193429
0.193736 0.195000 0.195591 0.195410 0.196314 0.198574
0.199778 0.199757 0.200028 0.199949 0.199289 0.198265
0.199728 0.201607 0.200736 0.199361 0.197699 0.195701
0.194858 0.195588 0.197314 0.198178 0.197810 0.196663
0.195568 0.194624 0.194128 0.195976 0.198721 0.200584
0.200458 0.199283 0.198966 0.198935 0.199154 0.199449
0.199977 0.200443 0.201684 0.202170 0.201964 0.201973
0.201965 0.203827 0.206651 0.207393 0.207074 0.206407
0.206035 0.207354 0.209034 0.209765 0.209634 0.209400
0.208217 0.206888 0.205793 0.205359 0.204795 0.202964
0.201701 0.201236 0.200371 0.199864 0.201250 0.202213
0.202309 0.202829 0.203490 0.204281 0.204244 0.203463
0.203269 0.203277 0.203106 0.203050 0.202846 0.203118
0.203573 0.202787 0.202583 0.202995 0.202874 0.202453
0.201695 0.201660 0.201882 0.201184 0.202303 0.203486
0.203224 0.203628 0.203421 0.203364 0.203625 0.204349
0.204878 0.205129 0.205362 0.204342 0.203124 0.202328
0.201465 0.200209 0.198840 0.198452 0.199029 0.199628
0.200245 0.199846 0.198678 0.199008 0.199190 0.198690
0.198737 0.197642 0.196517 0.196473 0.196466 0.195711
0.196164 0.197851 0.197752 0.196442 0.195568 0.196009
0.195421 0.194205 0.193950 0.193085 0.191413 0.189956
0.190080 0.189793 0.189162 0.188090 0.187130 0.187980
0.189529 0.191124 0.191813 0.192388 0.193439 0.194275
0.194511 0.194146 0.194888 0.196220 0.196338 0.196514
0.196201 0.196038 0.196226 0.195787 0.196289 0.197208
0.197530 0.197198 0.196063 0.195232 0.194956 0.194875
0.195422 0.195683 0.195656 0.196037 0.195730 0.194618
0.193524 0.193607 0.193737 0.193783 0.194781 0.195744
0.195928 0.196665 0.199037 0.199818 0.200287 0.201165
0.200564 0.199423 0.198297 0.198418 0.199010 0.198754
0.198247 0.197752 0.196762 0.195687 0.195986 0.197477
0.197790 0.197207 0.197303 0.197708 0.196405 0.194859
0.195814 0.197909 0.199696 0.200276 0.199891 0.198518
0.197804 0.198841 0.199543 0.199792 0.199942 0.200953
0.201880 0.202075 0.202698 0.203024 0.204239 0.206384
0.207206 0.207292 0.206564 0.206257 0.207979 0.210223
0.211399 0.210980 0.209885 0.208347 0.207294 0.207254
0.207389 0.206387 0.203789 0.201686 0.201614 0.201416
0.201463 0.203104 0.203782 0.203609 0.203592 0.204485
0.204398 0.203646 0.203417 0.202963 0.202635 0.202444
0.203114 0.202816 0.201777 0.201900 0.202528 0.203355
0.203112 0.201916 0.200923 0.200377 0.200779 0.201096
0.201041 0.202691 0.203721 0.203710 0.203981 0.203255
0.202931 0.203604 0.204452 0.204404 0.204028 0.203983
0.204084 0.204222 0.203833 0.203452 0.202253 0.200285
0.199706 0.199615 0.199921 0.201275 0.201430 0.200739
0.200846 0.200604 0.199662 0.198423 0.197400 0.197221
0.197169 0.197348 0.197082 0.196950 0.197881 0.197837
0.196707 0.196118 0.195744 0.194348 0.192642 0.192199
0.192116 0.190935 0.190325 0.191457 0.191415 0.190021
0.189334 0.188680 0.188632 0.189055 0.190211 0.191213
0.191436 0.192934 0.194628 0.195201 0.194666 0.195193
0.196328 0.196231 0.196187 0.195840 0.196162 0.197091
0.197668 0.198105 0.198201 0.198296 0.197125 0.195278
0.194932 0.195224 0.195870 0.196062 0.195585 0.196141
0.196812 0.196378 0.195044 0.194605 0.195063 0.194372
0.194635 0.195415 0.195930 0.197135 0.197491 0.198600
0.200263 0.201495 0.201981 0.200030 0.198238 0.197479
0.196674 0.196596 0.196704 0.196828 0.197114 0.196771
0.196005 0.196068 0.196531 0.196729 0.196438 0.197166
0.198143 0.196490 0.195264 0.196057 0.197450 0.198380
0.199115 0.199784 0.198366 0.197409 0.198401 0.198971
0.199923 0.200198 0.201205 0.201948 0.201772 0.203014
0.204166 0.204733 0.206257 0.207725 0.208605 0.208561
0.208445 0.209517 0.211149 0.212044 0.212066 0.210718
0.209232 0.208554 0.207996 0.208120 0.207211 0.204823
0.203429 0.202849 0.202040 0.201913 0.203465 0.205217
0.205773 0.205195 0.205080 0.205507 0.205324 0.204394
0.202713 0.201890 0.202032 0.202528 0.202535 0.201457
0.200978 0.201290 0.202208 0.202135 0.200607 0.199730
0.199997 0.200328 0.200216 0.200822 0.202765 0.203841
0.203869 0.203530 0.203002 0.202743 0.202512 0.202736
0.203491 0.204433 0.204499 0.204754 0.205491 0.204563
0.203771 0.202865 0.201427 0.201211 0.200819 0.200555
0.201899 0.202578 0.202048 0.201795 0.201650 0.201178
0.200204 0.199093 0.198714 0.198003 0.197541 0.198224
0.198791 0.198890 0.198056 0.196457 0.195563 0.195000
0.193305 0.191621 0.191523 0.192089 0.191689 0.191617
0.192852 0.192784 0.190780 0.190199 0.190192 0.189043
0.188342 0.189294 0.189858 0.190671 0.192902 0.194292
0.194277 0.194623 0.195691 0.195918 0.195678 0.195565
0.196156 0.197460 0.198047 0.198474 0.199045 0.198867
0.198182 0.196785 0.195570 0.195873 0.196368 0.196715
0.197080 0.197003 0.197175 0.197002 0.196394 0.195748
0.195715 0.195952 0.194897 0.194816 0.196260 0.196618
0.197413 0.197863 0.198032 0.199653 0.200646 0.200551
0.198554 0.196769 0.196114 0.195915 0.195926 0.195604
0.196049 0.196562 0.195874 0.194620 0.195257 0.195982
0.196059 0.195922 0.196077 0.196123 0.195142 0.194982
0.195659 0.196601 0.197493 0.197691 0.197318 0.196973
0.196900 0.197266 0.197403 0.200190 0.200659 0.201499
0.201527 0.200708 0.201831 0.203770 0.204696 0.206644
0.208699 0.209981 0.210949 0.210611 0.210795 0.211847
0.212141 0.212138 0.211616 0.210543 0.209267 0.208244
0.208672 0.208285 0.206228 0.205289 0.204270 0.203202
0.202626 0.203817 0.206426 0.207245 0.206169 0.205145
0.206152 0.206365 0.204878 0.203444 0.202825 0.203479
0.203642 0.203007 0.202420 0.201314 0.200617 0.201501
0.201423 0.199846 0.199195 0.200001 0.200394 0.200367
0.201405 0.203221 0.204270 0.204185 0.204068 0.203861
0.202928 0.201862 0.201635 0.202900 0.204718 0.205176
0.204905 0.204897 0.204450 0.203643 0.202696 0.202404
0.202823 0.202481 0.201559 0.201958 0.202376 0.201591
0.201199 0.201333 0.202119 0.201909 0.200867 0.200206
0.199286 0.199080 0.199498 0.200176 0.199433 0.197687
0.196415 0.195095 0.194168 0.193244 0.192220 0.191783
0.191982 0.192173 0.192377 0.193025 0.193481 0.192397
0.191357 0.191100 0.188871 0.187938 0.189569 0.190109
0.190407 0.192262 0.194086 0.194422 0.195648 0.196227
0.195833 0.195870 0.195698 0.196816 0.198355 0.198662
0.198478 0.199059 0.199043 0.197819 0.196462 0.195345
0.195657 0.196478 0.197043 0.197894 0.198374 0.197555
0.196313 0.196182 0.196709 0.197459 0.197358 0.197138
0.197113 0.197265 0.196924 0.196363 0.197253 0.198378
0.199106 0.199128 0.198242 0.196426 0.195261 0.194942
0.195241 0.195441 0.195134 0.195094 0.194760 0.194109
0.193438 0.194257 0.195204 0.195789 0.195560 0.194781
0.194861 0.194993 0.194765 0.195061 0.196341 0.197115
0.196805 0.196407 0.196293 0.195684 0.195771 0.196158
0.200659 0.201013 0.201280 0.200702 0.200066 0.201081
0.203021 0.204131 0.206601 0.209201 0.210188 0.211964
0.212594 0.212134 0.212521 0.212787 0.212654 0.212024
0.211174 0.210138 0.209325 0.209112 0.208972 0.207943
0.206376 0.205146 0.204237 0.204068 0.205214 0.206849
0.207200 0.206480 0.205935 0.205962 0.205495 0.204994
0.205552 0.205518 0.204750 0.204436 0.203390 0.202785
0.202540 0.201940 0.202565 0.202678 0.201392 0.200942
0.201450 0.201875 0.202100 0.202830 0.204527 0.205131
0.204894 0.205742 0.205406 0.203950 0.203438 0.202793
0.203533 0.204938 0.204742 0.203999 0.203740 0.203937
0.202904 0.202070 0.203780 0.204854 0.203581 0.202704
0.203394 0.203045 0.201428 0.200787 0.201163 0.202437
0.202515 0.201773 0.200483 0.199464 0.200738 0.201514
0.201070 0.199623 0.198043 0.197273 0.196426 0.194945
0.193841 0.193323 0.192905 0.192415 0.192171 0.192891
0.193288 0.193559 0.193552 0.192773 0.191722 0.189432
0.188368 0.189504 0.190782 0.191565 0.192204 0.192698
0.193456 0.195192 0.195011 0.195196 0.196246 0.196397
0.197294 0.198559 0.199794 0.200144 0.200203 0.199663
0.197872 0.196184 0.194667 0.194273 0.194971 0.195716
0.197131 0.198334 0.197502 0.196450 0.196923 0.197391
0.198229 0.198836 0.199338 0.199568 0.198514 0.196905
0.195713 0.196334 0.198008 0.199262 0.199409 0.197582
0.195101 0.193902 0.194028 0.194777 0.194836 0.194067
0.193260 0.192756 0.192397 0.192165 0.192706 0.193429
0.194314 0.194676 0.194304 0.194603 0.195787 0.196034
0.195845 0.196962 0.196993 0.196221 0.196256 0.195681
0.194403 0.194194 0.194517 0.200665 0.200993 0.201437
0.201140 0.201563 0.202412 0.202972 0.203733 0.205734
0.208322 0.209536 0.211160 0.212470 0.212999 0.213862
0.213777 0.212896 0.211595 0.211047 0.210783 0.209610
0.208747 0.208602 0.207908 0.206236 0.205679 0.205713
0.205889 0.206661 0.207530 0.207697 0.207699 0.207413
0.205937 0.205535 0.205726 0.206460 0.207071 0.205948
0.204865 0.204095 0.203364 0.203476 0.203700 0.204322
0.204895 0.204160 0.203896 0.203864 0.203798 0.203267
0.203096 0.204713 0.205544 0.205666 0.206307 0.205762
0.204664 0.204498 0.204337 0.204223 0.204528 0.204481
0.204014 0.204445 0.204796 0.203493 0.202806 0.204601
0.205514 0.204224 0.204151 0.205172 0.204308 0.202209
0.200739 0.200434 0.201519 0.201870 0.201090 0.199599
0.199318 0.201610 0.203067 0.202829 0.200926 0.198426
0.197530 0.197502 0.196148 0.194767 0.195068 0.195199
0.194209 0.193873 0.194100 0.193740 0.194134 0.194218
0.193508 0.192197 0.190125 0.189169 0.189194 0.190165
0.191967 0.192011 0.191614 0.192633 0.194042 0.194033
0.194646 0.196408 0.196362 0.196595 0.198559 0.200987
0.202150 0.200958 0.199155 0.197600 0.196167 0.194984
0.194237 0.194239 0.194122 0.195545 0.197535 0.197519
0.196576 0.196266 0.196636 0.198017 0.199632 0.199606
0.199285 0.198503 0.196949 0.196004 0.196252 0.198135
0.199825 0.199572 0.197752 0.195316 0.193876 0.193926
0.194373 0.194188 0.193407 0.192506 0.192078 0.191787
0.191638 0.192125 0.192173 0.192414 0.193453 0.194330
0.195360 0.196314 0.196529 0.196936 0.197147 0.196442
0.195740 0.195577 0.194919 0.193930 0.193579 0.193398
0.199987 0.200263 0.200651 0.200560 0.201818 0.203536
0.203799 0.204191 0.205285 0.206738 0.208003 0.209183
0.210546 0.212231 0.213833 0.213928 0.212948 0.212104
0.211912 0.211023 0.209013 0.208714 0.209337 0.208079
0.205901 0.205853 0.207302 0.207927 0.208122 0.208198
0.208220 0.208376 0.207699 0.206620 0.206442 0.205865
0.205966 0.206382 0.206212 0.205954 0.205291 0.204116
0.204181 0.205353 0.206544 0.207560 0.207372 0.207300
0.207096 0.206310 0.204372 0.203502 0.204925 0.206145
0.206494 0.205901 0.205426 0.204906 0.204464 0.205016
0.204612 0.204895 0.205905 0.205470 0.205595 0.205517
0.204778 0.204731 0.205555 0.205661 0.205062 0.205245
0.205568 0.204235 0.202142 0.201027 0.199928 0.199995
0.200320 0.200252 0.199729 0.199828 0.201307 0.202250
0.202564 0.201126 0.198842 0.197648 0.197694 0.196863
0.195734 0.195946 0.195594 0.195547 0.196006 0.196026
0.195023 0.195273 0.195576 0.194570 0.193073 0.190782
0.189992 0.190124 0.190549 0.191523 0.191542 0.191582
0.193272 0.194335 0.193923 0.194072 0.195755 0.195969
0.195840 0.198261 0.200679 0.201213 0.200134 0.198535
0.197116 0.196034 0.195535 0.195033 0.194831 0.194819
0.195535 0.197245 0.198002 0.196937 0.195715 0.196094
0.197917 0.199765 0.199790 0.199260 0.198758 0.197885
0.197074 0.197327 0.199418 0.200494 0.199160 0.197503
0.195138 0.193585 0.194371 0.194398 0.193691 0.193891
0.193242 0.192038 0.191976 0.192213 0.192304 0.191506
0.191347 0.193479 0.195203 0.195638 0.195541 0.195909
0.196696 0.196475 0.195962 0.195517 0.195215 0.194576
0.193521 0.192784 0.192429 0.198706 0.199277 0.199452
0.199824 0.201438 0.203330 0.204231 0.204964 0.205827
0.206009 0.206966 0.208282 0.209444 0.210840 0.212444
0.213146 0.212977 0.212986 0.212832 0.211623 0.209799
0.209428 0.209691 0.208068 0.206449 0.206678 0.208367
0.209650 0.209788 0.209044 0.208506 0.208452 0.207081
0.206525 0.206473 0.205696 0.205934 0.206157 0.206242
0.206801 0.205893 0.204298 0.204869 0.206443 0.207745
0.208963 0.209359 0.209739 0.209739 0.208458 0.206215
0.204904 0.205472 0.206353 0.206992 0.206635 0.205785
0.204995 0.204574 0.205043 0.205378 0.206037 0.207126
0.207093 0.206882 0.206428 0.205442 0.205499 0.205803
0.205826 0.205906 0.205428 0.205204 0.203684 0.201191
0.200459 0.199772 0.199771 0.200046 0.200176 0.200275
0.199972 0.200322 0.200272 0.200294 0.199890 0.198989
0.198487 0.198714 0.198340 0.197132 0.196142 0.194890
0.196078 0.197387 0.197502 0.197218 0.196822 0.196534
0.195728 0.194124 0.192267 0.191041 0.190443 0.191054
0.191716 0.191577 0.191235 0.192310 0.193251 0.193281
0.193680 0.194938 0.196150 0.196953 0.198405 0.199741
0.199810 0.199788 0.199428 0.197355 0.196149 0.196024
0.195558 0.195964 0.196487 0.196504 0.197660 0.198687
0.197852 0.197021 0.197319 0.198782 0.199834 0.199436
0.199023 0.198906 0.198532 0.198172 0.198542 0.199452
0.199154 0.198207 0.197325 0.195233 0.193725 0.194189
0.194011 0.193464 0.194035 0.194358 0.193988 0.193325
0.192566 0.192129 0.191531 0.192021 0.194117 0.195014
0.194649 0.194557 0.195429 0.195833 0.195497 0.195306
0.195076 0.194917 0.194222 0.192628 0.191684 0.191730
0.198476 0.199221 0.200046 0.201392 0.202491 0.203497
0.204561 0.205350 0.206114 0.206326 0.206842 0.207658
0.208148 0.208991 0.210408 0.211559 0.212262 0.212327
0.212212 0.211882 0.211191 0.209975 0.209118 0.207972
0.207684 0.208729 0.210578 0.211855 0.211264 0.210284
0.209069 0.207666 0.206003 0.205814 0.206580 0.206551
0.206730 0.207005 0.205897 0.205238 0.205133 0.204454
0.205007 0.206355 0.207776 0.209116 0.209903 0.210558
0.210579 0.209227 0.208026 0.206633 0.205304 0.205589
0.206477 0.206806 0.205923 0.204662 0.204603 0.205160
0.205401 0.205405 0.206671 0.207630 0.207334 0.207247
0.206626 0.206623 0.207159 0.206648 0.206515 0.205973
0.204843 0.203358 0.201465 0.200434 0.199336 0.198923
0.199410 0.199782 0.200266 0.200013 0.200541 0.200782
0.199741 0.198712 0.198253 0.198775 0.198998 0.198847
0.197784 0.196149 0.195656 0.197201 0.198133 0.197585
0.197400 0.197360 0.197052 0.196560 0.195033 0.193788
0.192295 0.190692 0.190792 0.191357 0.191673 0.191471
0.191829 0.192415 0.192562 0.193341 0.195366 0.197065
0.197528 0.198039 0.198900 0.199128 0.199323 0.199416
0.197355 0.195859 0.195866 0.195628 0.195801 0.196363
0.196602 0.197377 0.198415 0.197980 0.197503 0.198020
0.199099 0.199214 0.197879 0.197618 0.197922 0.198298
0.198503 0.197937 0.197902 0.197957 0.198624 0.198219
0.196659 0.195075 0.193654 0.192937 0.192841 0.193123
0.193894 0.194574 0.193383 0.191932 0.191520 0.192161
0.193779 0.193951 0.193127 0.193477 0.193906 0.194231
0.193923 0.193788 0.194136 0.193957 0.193545 0.193260
0.192118 0.190894 0.190776 0.199070 0.199510 0.200642
0.202183 0.203255 0.204348 0.205499 0.206054 0.205977
0.206084 0.206938 0.207546 0.207649 0.208183 0.208387
0.209688 0.211731 0.212193 0.212270 0.212140 0.211354
0.209355 0.208193 0.208424 0.208919 0.209952 0.211244
0.212243 0.212147 0.211707 0.210105 0.207820 0.206465
0.206307 0.206889 0.207329 0.207383 0.206754 0.205019
0.203771 0.204303 0.204180 0.204545 0.206388 0.207969
0.209113 0.210191 0.210927 0.210834 0.209637 0.209227
0.208313 0.205793 0.205468 0.205920 0.205386 0.204991
0.204896 0.205584 0.206131 0.206200 0.206151 0.206917
0.207788 0.207470 0.206768 0.207049 0.208475 0.209893
0.209323 0.207804 0.206138 0.203700 0.201945 0.201467
0.200908 0.199599 0.199011 0.199080 0.199318 0.199395
0.199723 0.201133 0.200989 0.198925 0.197707 0.197133
0.197399 0.198078 0.197862 0.196943 0.196409 0.197037
0.197779 0.198070 0.197462 0.196554 0.196724 0.197413
0.197739 0.196323 0.194265 0.192143 0.190555 0.190363
0.190686 0.191426 0.192258 0.192817 0.192621 0.192121
0.192987 0.195067 0.196358 0.196802 0.197709 0.198514
0.198561 0.198327 0.198473 0.197053 0.195453 0.195204
0.194551 0.194993 0.195770 0.196182 0.197105 0.197956
0.197916 0.197720 0.198055 0.198451 0.198282 0.196872
0.196729 0.197890 0.197825 0.196997 0.195956 0.196261
0.197667 0.198955 0.198363 0.196764 0.195399 0.193703
0.192752 0.192557 0.192457 0.192726 0.192716 0.191672
0.191138 0.191072 0.192019 0.193907 0.193685 0.192776
0.193004 0.192739 0.192633 0.192727 0.192859 0.193439
0.193296 0.192526 0.192439 0.191692 0.189913 0.189108
0.198704 0.199697 0.201723 0.202616 0.203386 0.204667
0.205889 0.206775 0.206627 0.206479 0.207132 0.207987
0.208722 0.208434 0.207327 0.208572 0.211143 0.212435
0.212957 0.212542 0.211274 0.209448 0.208011 0.208945
0.210144 0.210224 0.210558 0.211509 0.212324 0.212726
0.211779 0.209673 0.208194 0.208232 0.208550 0.208414
0.207639 0.205699 0.204406 0.204380 0.204987 0.204830
0.205262 0.207005 0.208483 0.209651 0.210384 0.209909
0.208823 0.208307 0.209022 0.208775 0.206635 0.205917
0.205939 0.204801 0.203654 0.203771 0.205595 0.207060
0.207259 0.207289 0.207253 0.207218 0.206582 0.205871
0.207551 0.210182 0.211175 0.210761 0.209078 0.206163
0.203033 0.200998 0.200875 0.200565 0.199722 0.199926
0.199598 0.199369 0.198795 0.198905 0.200385 0.200471
0.199095 0.197986 0.197051 0.197102 0.197862 0.197271
0.196914 0.197711 0.198213 0.198226 0.198285 0.197173
0.195977 0.196680 0.197462 0.197409 0.197055 0.194927
0.192162 0.190690 0.190314 0.190767 0.191619 0.192673
0.192664 0.192100 0.191781 0.192723 0.194329 0.195288
0.196967 0.198396 0.198280 0.197984 0.197775 0.197105
0.196427 0.195589 0.194546 0.193579 0.194261 0.194971
0.195442 0.196653 0.197407 0.197200 0.196914 0.197382
0.197990 0.197958 0.196984 0.197304 0.198401 0.197084
0.194896 0.194600 0.195562 0.196618 0.197553 0.197109
0.195211 0.194089 0.192991 0.192083 0.192183 0.192625
0.192404 0.190820 0.190013 0.190812 0.191031 0.191646
0.193044 0.193365 0.193447 0.193039 0.191887 0.191665
0.191560 0.191513 0.192404 0.192836 0.192606 0.191433
0.189996 0.189096 0.188570 0.198269 0.199667 0.201680
0.202354 0.203265 0.204368 0.205440 0.206017 0.206730
0.207294 0.206629 0.207241 0.208966 0.208722 0.207603
0.208783 0.210578 0.211502 0.212166 0.211852 0.211133
0.210485 0.209253 0.209418 0.210208 0.210198 0.210233
0.210334 0.211418 0.212133 0.211630 0.210696 0.209710
0.209885 0.210189 0.208931 0.207165 0.205318 0.204368
0.204806 0.204794 0.205284 0.206218 0.207197 0.208510
0.209530 0.210168 0.209026 0.207681 0.207515 0.208169
0.208624 0.207630 0.206554 0.205775 0.204308 0.203181
0.203045 0.204950 0.207443 0.207265 0.206820 0.206818
0.206195 0.206014 0.206631 0.208595 0.210591 0.211300
0.210803 0.209308 0.206583 0.203675 0.201762 0.201406
0.200717 0.199430 0.199491 0.199256 0.199540 0.199324
0.198723 0.199096 0.199535 0.199172 0.198192 0.197916
0.197695 0.197158 0.196746 0.197364 0.198307 0.198697
0.198782 0.198529 0.197508 0.196396 0.196410 0.196655
0.196440 0.196533 0.195750 0.193689 0.191989 0.191022
0.191299 0.191983 0.192294 0.191667 0.191308 0.191600
0.192473 0.193833 0.194444 0.195640 0.196797 0.196973
0.197339 0.197170 0.195683 0.195211 0.194261 0.193077
0.192752 0.192608 0.193884 0.195365 0.196415 0.196927
0.196158 0.195224 0.195829 0.197207 0.197509 0.197405
0.198462 0.198833 0.197431 0.195083 0.194254 0.195408
0.195501 0.195646 0.196056 0.194590 0.193121 0.192550
0.192650 0.192831 0.193004 0.191924 0.189981 0.189261
0.189759 0.190504 0.191098 0.191673 0.191707 0.192009
0.191388 0.190435 0.190354 0.189915 0.190198 0.191339
0.191616 0.191372 0.189957 0.188683 0.188203 0.187563
0.198214 0.199035 0.200630 0.201570 0.202387 0.203071
0.204107 0.205074 0.206652 0.207619 0.206348 0.206632
0.208188 0.208732 0.208580 0.209631 0.211106 0.211347
0.210975 0.210894 0.211474 0.211472 0.210252 0.209604
0.209554 0.209256 0.209330 0.209428 0.209983 0.210482
0.210454 0.211310 0.211318 0.210124 0.209261 0.207883
0.206410 0.204956 0.204255 0.204452 0.204007 0.204842
0.206227 0.206828 0.207819 0.208937 0.209492 0.208944
0.209060 0.208795 0.208553 0.209713 0.209245 0.207151
0.205319 0.203961 0.204151 0.204085 0.204586 0.206657
0.206972 0.206241 0.205877 0.205958 0.207091 0.208077
0.209173 0.210567 0.211093 0.210608 0.208713 0.206176
0.203980 0.202796 0.202185 0.201218 0.199676 0.199039
0.199678 0.200771 0.200490 0.198841 0.197627 0.197229
0.197330 0.197328 0.197668 0.197049 0.196327 0.196202
0.196883 0.198324 0.199202 0.199340 0.198951 0.198813
0.197971 0.196727 0.195662 0.195385 0.195850 0.195838
0.194501 0.192653 0.191209 0.191341 0.192343 0.192643
0.192480 0.191834 0.191468 0.192837 0.193566 0.193135
0.193656 0.194521 0.195198 0.196051 0.195754 0.194182
0.193494 0.192432 0.191894 0.191759 0.191734 0.193617
0.195827 0.196829 0.196955 0.196236 0.195171 0.195066
0.196082 0.196551 0.197178 0.198116 0.198311 0.198306
0.197214 0.196138 0.196534 0.196046 0.195546 0.195859
0.194788 0.193695 0.193476 0.193473 0.193078 0.192407
0.191306 0.190364 0.188964 0.188558 0.189960 0.190059
0.189613 0.189122 0.188497 0.188637 0.188571 0.188131
0.189124 0.190454 0.190697 0.190037 0.189202 0.188358
0.187759 0.187089 0.186337 0.196861 0.197986 0.200478
0.201732 0.201683 0.202137 0.203540 0.204695 0.205891
0.206940 0.206706 0.206963 0.207396 0.207860 0.208293
0.209112 0.210376 0.211067 0.211156 0.211670 0.212188
0.211684 0.211175 0.210795 0.209779 0.208585 0.208778
0.209050 0.208880 0.209595 0.210465 0.211298 0.211715
0.210222 0.208190 0.207086 0.206354 0.205016 0.204063
0.204170 0.204405 0.205136 0.207150 0.207973 0.207690
0.208792 0.209177 0.209425 0.210013 0.209971 0.210056
0.210406 0.209421 0.207470 0.206149 0.205205 0.205138
0.204825 0.204692 0.205377 0.206716 0.206815 0.205747
0.206483 0.207998 0.208662 0.209223 0.209737 0.209773
0.209289 0.207310 0.205840 0.204215 0.202744 0.201909
0.201435 0.201264 0.200454 0.200956 0.201611 0.200473
0.198482 0.196447 0.195405 0.195713 0.195885 0.196337
0.196371 0.196353 0.196424 0.196734 0.198164 0.199277
0.199534 0.199568 0.199715 0.198532 0.196871 0.195109
0.193831 0.194475 0.195081 0.193506 0.191850 0.191127
0.190981 0.192294 0.193206 0.193627 0.192908 0.192004
0.193123 0.192797 0.192529 0.193607 0.193966 0.194007
0.194050 0.194101 0.193246 0.192207 0.191558 0.191415
0.191376 0.192246 0.193891 0.196029 0.197873 0.197986
0.197520 0.196642 0.195720 0.196186 0.196555 0.196626
0.197343 0.198458 0.199508 0.199012 0.198342 0.198889
0.198767 0.197322 0.196026 0.194910 0.194275 0.194244
0.193182 0.191989 0.191753 0.191615 0.190729 0.188699
0.188137 0.189560 0.189827 0.189106 0.188570 0.187133
0.186874 0.187281 0.186642 0.187822 0.189755 0.189778
0.188960 0.188212 0.187566 0.187159 0.186744 0.186565
0.197133 0.198358 0.200293 0.201922 0.202556 0.202687
0.203988 0.204466 0.204809 0.206264 0.207097 0.207497
0.207538 0.207846 0.208032 0.208380 0.209434 0.210055
0.210468 0.211092 0.211760 0.211891 0.211761 0.211343
0.210419 0.209531 0.209073 0.208581 0.208556 0.209815
0.210423 0.209995 0.209949 0.209444 0.207676 0.206575
0.206012 0.204976 0.205043 0.204879 0.204970 0.205993
0.207327 0.208219 0.208487 0.209304 0.209692 0.210977
0.211694 0.211285 0.211229 0.210422 0.208434 0.207340
0.207269 0.206680 0.206222 0.205526 0.205131 0.205111
0.206873 0.207836 0.206755 0.207454 0.208884 0.209155
0.208848 0.208933 0.208604 0.207415 0.205783 0.204990
0.203199 0.201101 0.200236 0.200419 0.201787 0.201802
0.201695 0.201599 0.199890 0.198213 0.196536 0.195012
0.194803 0.194730 0.195149 0.195916 0.196657 0.196998
0.197092 0.198103 0.198901 0.199195 0.199735 0.199677
0.198023 0.195774 0.193735 0.192546 0.192346 0.192856
0.191784 0.190326 0.191183 0.191274 0.191475 0.192233
0.192536 0.192442 0.192573 0.192817 0.191723 0.192009
0.192614 0.192078 0.192782 0.193403 0.193886 0.193985
0.192672 0.191620 0.191490 0.192074 0.193166 0.194352
0.196238 0.198559 0.199001 0.198893 0.198609 0.197068
0.196650 0.196957 0.196949 0.197847 0.199200 0.200032
0.200413 0.200263 0.200673 0.200590 0.198451 0.196629
0.195349 0.193916 0.193261 0.192116 0.191321 0.192049
0.192287 0.191291 0.189020 0.187597 0.189071 0.190032
0.189640 0.189443 0.188303 0.186995 0.186929 0.186890
0.187335 0.188115 0.187972 0.188120 0.188684 0.188647
0.188122 0.187769 0.187610 0.198253 0.198888 0.200085
0.201741 0.202660 0.202826 0.204634 0.205703 0.205699
0.206904 0.207890 0.208312 0.208731 0.209202 0.209276
0.209439 0.210161 0.210296 0.209875 0.209960 0.211187
0.212138 0.212379 0.211543 0.211122 0.211198 0.210210
0.208649 0.208545 0.210207 0.209908 0.208610 0.208554
0.209093 0.208014 0.206653 0.206126 0.205728 0.206299
0.205850 0.205786 0.206800 0.206652 0.207487 0.209084
0.209574 0.209798 0.211352 0.212245 0.211568 0.211121
0.210616 0.209191 0.207616 0.207486 0.207781 0.207441
0.206521 0.206151 0.206324 0.206878 0.206637 0.206333
0.207706 0.208790 0.208993 0.208718 0.208799 0.208162
0.206155 0.204140 0.203535 0.203018 0.201093 0.199540
0.199450 0.200326 0.201245 0.201590 0.201441 0.200356
0.198561 0.197298 0.196485 0.196261 0.196081 0.195895
0.197065 0.198011 0.197778 0.197943 0.198527 0.199034
0.199324 0.199499 0.198921 0.196981 0.194850 0.193066
0.192178 0.191748 0.191513 0.190731 0.189487 0.190972
0.192491 0.192023 0.191589 0.191758 0.192065 0.192391
0.192393 0.191861 0.191751 0.191282 0.190878 0.191839
0.192953 0.193204 0.192679 0.191719 0.191334 0.192101
0.193453 0.193925 0.194067 0.195453 0.197749 0.198761
0.199367 0.199772 0.198416 0.197704 0.197718 0.198044
0.199051 0.199499 0.200215 0.201702 0.201997 0.201592
0.200538 0.198739 0.197361 0.195368 0.192779 0.191851
0.191960 0.191629 0.191941 0.192627 0.192191 0.189770
0.188105 0.189484 0.190899 0.190401 0.189375 0.189314
0.188946 0.188363 0.188543 0.188473 0.187618 0.186958
0.187491 0.188657 0.189185 0.189054 0.189201 0.189320
0.198352 0.198760 0.199962 0.201142 0.201927 0.202740
0.204094 0.205016 0.205466 0.206709 0.207735 0.207742
0.207983 0.208539 0.208820 0.209475 0.210282 0.210703
0.209566 0.208945 0.210131 0.211144 0.211836 0.211492
0.211632 0.212069 0.211156 0.209934 0.210126 0.211004
0.209780 0.208563 0.209272 0.209903 0.208505 0.206740
0.206437 0.206863 0.207371 0.206499 0.206410 0.206881
0.206664 0.207993 0.208382 0.208223 0.208825 0.209544
0.210225 0.210050 0.210073 0.210005 0.209008 0.207846
0.207452 0.207724 0.208199 0.208360 0.208032 0.207610
0.206982 0.205644 0.205568 0.206828 0.207188 0.207663
0.207815 0.207510 0.207000 0.205547 0.203577 0.202694
0.202475 0.201161 0.200251 0.200417 0.199957 0.200335
0.201068 0.200664 0.199750 0.198216 0.198179 0.199048
0.199365 0.198918 0.198342 0.199372 0.200184 0.199592
0.199220 0.199128 0.199587 0.200000 0.199821 0.199206
0.197034 0.195404 0.194761 0.194076 0.193246 0.192508
0.191407 0.190019 0.190906 0.192244 0.191603 0.191222
0.191755 0.192187 0.192691 0.192146 0.191305 0.190776
0.190458 0.190318 0.190856 0.191548 0.190897 0.190047
0.189552 0.189607 0.191266 0.193597 0.194092 0.193260
0.193968 0.196340 0.197928 0.199229 0.200210 0.199234
0.198321 0.198346 0.198925 0.199638 0.199577 0.199884
0.200417 0.201008 0.201762 0.200395 0.198146 0.196806
0.194998 0.192743 0.192834 0.193990 0.193889 0.193229
0.192687 0.192213 0.190838 0.189729 0.190104 0.191374
0.191092 0.190088 0.190626 0.190558 0.189888 0.190134
0.189394 0.188314 0.187806 0.188537 0.189469 0.189251
0.189289 0.189006 0.188628 0.200018 0.200446 0.200884
0.201089 0.201408 0.201894 0.202305 0.203052 0.204081
0.205295 0.206477 0.206119 0.205797 0.206285 0.206381
0.207223 0.209061 0.209903 0.208827 0.208331 0.209660
0.210750 0.211368 0.211739 0.211868 0.212165 0.211104
0.210983 0.212152 0.211946 0.210374 0.209556 0.210537
0.211011 0.209291 0.207300 0.206713 0.207028 0.207846
0.207559 0.207203 0.206722 0.206536 0.207605 0.207776
0.207944 0.208720 0.208217 0.207689 0.207977 0.208905
0.209177 0.207765 0.207304 0.206829 0.207314 0.209229
0.209626 0.209054 0.208112 0.207521 0.206212 0.205687
0.206099 0.205617 0.205769 0.206296 0.206350 0.205738
0.205004 0.203589 0.201806 0.200732 0.200062 0.199911
0.200069 0.199180 0.199218 0.200143 0.199669 0.198730
0.198454 0.199318 0.200203 0.200306 0.199603 0.199211
0.199929 0.200878 0.200666 0.199301 0.198879 0.199427
0.199857 0.200670 0.200015 0.197716 0.196082 0.195588
0.195618 0.195033 0.194363 0.192532 0.190348 0.190319
0.191287 0.190768 0.190902 0.191512 0.191403 0.192087
0.191050 0.188947 0.188576 0.189208 0.189127 0.189876
0.190549 0.189367 0.188546 0.188587 0.188593 0.189707
0.191636 0.192654 0.192758 0.193558 0.195842 0.198120
0.200065 0.201205 0.200343 0.200033 0.200030 0.200175
0.200483 0.199434 0.199076 0.199018 0.199446 0.200717
0.199687 0.197049 0.195498 0.195069 0.193790 0.193812
0.195394 0.195770 0.194566 0.193035 0.192678 0.192266
0.191748 0.191180 0.191239 0.191662 0.191560 0.191073
0.190002 0.189789 0.190900 0.190681 0.189839 0.189892
0.190555 0.190805 0.190043 0.190096 0.189781 0.188977
0.200872 0.201023 0.200887 0.201489 0.201785 0.201325
0.201735 0.203056 0.203888 0.204235 0.205251 0.205208
0.204135 0.204190 0.204674 0.205402 0.207122 0.208122
0.207611 0.207824 0.209208 0.210402 0.211536 0.212073
0.211462 0.211263 0.211364 0.211957 0.212789 0.212005
0.210683 0.210541 0.211162 0.211257 0.209658 0.207666
0.207126 0.207453 0.208543 0.208782 0.207246 0.205282
0.204956 0.205923 0.206851 0.208505 0.209354 0.207679
0.206176 0.206373 0.207736 0.208412 0.207376 0.206688
0.205719 0.206884 0.209445 0.209620 0.209126 0.207968
0.207429 0.207247 0.206589 0.206160 0.205142 0.204156
0.204889 0.205570 0.205065 0.204017 0.201913 0.200695
0.200481 0.199599 0.199158 0.199068 0.198250 0.199039
0.199679 0.198902 0.198884 0.199432 0.199863 0.200157
0.200396 0.200002 0.199949 0.200877 0.201307 0.200525
0.199158 0.198632 0.198541 0.198272 0.199576 0.199153
0.197479 0.196753 0.196139 0.195709 0.195142 0.194561
0.192799 0.190524 0.189739 0.190642 0.190168 0.190410
0.191427 0.190768 0.190462 0.189598 0.187473 0.186965
0.188046 0.188771 0.189672 0.189887 0.188770 0.188135
0.188546 0.189101 0.189800 0.190529 0.191247 0.192096
0.192951 0.195462 0.198062 0.199729 0.200837 0.200799
0.201468 0.201285 0.201499 0.201955 0.200411 0.199096
0.198422 0.197971 0.198662 0.198632 0.196616 0.195000
0.195313 0.194586 0.194161 0.195604 0.195755 0.194503
0.193673 0.193898 0.193552 0.193458 0.192664 0.191803
0.192018 0.191867 0.191275 0.190199 0.190183 0.191410
0.192429 0.192311 0.191877 0.191557 0.191164 0.190594
0.190695 0.191244 0.191240 0.201097 0.200459 0.200436
0.202002 0.202909 0.202682 0.201978 0.202614 0.203678
0.203386 0.203892 0.203766 0.202206 0.202332 0.203099
0.204154 0.205359 0.206068 0.205992 0.206635 0.208434
0.210609 0.212007 0.211689 0.210959 0.210465 0.211378
0.212438 0.212406 0.211578 0.210783 0.210804 0.211366
0.211284 0.209590 0.208274 0.208314 0.208217 0.209069
0.208859 0.206408 0.204209 0.204318 0.205619 0.206435
0.208351 0.208654 0.206525 0.205493 0.205516 0.206172
0.206805 0.206477 0.205598 0.204298 0.204766 0.207037
0.207631 0.207260 0.206858 0.206934 0.207275 0.206550
0.205912 0.204591 0.203101 0.203624 0.204680 0.205107
0.203599 0.201371 0.201362 0.201759 0.200742 0.199792
0.199467 0.198790 0.199154 0.199751 0.199525 0.199820
0.200143 0.200004 0.200218 0.201177 0.201621 0.201580
0.201647 0.201518 0.200498 0.199921 0.199887 0.199205
0.198551 0.198447 0.197690 0.196573 0.195945 0.195566
0.195060 0.193852 0.193320 0.193106 0.191208 0.189442
0.189578 0.189411 0.189951 0.190631 0.190102 0.189281
0.188511 0.187939 0.187777 0.188182 0.188823 0.189793
0.189548 0.188191 0.187953 0.188580 0.189072 0.189917
0.190488 0.190300 0.190795 0.191851 0.193784 0.195998
0.197728 0.199502 0.200565 0.201076 0.200983 0.201321
0.201474 0.200016 0.198141 0.196847 0.196616 0.197539
0.198485 0.197639 0.196659 0.196392 0.195425 0.195473
0.196152 0.195468 0.194562 0.194245 0.194213 0.193849
0.194319 0.194366 0.193340 0.192778 0.192879 0.193200
0.192518 0.192184 0.192850 0.193900 0.193315 0.191374
0.191014 0.191407 0.191278 0.190950 0.190807 0.190950
0.201935 0.201110 0.200878 0.202001 0.202929 0.203404
0.202263 0.202278 0.203116 0.202389 0.202299 0.201491
0.199987 0.200603 0.201588 0.202851 0.203910 0.204405
0.205779 0.206592 0.207788 0.210758 0.212615 0.212302
0.211421 0.210556 0.210798 0.211588 0.211753 0.212054
0.211468 0.210241 0.211259 0.211936 0.210619 0.210181
0.210717 0.210370 0.209591 0.208848 0.207564 0.205374
0.204952 0.206331 0.207113 0.207567 0.206539 0.204568
0.203965 0.204537 0.204686 0.205102 0.205457 0.204787
0.203650 0.203236 0.204009 0.204334 0.204906 0.206103
0.207116 0.206751 0.205395 0.204541 0.203431 0.202364
0.202708 0.204145 0.204994 0.204240 0.203385 0.203715
0.203437 0.202417 0.201257 0.200640 0.200426 0.200133
0.200555 0.200632 0.200422 0.200362 0.200198 0.200478
0.201774 0.202444 0.201610 0.201024 0.200802 0.200479
0.200425 0.200630 0.200722 0.200294 0.198998 0.197662
0.196533 0.195015 0.194087 0.194425 0.194268 0.193738
0.193493 0.191803 0.189603 0.188750 0.188923 0.189410
0.189955 0.190058 0.189416 0.189126 0.189499 0.190069
0.190105 0.189543 0.189713 0.189583 0.188690 0.188786
0.189172 0.188945 0.189479 0.190177 0.189913 0.189940
0.191190 0.192952 0.194866 0.196671 0.198430 0.199796
0.199778 0.199720 0.199657 0.199556 0.198910 0.197289
0.196105 0.196184 0.197031 0.198022 0.198199 0.197379
0.196868 0.196672 0.196857 0.196912 0.195975 0.194782
0.194577 0.194324 0.193761 0.195140 0.196596 0.195978
0.195113 0.194884 0.194866 0.194315 0.193776 0.194143
0.194310 0.192660 0.191035 0.190833 0.191183 0.191910
0.191405 0.190078 0.189680 0.201855 0.201797 0.201236
0.201163 0.201974 0.203136 0.203178 0.202706 0.202330
0.200621 0.199318 0.198717 0.198398 0.199185 0.200627
0.201964 0.203224 0.204859 0.206899 0.206787 0.206918
0.209818 0.212375 0.214007 0.213455 0.211465 0.210888
0.211414 0.211781 0.212228 0.211517 0.210570 0.211072
0.211588 0.211485 0.211236 0.211915 0.212083 0.210574
0.209018 0.208697 0.206778 0.205889 0.207091 0.207556
0.207011 0.204690 0.202782 0.202326 0.203004 0.203196
0.203229 0.204346 0.204358 0.202951 0.202170 0.201930
0.202497 0.204091 0.205677 0.206429 0.205486 0.204255
0.203610 0.202862 0.202214 0.202254 0.203457 0.204688
0.204819 0.204566 0.204583 0.204356 0.203927 0.202365
0.201476 0.201918 0.201933 0.201191 0.200609 0.200774
0.200652 0.200695 0.201280 0.202475 0.202168 0.200505
0.200491 0.200669 0.200845 0.200808 0.200063 0.199657
0.198660 0.197621 0.197567 0.197333 0.195915 0.194863
0.195278 0.195241 0.194295 0.193373 0.191903 0.189924
0.188765 0.189425 0.189458 0.190012 0.190500 0.189170
0.188977 0.190161 0.190914 0.190758 0.190029 0.189209
0.188600 0.189040 0.189845 0.189928 0.190139 0.189587
0.189153 0.189550 0.190112 0.190869 0.192660 0.195170
0.196181 0.197274 0.198585 0.197879 0.197908 0.198238
0.198658 0.199203 0.198407 0.197528 0.197250 0.197542
0.198175 0.198479 0.197518 0.197442 0.197680 0.197826
0.198412 0.197490 0.195973 0.195529 0.195019 0.194580
0.195208 0.196400 0.196853 0.196216 0.195427 0.195108
0.194803 0.194639 0.195160 0.195007 0.193363 0.192102
0.190960 0.190182 0.190658 0.189944 0.189529 0.189990
0.201788 0.202309 0.201989 0.201397 0.201972 0.202646
0.202685 0.202084 0.201222 0.199269 0.197511 0.197011
0.197580 0.198727 0.200516 0.202554 0.203689 0.205306
0.206578 0.206380 0.207252 0.209948 0.213048 0.215451
0.214887 0.212576 0.211499 0.211938 0.212159 0.211221
0.210902 0.211417 0.210994 0.210616 0.210910 0.211184
0.212308 0.212789 0.211495 0.209288 0.208662 0.208269
0.207223 0.207441 0.208031 0.207310 0.204759 0.202301
0.201330 0.201054 0.200652 0.201395 0.203173 0.202887
0.201901 0.201718 0.201915 0.203010 0.203764 0.205269
0.206073 0.204514 0.203817 0.204398 0.203532 0.202330
0.202128 0.202593 0.204102 0.204793 0.204398 0.204524
0.204893 0.204757 0.202443 0.200897 0.201590 0.201848
0.201437 0.201270 0.201907 0.202236 0.202050 0.202235
0.202249 0.201170 0.199754 0.199476 0.200019 0.200577
0.200194 0.198714 0.197350 0.196154 0.195466 0.196347
0.197142 0.196509 0.195995 0.196360 0.195653 0.194003
0.192874 0.191576 0.190306 0.189717 0.190531 0.190894
0.191091 0.190917 0.188847 0.187885 0.189569 0.190577
0.190369 0.190386 0.189169 0.187870 0.188118 0.188604
0.189666 0.191370 0.190172 0.188215 0.188815 0.190050
0.190770 0.192020 0.194242 0.195272 0.196352 0.197867
0.198174 0.198005 0.198301 0.199286 0.199845 0.200061
0.200036 0.199650 0.199548 0.200266 0.200198 0.198945
0.198296 0.198163 0.198187 0.198536 0.198331 0.197659
0.196579 0.195534 0.195598 0.195107 0.195161 0.195570
0.194895 0.194971 0.195842 0.195682 0.195249 0.195905
0.196332 0.195032 0.192823 0.191116 0.190409 0.190108
0.189802 0.190337 0.190866 0.202881 0.203045 0.202782
0.202492 0.202412 0.202405 0.202060 0.200861 0.200020
0.199261 0.198359 0.198030 0.197876 0.198923 0.201251
0.203375 0.204532 0.205223 0.206176 0.207346 0.208313
0.210386 0.214250 0.216705 0.215738 0.214085 0.213461
0.213762 0.213491 0.211471 0.210552 0.210853 0.210905
0.210238 0.210342 0.211587 0.212570 0.212731 0.211714
0.210040 0.209312 0.209276 0.208056 0.207205 0.207522
0.206720 0.204396 0.201794 0.200657 0.200608 0.200571
0.201672 0.202586 0.202068 0.202351 0.203093 0.203654
0.204280 0.204453 0.205749 0.207127 0.206001 0.205098
0.205465 0.204113 0.202455 0.202950 0.203581 0.203681
0.203573 0.203505 0.203818 0.203887 0.203898 0.202392
0.200793 0.200869 0.201254 0.202290 0.202900 0.203366
0.203563 0.203406 0.203169 0.201574 0.200080 0.199114
0.198455 0.198423 0.198775 0.198563 0.198045 0.196875
0.195504 0.195010 0.195548 0.196047 0.196054 0.195962
0.195984 0.195849 0.194474 0.192900 0.191606 0.190730
0.190283 0.190699 0.191673 0.191969 0.191121 0.188786
0.187768 0.189022 0.189718 0.190285 0.191034 0.190024
0.188401 0.187504 0.187747 0.189548 0.191398 0.190410
0.188422 0.189133 0.190435 0.191258 0.192436 0.193468
0.194003 0.194973 0.196502 0.197728 0.198331 0.199156
0.200148 0.200723 0.201368 0.201993 0.201559 0.200639
0.200907 0.200555 0.199604 0.199411 0.199178 0.198018
0.197066 0.197509 0.198000 0.197403 0.196597 0.196138
0.195319 0.194703 0.193960 0.193464 0.194751 0.196782
0.196933 0.195798 0.195582 0.195887 0.194773 0.192239
0.190790 0.190517 0.190131 0.191065 0.191440 0.190624
0.203714 0.203974 0.203462 0.202716 0.202273 0.201920
0.201746 0.200922 0.200368 0.199785 0.199180 0.199426
0.199443 0.199944 0.201734 0.204588 0.206002 0.205477
0.206485 0.208183 0.209239 0.211281 0.214412 0.216875
0.216292 0.214946 0.214877 0.215140 0.214771 0.212617
0.210721 0.210340 0.210716 0.210082 0.210502 0.211969
0.212083 0.211599 0.210767 0.209950 0.209595 0.209331
0.208131 0.206825 0.206593 0.205611 0.203363 0.201095
0.199773 0.200573 0.201389 0.201680 0.202239 0.202283
0.202867 0.204187 0.205007 0.205668 0.205766 0.205846
0.206976 0.207103 0.206550 0.205886 0.204218 0.203790
0.205085 0.205334 0.204024 0.202637 0.202708 0.202598
0.202451 0.202926 0.201867 0.200995 0.201492 0.202099
0.203012 0.203692 0.204442 0.204834 0.204620 0.203758
0.201759 0.199712 0.198477 0.197926 0.196888 0.196370
0.196164 0.195858 0.195250 0.194899 0.195437 0.196019
0.195887 0.194974 0.194836 0.194723 0.195074 0.194994
0.193240 0.191277 0.190308 0.190004 0.189690 0.190437
0.190915 0.190148 0.188579 0.187774 0.188316 0.188839
0.189766 0.191122 0.190570 0.188820 0.188111 0.188333
0.189640 0.190250 0.189128 0.188261 0.189513 0.191199
0.192215 0.193144 0.193025 0.193161 0.194485 0.195595
0.196454 0.197984 0.199052 0.199298 0.200554 0.201385
0.201754 0.201876 0.201053 0.200540 0.199834 0.199655
0.199821 0.199138 0.197553 0.196082 0.196653 0.198042
0.197904 0.197010 0.195938 0.195020 0.194457 0.193451
0.193106 0.194293 0.195876 0.196803 0.195833 0.194208
0.194071 0.193732 0.192034 0.190947 0.190160 0.189604
0.190815 0.190822 0.189842 0.203985 0.204507 0.204387
0.203222 0.202102 0.201249 0.200904 0.201186 0.201942
0.201612 0.200515 0.200502 0.200936 0.201162 0.202611
0.206057 0.207633 0.206288 0.206031 0.207445 0.209939
0.212270 0.213362 0.214756 0.215274 0.214549 0.214440
0.214815 0.214700 0.213275 0.211302 0.210314 0.210326
0.210125 0.210418 0.211293 0.211540 0.210956 0.210348
0.209437 0.208803 0.208994 0.207954 0.205833 0.205167
0.204961 0.203580 0.201268 0.199064 0.199509 0.200126
0.199987 0.201454 0.202976 0.204205 0.204992 0.205135
0.206316 0.206215 0.206017 0.207139 0.207625 0.207392
0.206143 0.204894 0.205281 0.205987 0.205244 0.203645
0.202392 0.202296 0.202013 0.201453 0.201632 0.200725
0.200466 0.202272 0.203036 0.203376 0.203994 0.204935
0.205530 0.205123 0.203655 0.201670 0.199114 0.197327
0.197147 0.196154 0.195142 0.194676 0.193815 0.193328
0.194324 0.195249 0.195913 0.196222 0.195219 0.194537
0.194103 0.194310 0.193999 0.192218 0.190216 0.189749
0.189706 0.187851 0.187666 0.188590 0.188573 0.188154
0.187449 0.187673 0.188288 0.188993 0.190215 0.189982
0.189133 0.188914 0.188172 0.188577 0.189183 0.188724
0.188654 0.189367 0.190672 0.192101 0.192557 0.191992
0.192554 0.194284 0.195991 0.197251 0.198290 0.198795
0.199018 0.200317 0.200972 0.200604 0.201209 0.202023
0.201158 0.199289 0.199004 0.199506 0.199092 0.197781
0.196574 0.197204 0.198383 0.197559 0.196648 0.195786
0.194572 0.194331 0.193768 0.193263 0.193685 0.194767
0.196132 0.195858 0.193883 0.192877 0.193106 0.192555
0.191409 0.190388 0.189848 0.190477 0.189851 0.188747
0.205379 0.205251 0.204990 0.203810 0.201854 0.200830
0.200266 0.200659 0.202316 0.202765 0.202213 0.202775
0.202907 0.203025 0.205023 0.207474 0.208851 0.208107
0.206396 0.206709 0.209724 0.211926 0.212735 0.213752
0.214570 0.214433 0.214268 0.214711 0.214367 0.213697
0.212537 0.211143 0.210946 0.210957 0.210602 0.210649
0.211054 0.211377 0.211430 0.211006 0.210043 0.209118
0.208082 0.205996 0.204824 0.204640 0.203486 0.201345
0.199342 0.199428 0.199706 0.199924 0.201826 0.203750
0.204630 0.205104 0.205129 0.205971 0.206464 0.206661
0.207601 0.207834 0.207382 0.206402 0.206292 0.205956
0.205201 0.204534 0.203085 0.202429 0.202580 0.202388
0.201722 0.201409 0.200751 0.200545 0.202527 0.203627
0.204211 0.204977 0.205259 0.205144 0.204060 0.202393
0.200784 0.198425 0.196184 0.196147 0.195631 0.194769
0.194851 0.194548 0.194370 0.194432 0.194644 0.195535
0.196200 0.195817 0.194985 0.193884 0.193320 0.192824
0.191694 0.190173 0.189514 0.189304 0.187596 0.186596
0.186864 0.186998 0.187026 0.187128 0.187638 0.187757
0.188258 0.189385 0.189399 0.189090 0.188366 0.187318
0.187915 0.189175 0.190068 0.190717 0.190327 0.190496
0.191727 0.191715 0.191325 0.192573 0.194240 0.196102
0.197706 0.198860 0.199641 0.199933 0.200436 0.200492
0.200161 0.200693 0.201214 0.200425 0.199426 0.199457
0.200236 0.199935 0.198590 0.197900 0.197932 0.198273
0.197619 0.196732 0.195483 0.194295 0.194747 0.194909
0.194272 0.193924 0.194486 0.195143 0.194990 0.193916
0.192387 0.191861 0.192374 0.191483 0.190503 0.190459
0.191219 0.190955 0.189791 0.205800 0.205450 0.204851
0.203534 0.201281 0.199929 0.199666 0.200059 0.201433
0.202401 0.203023 0.204660 0.205513 0.205608 0.207027
0.208319 0.209096 0.209040 0.207180 0.206565 0.208400
0.210246 0.211582 0.212922 0.213480 0.213679 0.214626
0.215286 0.214775 0.214401 0.214074 0.212435 0.211237
0.211088 0.210873 0.210877 0.211450 0.212404 0.212584
0.212339 0.211304 0.209913 0.208826 0.206785 0.205169
0.204298 0.203080 0.201410 0.200916 0.201454 0.201558
0.201903 0.202772 0.203519 0.204247 0.204952 0.205045
0.205871 0.206092 0.205537 0.206344 0.207093 0.207147
0.206718 0.206825 0.206239 0.204952 0.204413 0.203594
0.203246 0.203401 0.203202 0.203185 0.202456 0.201287
0.200934 0.202107 0.203817 0.204962 0.205752 0.205242
0.204110 0.202343 0.200584 0.199669 0.198292 0.196240
0.195900 0.195282 0.193925 0.193687 0.194285 0.195263
0.195008 0.194926 0.195865 0.196477 0.195912 0.195062
0.194169 0.193139 0.192709 0.192362 0.191272 0.189569
0.188791 0.188319 0.187877 0.187563 0.186805 0.187034
0.188191 0.189169 0.188934 0.188348 0.188706 0.188880
0.188552 0.187516 0.187103 0.188641 0.190056 0.191094
0.191962 0.191675 0.191558 0.192809 0.192909 0.192289
0.193760 0.195176 0.195781 0.197263 0.199358 0.200486
0.200359 0.200641 0.200895 0.200343 0.199996 0.199666
0.200148 0.201402 0.201975 0.201641 0.200932 0.199660
0.198433 0.197657 0.197428 0.197577 0.196518 0.195129
0.194815 0.195883 0.196471 0.195735 0.194397 0.193872
0.193853 0.192927 0.192367 0.191917 0.191682 0.192954
0.192585 0.191314 0.191026 0.191640 0.191934 0.191194
0.205029 0.204856 0.204410 0.203083 0.200586 0.199290
0.199522 0.199309 0.199926 0.202086 0.204295 0.206048
0.207217 0.207382 0.207755 0.208306 0.209303 0.209215
0.207821 0.207444 0.207756 0.208977 0.209869 0.210838
0.211446 0.212281 0.213905 0.214653 0.214298 0.213625
0.213410 0.212353 0.211072 0.210868 0.211386 0.211858
0.212714 0.213735 0.213578 0.212698 0.211513 0.210356
0.208781 0.205902 0.204083 0.203881 0.203593 0.202469
0.202310 0.202473 0.202667 0.203158 0.203336 0.203615
0.204345 0.204972 0.204664 0.205187 0.205310 0.205039
0.205855 0.207166 0.207641 0.207508 0.207453 0.206786
0.205726 0.204729 0.203636 0.203176 0.203310 0.203341
0.203523 0.202904 0.201844 0.200693 0.200768 0.202904
0.204685 0.205431 0.204814 0.202735 0.200980 0.200526
0.200215 0.198997 0.197137 0.195932 0.194537 0.192650
0.192816 0.194486 0.195401 0.195698 0.195419 0.195313
0.195518 0.195262 0.194957 0.194470 0.193957 0.193619
0.192929 0.191896 0.191187 0.191334 0.190846 0.190160
0.189647 0.188704 0.188269 0.188841 0.190105 0.190349
0.189134 0.188693 0.188989 0.188567 0.187846 0.188004
0.188932 0.189480 0.190358 0.191795 0.192589 0.193256
0.194346 0.194048 0.193607 0.194877 0.195952 0.195898
0.196673 0.198900 0.200295 0.199908 0.200085 0.200714
0.199788 0.199226 0.200033 0.201555 0.203063 0.203900
0.203023 0.201501 0.200392 0.199107 0.198298 0.197396
0.197153 0.196874 0.196206 0.196388 0.197421 0.197344
0.196519 0.194653 0.193400 0.193139 0.191543 0.191270
0.191792 0.192236 0.193637 0.193579 0.192275 0.191765
0.191713 0.191690 0.191414 0.204689 0.204228 0.203051
0.201549 0.199808 0.199447 0.200307 0.199975 0.200209
0.202413 0.204933 0.206813 0.207748 0.208539 0.209190
0.209063 0.209215 0.208591 0.208042 0.208195 0.208433
0.208990 0.209034 0.209566 0.209881 0.210752 0.212050
0.213205 0.212975 0.211738 0.211412 0.211550 0.211218
0.210233 0.210704 0.211736 0.212837 0.214029 0.213895
0.213210 0.212057 0.209883 0.207652 0.205801 0.204533
0.204152 0.204180 0.203244 0.202897 0.202787 0.202348
0.202884 0.203503 0.203836 0.204104 0.204516 0.204479
0.203996 0.204310 0.205028 0.205658 0.207357 0.207920
0.207527 0.207904 0.207107 0.206133 0.205895 0.204551
0.202999 0.202603 0.202598 0.202295 0.201146 0.200230
0.199716 0.200557 0.203092 0.204598 0.205243 0.205421
0.203619 0.201810 0.202121 0.202210 0.200247 0.198180
0.196698 0.195026 0.193437 0.193804 0.195228 0.195734
0.195236 0.194383 0.194020 0.194229 0.194772 0.194509
0.194130 0.194415 0.194474 0.193580 0.192279 0.192848
0.193843 0.193051 0.192243 0.191507 0.190607 0.189320
0.189227 0.190521 0.190986 0.190527 0.190082 0.189625
0.189176 0.189022 0.189329 0.189753 0.189608 0.190280
0.191711 0.192694 0.193527 0.194047 0.194001 0.194423
0.195625 0.196374 0.196570 0.196559 0.197473 0.198551
0.199000 0.199769 0.200213 0.199868 0.199988 0.201196
0.202396 0.203796 0.204540 0.203121 0.201095 0.199657
0.198773 0.198404 0.197798 0.197429 0.196996 0.196520
0.197420 0.198848 0.198205 0.196965 0.195427 0.193814
0.192814 0.191072 0.191294 0.192604 0.193568 0.194674
0.194721 0.193879 0.193013 0.192643 0.192246 0.191884
0.205350 0.204221 0.202523 0.201321 0.200549 0.200668
0.200905 0.200609 0.201521 0.203291 0.204920 0.206597
0.207614 0.208710 0.209878 0.209613 0.208753 0.207929
0.208102 0.209370 0.209737 0.208878 0.208287 0.208516
0.208341 0.209199 0.210603 0.211785 0.211737 0.211133
0.210984 0.211187 0.210675 0.209528 0.209775 0.210605
0.211044 0.211681 0.212698 0.212940 0.211900 0.209458
0.207561 0.207069 0.206088 0.205203 0.204835 0.203539
0.203328 0.203718 0.202225 0.202051 0.203810 0.204146
0.203802 0.204024 0.204156 0.203975 0.204470 0.204822
0.205278 0.206589 0.206908 0.207246 0.207748 0.206749
0.206222 0.206672 0.205976 0.204620 0.203385 0.202283
0.201180 0.200269 0.200203 0.200439 0.201525 0.203824
0.204598 0.204555 0.204611 0.203548 0.202485 0.202460
0.202364 0.200171 0.197563 0.196502 0.195963 0.195187
0.194802 0.195352 0.195294 0.193636 0.193069 0.193682
0.194225 0.194389 0.193418 0.193406 0.194245 0.194421
0.193996 0.193374 0.193697 0.193846 0.193065 0.192682
0.192107 0.191275 0.190416 0.190222 0.191520 0.192162
0.191657 0.190560 0.189409 0.189505 0.190063 0.190451
0.190965 0.190857 0.190981 0.191551 0.191907 0.192300
0.193043 0.194561 0.195716 0.196246 0.196550 0.197110
0.197174 0.197051 0.197436 0.198778 0.199811 0.200229
0.200765 0.200699 0.201676 0.202799 0.203529 0.202971
0.201458 0.199608 0.197785 0.197345 0.197245 0.197457
0.197785 0.196878 0.195550 0.196017 0.197616 0.197502
0.196885 0.196017 0.194666 0.193703 0.192245 0.192527
0.193882 0.195265 0.195873 0.194861 0.193592 0.192632
0.192568 0.192061 0.191385 0.206713 0.205552 0.204216
0.203726 0.202809 0.201690 0.201520 0.201569 0.202194
0.203810 0.205005 0.205989 0.207490 0.208485 0.208761
0.209069 0.208918 0.208315 0.208156 0.209355 0.210098
0.209047 0.208281 0.207245 0.206376 0.207416 0.208812
0.210189 0.211071 0.211381 0.211064 0.210431 0.209807
0.209644 0.209680 0.209795 0.209170 0.209337 0.211256
0.211223 0.209850 0.208320 0.207448 0.207345 0.206293
0.205345 0.205167 0.203977 0.202946 0.203468 0.202775
0.202323 0.204486 0.204754 0.203662 0.203836 0.204361
0.205072 0.205947 0.205914 0.205632 0.206200 0.206678
0.207922 0.208440 0.207214 0.206279 0.206236 0.206131
0.205749 0.204229 0.202612 0.202104 0.202253 0.202974
0.202833 0.203062 0.204284 0.204212 0.203453 0.202722
0.201743 0.201636 0.201401 0.200526 0.198625 0.195921
0.194840 0.195114 0.195101 0.194230 0.193831 0.192951
0.191774 0.192244 0.192669 0.192907 0.192930 0.191894
0.192074 0.193607 0.194080 0.194007 0.194724 0.194450
0.193522 0.192965 0.192064 0.192049 0.192327 0.191825
0.190961 0.191630 0.191982 0.190850 0.189441 0.188328
0.188654 0.189318 0.189773 0.190542 0.190843 0.190813
0.191586 0.192143 0.192133 0.192383 0.194212 0.195902
0.195952 0.196894 0.198671 0.198837 0.198185 0.198301
0.199070 0.199724 0.200253 0.200226 0.199783 0.201083
0.202406 0.202261 0.200963 0.199487 0.197442 0.196431
0.196622 0.196732 0.197595 0.197661 0.196822 0.195150
0.194316 0.195385 0.195836 0.196003 0.195815 0.195192
0.194654 0.193643 0.193730 0.194481 0.195269 0.195399
0.193942 0.192290 0.192088 0.192028 0.191401 0.191206
0.207288 0.206427 0.205234 0.205196 0.204732 0.203229
0.202938 0.203030 0.203135 0.204424 0.205481 0.206147
0.207883 0.208887 0.208141 0.208350 0.208919 0.208812
0.208090 0.208055 0.208739 0.208503 0.208101 0.206608
0.205487 0.206182 0.207015 0.208611 0.210520 0.211225
0.210682 0.209720 0.209547 0.210046 0.209760 0.209662
0.209689 0.210323 0.210926 0.209118 0.207383 0.206932
0.206915 0.206749 0.205448 0.204595 0.204397 0.202893
0.201809 0.202174 0.202282 0.202393 0.203972 0.204506
0.203691 0.203871 0.205061 0.206048 0.206753 0.206854
0.206436 0.207260 0.207919 0.207689 0.207682 0.206822
0.205048 0.204811 0.205500 0.205876 0.204451 0.203573
0.204451 0.204322 0.204586 0.205037 0.204879 0.204463
0.203650 0.202836 0.202230 0.201866 0.201500 0.200468
0.199343 0.198247 0.196530 0.194549 0.193800 0.193328
0.192699 0.192599 0.191806 0.191047 0.191678 0.191561
0.191339 0.191545 0.190989 0.192017 0.193848 0.194090
0.193556 0.194375 0.194682 0.193846 0.192946 0.191967
0.192089 0.192161 0.191770 0.191469 0.191746 0.191061
0.189530 0.188117 0.186940 0.187421 0.187631 0.188070
0.189751 0.190293 0.190353 0.191223 0.192433 0.193196
0.192806 0.192975 0.194541 0.195957 0.197806 0.199848
0.200758 0.200596 0.199861 0.199133 0.199258 0.199887
0.199374 0.198579 0.199298 0.200692 0.201416 0.200737
0.198864 0.196804 0.196225 0.196507 0.196797 0.197504
0.197837 0.197877 0.196724 0.195300 0.195013 0.195233
0.195863 0.195924 0.195219 0.194357 0.194266 0.195108
0.194896 0.194027 0.193626 0.193114 0.192833 0.193486
0.193079 0.192117 0.192029 0.206595 0.206271 0.205919
0.205567 0.205568 0.205225 0.204316 0.204009 0.204049
0.205127 0.206388 0.206890 0.208071 0.208671 0.207741
0.207776 0.208467 0.208309 0.207619 0.207462 0.207373
0.207145 0.206817 0.206024 0.205732 0.205992 0.206168
0.207672 0.210058 0.211031 0.211162 0.211241 0.211048
0.210903 0.210783 0.211048 0.211522 0.211926 0.211421
0.208750 0.206817 0.206797 0.206369 0.206154 0.205242
0.204153 0.203638 0.201652 0.200472 0.200305 0.200228
0.201050 0.202810 0.203572 0.202763 0.203187 0.204530
0.206141 0.207460 0.206717 0.205879 0.207275 0.207966
0.206734 0.205630 0.204533 0.204030 0.204095 0.204901
0.206392 0.205722 0.205148 0.205965 0.205508 0.204953
0.205403 0.204590 0.202880 0.202556 0.202565 0.201912
0.201521 0.201145 0.199714 0.198647 0.198178 0.197288
0.195188 0.192630 0.191039 0.190794 0.191169 0.191111
0.190863 0.191820 0.192514 0.191832 0.190997 0.190962
0.192594 0.194037 0.194254 0.193953 0.194129 0.194445
0.193872 0.193089 0.192738 0.192250 0.191295 0.191715
0.192795 0.192841 0.191329 0.189852 0.188569 0.187313
0.187564 0.187250 0.187812 0.189565 0.189911 0.190100
0.190745 0.192250 0.193321 0.193134 0.192749 0.193330
0.195348 0.197199 0.198953 0.200208 0.200861 0.200195
0.199105 0.198664 0.198681 0.198791 0.198076 0.197798
0.199163 0.201017 0.200919 0.199593 0.197943 0.197025
0.196574 0.196775 0.197423 0.198231 0.199453 0.198690
0.196967 0.196082 0.195843 0.195715 0.194684 0.193820
0.193658 0.194582 0.195373 0.194403 0.193037 0.192342
0.192263 0.192731 0.193985 0.194468 0.193896 0.193463
0.205841 0.206204 0.206596 0.206294 0.205617 0.204534
0.203888 0.204288 0.204657 0.205351 0.206252 0.206786
0.207054 0.207011 0.206949 0.207241 0.207582 0.207299
0.207063 0.207037 0.206675 0.205958 0.205171 0.205259
0.205464 0.205571 0.206119 0.208002 0.210392 0.211347
0.212286 0.213385 0.212690 0.211314 0.210999 0.211237
0.211027 0.210782 0.210774 0.208859 0.207061 0.207139
0.205867 0.204907 0.204530 0.203335 0.202697 0.201609
0.200049 0.198898 0.199178 0.200726 0.202322 0.202946
0.202454 0.202902 0.203953 0.206156 0.208040 0.207047
0.205568 0.205362 0.205693 0.205624 0.204952 0.204125
0.204244 0.204614 0.205295 0.206700 0.206662 0.205702
0.205693 0.205655 0.205574 0.205183 0.203332 0.201870
0.201757 0.201835 0.201162 0.200176 0.200060 0.199263
0.198043 0.197068 0.195824 0.194229 0.192348 0.190738
0.189909 0.190192 0.190323 0.190899 0.191930 0.192768
0.192418 0.191047 0.191579 0.193136 0.194199 0.194624
0.194566 0.194217 0.193410 0.193512 0.194418 0.194612
0.193836 0.192376 0.192553 0.193686 0.193508 0.192376
0.191196 0.189534 0.188677 0.189103 0.188692 0.188873
0.189507 0.189636 0.190230 0.190957 0.192363 0.192610
0.192293 0.192957 0.193863 0.194668 0.195751 0.197246
0.197950 0.198979 0.199362 0.199509 0.198911 0.198451
0.199104 0.198402 0.197605 0.198440 0.200094 0.200228
0.199465 0.198120 0.197095 0.196465 0.196356 0.197673
0.198886 0.199623 0.199042 0.197630 0.196808 0.195770
0.193984 0.192336 0.192184 0.192879 0.193642 0.193714
0.192889 0.192176 0.191662 0.191915 0.192390 0.193407
0.194958 0.194848 0.194035 0.205724 0.206774 0.206935
0.206463 0.205344 0.203644 0.203725 0.205122 0.205768
0.205478 0.205218 0.205349 0.205782 0.205827 0.206180
0.206967 0.207252 0.207058 0.206416 0.206202 0.206080
0.204772 0.203735 0.204049 0.204397 0.204910 0.205930
0.208039 0.210233 0.211199 0.212147 0.213459 0.213389
0.212069 0.210655 0.209279 0.208858 0.209149 0.208897
0.207733 0.206591 0.205746 0.204616 0.203468 0.203247
0.202973 0.201902 0.201108 0.200218 0.199206 0.199726
0.201020 0.202038 0.203229 0.203969 0.204351 0.205302
0.207075 0.207986 0.207436 0.206056 0.204222 0.204061
0.204942 0.204891 0.205063 0.204740 0.204981 0.205826
0.206252 0.206358 0.205446 0.204610 0.204269 0.204556
0.204247 0.202103 0.201100 0.200971 0.199519 0.198432
0.198425 0.198610 0.198033 0.197091 0.195949 0.194774
0.193677 0.192992 0.192436 0.191574 0.191172 0.190648
0.191282 0.191769 0.191475 0.191452 0.190692 0.191864
0.194121 0.195094 0.195226 0.195014 0.194347 0.193701
0.193891 0.194211 0.194672 0.194277 0.193227 0.192608
0.192903 0.193686 0.193642 0.191841 0.189613 0.189679
0.190811 0.190469 0.189822 0.189723 0.189099 0.189698
0.191329 0.192460 0.192237 0.191810 0.192861 0.194430
0.194314 0.194663 0.195599 0.196236 0.197380 0.198151
0.198874 0.197968 0.197565 0.198361 0.197548 0.196742
0.197305 0.198489 0.198798 0.198320 0.197115 0.196137
0.195663 0.195683 0.197679 0.199289 0.198908 0.198381
0.197468 0.195913 0.194813 0.193254 0.192257 0.191711
0.191208 0.191626 0.192134 0.191782 0.191339 0.191457
0.192083 0.192676 0.193531 0.194567 0.194481 0.194097
0.000000 0.207902 0.207420 0.206333 0.205062 0.203905
0.204627 0.206399 0.206654 0.205615 0.204488 0.204142
0.205427 0.205795 0.205699 0.206739 0.207265 0.207211
0.205952 0.205548 0.205647 0.204319 0.203265 0.202963
0.203510 0.204439 0.205501 0.207726 0.209826 0.210857
0.211478 0.212719 0.213597 0.212864 0.210844 0.208289
0.208013 0.208952 0.207962 0.206752 0.205969 0.204230
0.203443 0.203021 0.203058 0.203170 0.201706 0.200597
0.200163 0.200048 0.200503 0.200810 0.201526 0.203507
0.205143 0.205516 0.206394 0.207542 0.207649 0.207213
0.205779 0.204013 0.204291 0.205272 0.204727 0.205086
0.205106 0.205314 0.206099 0.205796 0.205822 0.205284
0.203993 0.202914 0.202520 0.202690 0.201030 0.200019
0.200215 0.197867 0.196315 0.197233 0.197686 0.196754
0.196016 0.195166 0.194539 0.194345 0.193719 0.193606
0.192830 0.191155 0.190287 0.190981 0.191527 0.190785
0.190631 0.190423 0.191621 0.194339 0.195421 0.195310
0.195557 0.195025 0.194656 0.193980 0.192790 0.193449
0.193428 0.193018 0.192122 0.192313 0.194193 0.194223
0.191761 0.189772 0.190337 0.191553 0.191073 0.189853
0.189863 0.189079 0.189379 0.191572 0.192360 0.191891
0.191597 0.192631 0.194062 0.193605 0.193875 0.195119
0.195858 0.196614 0.197382 0.198074 0.197243 0.196849
0.197352 0.196605 0.196026 0.196574 0.197572 0.198097
0.198066 0.196886 0.195978 0.195213 0.195350 0.197614
0.199163 0.198391 0.197867 0.197188 0.195155 0.194485
0.193674 0.193050 0.191582 0.189913 0.190531 0.191431
0.191455 0.191213 0.191713 0.192329 0.192665 0.193722
0.194022 0.194065 0.194495
