-996 121 100.000000 100.000000
0.000000 17000.000000 0.000000 12000.000000
171 0.000000 0.000000 0.000000
0 0 0 0 0 0 0
0.000000 0.601493 0.602052 0.603183 0.604172 0.605085
0.606165 0.607114 0.607772 0.608112 0.608421 0.609211
0.610074 0.610856 0.611472 0.611734 0.611954 0.612031
0.612014 0.611839 0.611510 0.611553 0.612172 0.612967
0.613254 0.613096 0.613008 0.612670 0.612288 0.611868
0.611327 0.610503 0.609326 0.607997 0.606204 0.604432
0.602881 0.601378 0.599649 0.598089 0.596858 0.595011
0.592912 0.590565 0.588165 0.586011 0.582838 0.577995
0.572771 0.568001 0.562676 0.556226 0.548400 0.539884
0.532978 0.529130 0.527946 0.528213 0.530895 0.535500
0.540179 0.544662 0.547334 0.550038 0.554315 0.559889
0.566820 0.572484 0.576703 0.580660 0.583972 0.586972
0.589373 0.591568 0.594290 0.596850 0.598616 0.600384
0.602051 0.603073 0.603981 0.604859 0.605863 0.606739
0.607529 0.608199 0.608814 0.609527 0.609980 0.610679
0.611648 0.612206 0.612237 0.612448 0.612932 0.613063
0.613117 0.613416 0.613761 0.613883 0.614130 0.614561
0.614943 0.615217 0.615565 0.615902 0.615731 0.615453
0.615647 0.616006 0.616085 0.616194 0.616359 0.616556
0.616941 0.617281 0.617300 0.617174 0.617243 0.617351
0.617072 0.616451 0.615993 0.615902 0.615963 0.615927
0.616054 0.616219 0.615515 0.614504 0.613830 0.612953
0.612388 0.611962 0.610968 0.610249 0.610039 0.609829
0.609711 0.609714 0.609492 0.608978 0.608575 0.608445
0.608140 0.607506 0.607222 0.606582 0.605268 0.604550
0.604291 0.603795 0.603426 0.603658 0.603750 0.603865
0.603891 0.603688 0.604048 0.604470 0.604881 0.605519
0.606212 0.606428 0.606170 0.606196 0.606607 0.606823
0.607008 0.607228 0.000000 0.600775 0.601504 0.602462
0.603574 0.604581 0.605586 0.606646 0.607586 0.608110
0.608385 0.608796 0.609586 0.610418 0.611076 0.611603
0.611935 0.612134 0.612098 0.611940 0.611686 0.611548
0.611660 0.612277 0.612997 0.613266 0.613218 0.612999
0.612623 0.612210 0.611835 0.611527 0.610767 0.609579
0.608475 0.606855 0.605082 0.603491 0.601940 0.600133
0.598402 0.597003 0.595216 0.593155 0.590921 0.588655
0.586322 0.583264 0.578954 0.574035 0.569189 0.564006
0.557990 0.551065 0.543751 0.537747 0.534712 0.534604
0.535508 0.537522 0.541407 0.545440 0.548649 0.550689
0.553036 0.556918 0.562018 0.568133 0.573554 0.577814
0.581744 0.585169 0.588098 0.590451 0.592426 0.594854
0.597261 0.598931 0.600644 0.602167 0.603195 0.604089
0.604988 0.606032 0.606932 0.607709 0.608272 0.608838
0.609610 0.610162 0.610949 0.611771 0.612044 0.612157
0.612473 0.612818 0.613013 0.613186 0.613367 0.613583
0.613813 0.614240 0.614747 0.615031 0.615139 0.615347
0.615669 0.615655 0.615391 0.615501 0.615750 0.615777
0.616012 0.616324 0.616580 0.616910 0.617231 0.617263
0.617137 0.617252 0.617134 0.616692 0.616087 0.615668
0.615677 0.615731 0.615699 0.615751 0.615807 0.615103
0.614288 0.613563 0.612725 0.612302 0.611711 0.610815
0.610153 0.610026 0.609897 0.609571 0.609648 0.609720
0.609177 0.608557 0.608312 0.607888 0.607361 0.607174
0.606532 0.605449 0.604729 0.604290 0.603711 0.603262
0.603362 0.603422 0.603518 0.603498 0.603335 0.603741
0.604259 0.604714 0.605287 0.605772 0.605919 0.605776
0.605881 0.606235 0.606478 0.606720 0.606989 0.607216
0.601348 0.602177 0.603552 0.604510 0.605438 0.606531
0.607523 0.608313 0.608865 0.609328 0.609873 0.610473
0.610917 0.611308 0.611795 0.612157 0.612291 0.612207
0.611989 0.611825 0.611934 0.611987 0.612363 0.612774
0.612996 0.613237 0.613045 0.612715 0.612348 0.611957
0.611615 0.610935 0.609921 0.608935 0.607571 0.606017
0.604613 0.603155 0.601178 0.599147 0.597586 0.595938
0.593895 0.591737 0.589709 0.587307 0.584511 0.580938
0.576557 0.572313 0.567546 0.561885 0.556483 0.551002
0.546268 0.544477 0.545581 0.547552 0.548967 0.551724
0.554341 0.555478 0.557224 0.559381 0.562219 0.565820
0.570666 0.575846 0.580332 0.584307 0.587357 0.590034
0.592267 0.593834 0.595869 0.598060 0.599600 0.600998
0.602341 0.603389 0.604241 0.605200 0.606271 0.607141
0.607751 0.608373 0.609102 0.609807 0.610435 0.611369
0.612084 0.612140 0.612396 0.612799 0.612871 0.613084
0.613368 0.613291 0.613207 0.613528 0.614224 0.614895
0.615110 0.615188 0.615261 0.615256 0.615293 0.615221
0.615351 0.615487 0.615487 0.615898 0.616304 0.616598
0.616837 0.617034 0.617174 0.617132 0.617131 0.616822
0.616338 0.615819 0.615547 0.615494 0.615287 0.615221
0.615327 0.615375 0.614793 0.614043 0.613199 0.612398
0.611983 0.611152 0.610392 0.609947 0.609732 0.609644
0.609218 0.609204 0.609612 0.609261 0.608472 0.608146
0.607663 0.607027 0.607038 0.606770 0.605833 0.605046
0.604324 0.603657 0.603286 0.603078 0.602894 0.602853
0.602772 0.602784 0.603219 0.603759 0.604392 0.604921
0.605073 0.605119 0.605185 0.605295 0.605426 0.605777
0.606213 0.606515 0.606670 0.602376 0.603125 0.604478
0.605434 0.606328 0.607434 0.608222 0.608875 0.609696
0.610417 0.610870 0.611185 0.611367 0.611554 0.611931
0.612220 0.612302 0.612311 0.612290 0.612438 0.612480
0.612241 0.612296 0.612390 0.612670 0.613116 0.613066
0.612911 0.612776 0.612257 0.611439 0.610858 0.610116
0.608937 0.607769 0.606743 0.605704 0.604262 0.602356
0.600279 0.598668 0.597003 0.594862 0.592801 0.590992
0.589053 0.586796 0.583848 0.580129 0.576657 0.572135
0.566697 0.562419 0.558084 0.554034 0.552572 0.553827
0.556391 0.558523 0.560963 0.562174 0.562255 0.563867
0.565938 0.567539 0.569591 0.573711 0.578668 0.583144
0.586951 0.589354 0.591358 0.593477 0.595036 0.596961
0.598879 0.600213 0.601307 0.602518 0.603603 0.604414
0.605309 0.606256 0.606982 0.607534 0.608453 0.609405
0.610027 0.610693 0.611630 0.612333 0.612627 0.612938
0.613240 0.613320 0.613394 0.613472 0.613355 0.613244
0.613606 0.614232 0.614802 0.615229 0.615451 0.615471
0.615269 0.615113 0.615043 0.615166 0.615361 0.615525
0.615913 0.616230 0.616507 0.616784 0.616884 0.616972
0.616985 0.616783 0.616539 0.616279 0.615925 0.615712
0.615431 0.615137 0.615084 0.615095 0.615028 0.614574
0.613834 0.613043 0.612354 0.611656 0.610774 0.609997
0.609560 0.609415 0.609262 0.608839 0.608588 0.608868
0.608896 0.608358 0.608123 0.607912 0.607435 0.607315
0.606931 0.605895 0.605112 0.604378 0.603681 0.603350
0.602902 0.602540 0.602360 0.602155 0.602169 0.602751
0.603436 0.604024 0.604450 0.604571 0.604692 0.604771
0.604771 0.604858 0.605318 0.605691 0.605741 0.605779
0.603225 0.603924 0.605309 0.606409 0.607491 0.608558
0.609110 0.609703 0.610565 0.611244 0.611558 0.611685
0.611820 0.611981 0.612179 0.612483 0.612630 0.612559
0.612548 0.612738 0.612590 0.612303 0.612368 0.612473
0.612820 0.613046 0.612830 0.612815 0.612818 0.612230
0.611381 0.610858 0.610195 0.609026 0.608059 0.607378
0.606447 0.605076 0.603507 0.601583 0.599932 0.598331
0.596203 0.594244 0.592678 0.591441 0.589851 0.587411
0.584404 0.581176 0.576999 0.572359 0.568558 0.564895
0.561786 0.560512 0.561522 0.563929 0.566700 0.569259
0.570026 0.569985 0.570380 0.571206 0.572058 0.573570
0.577066 0.581416 0.585099 0.588141 0.590529 0.592479
0.594494 0.596155 0.598163 0.599840 0.600781 0.601659
0.602682 0.603579 0.604286 0.605214 0.606150 0.606973
0.607698 0.608579 0.609554 0.610302 0.610892 0.611696
0.612505 0.613078 0.613501 0.613686 0.613680 0.613547
0.613491 0.613563 0.613599 0.613866 0.614330 0.614860
0.615345 0.615451 0.615425 0.615307 0.615049 0.614985
0.615035 0.615206 0.615504 0.615743 0.616011 0.616246
0.616556 0.616788 0.616865 0.616769 0.616405 0.616198
0.616098 0.615854 0.615665 0.615437 0.615249 0.615140
0.614871 0.614440 0.613957 0.613496 0.612745 0.612023
0.611151 0.610326 0.609683 0.609241 0.609235 0.608911
0.608362 0.608202 0.608348 0.608525 0.608295 0.608060
0.607997 0.607844 0.607568 0.606676 0.605500 0.604777
0.604211 0.603570 0.603081 0.602458 0.601988 0.601813
0.601691 0.601736 0.602425 0.603263 0.603736 0.604097
0.604362 0.604595 0.604571 0.604390 0.604420 0.604773
0.604968 0.604988 0.605086 0.604281 0.605144 0.606666
0.607762 0.608780 0.609838 0.610510 0.610963 0.611528
0.612021 0.612237 0.612037 0.611933 0.612151 0.612337
0.612828 0.613112 0.612911 0.612772 0.612815 0.612871
0.612857 0.612804 0.612843 0.613097 0.613103 0.612836
0.612734 0.612576 0.612133 0.611494 0.610877 0.610174
0.609202 0.608483 0.607850 0.606980 0.605860 0.604444
0.602673 0.600981 0.599353 0.597499 0.595886 0.594648
0.593783 0.592429 0.590253 0.587736 0.584654 0.581153
0.577831 0.574384 0.570736 0.568329 0.567750 0.568945
0.570968 0.573363 0.575662 0.576823 0.577040 0.576104
0.575524 0.576213 0.577627 0.580338 0.583623 0.586236
0.588751 0.591610 0.593996 0.595625 0.597218 0.599098
0.600517 0.601318 0.601891 0.602660 0.603407 0.603936
0.604948 0.606055 0.606908 0.607791 0.608695 0.609655
0.610470 0.611120 0.611867 0.612687 0.613350 0.613883
0.614186 0.613966 0.613691 0.613732 0.613804 0.613883
0.614072 0.614331 0.614745 0.615139 0.615210 0.615191
0.615160 0.615004 0.615058 0.615109 0.615148 0.615392
0.615597 0.615801 0.615939 0.616281 0.616607 0.616760
0.616716 0.616257 0.616110 0.616144 0.615920 0.615789
0.615490 0.615036 0.614674 0.614273 0.613812 0.613375
0.613114 0.612465 0.611480 0.610593 0.609732 0.609085
0.608800 0.608610 0.608297 0.607921 0.607902 0.607922
0.608044 0.608135 0.607805 0.607552 0.607503 0.607292
0.606153 0.604879 0.604202 0.603612 0.603178 0.602695
0.602090 0.601580 0.601414 0.601674 0.601899 0.602403
0.603182 0.603714 0.604237 0.604594 0.604637 0.604582
0.604284 0.604109 0.604244 0.604282 0.604209 0.604192
0.605682 0.606642 0.608129 0.609184 0.610159 0.610994
0.611551 0.612002 0.612388 0.612603 0.612602 0.612257
0.612161 0.612259 0.612287 0.612711 0.613053 0.613030
0.612974 0.613085 0.613341 0.613423 0.613214 0.613038
0.613143 0.613290 0.613107 0.612675 0.612408 0.612211
0.611650 0.610903 0.610181 0.609472 0.609105 0.608725
0.607854 0.606513 0.604994 0.603323 0.601731 0.600279
0.598666 0.597271 0.596313 0.595414 0.594249 0.592418
0.590171 0.587502 0.584639 0.582203 0.579329 0.576366
0.574564 0.574337 0.575561 0.577008 0.578732 0.580461
0.581789 0.582342 0.581177 0.579856 0.580048 0.581342
0.583360 0.585650 0.587636 0.589981 0.592852 0.595209
0.596629 0.598332 0.600027 0.601082 0.601917 0.602380
0.602882 0.603452 0.603827 0.604723 0.605887 0.606674
0.607596 0.608688 0.609847 0.610872 0.611458 0.612103
0.612851 0.613474 0.613966 0.614174 0.614051 0.613990
0.614076 0.613929 0.613924 0.614235 0.614377 0.614592
0.614958 0.615089 0.615006 0.615067 0.615147 0.615171
0.615153 0.615100 0.615259 0.615499 0.615684 0.615834
0.616178 0.616340 0.616395 0.616476 0.616130 0.616081
0.616319 0.616214 0.615926 0.615394 0.614736 0.614124
0.613637 0.613474 0.613203 0.612804 0.612236 0.611220
0.610295 0.609367 0.608686 0.608387 0.608067 0.607919
0.607876 0.607838 0.607690 0.607660 0.607781 0.607489
0.607224 0.607344 0.606917 0.605514 0.604423 0.603893
0.603241 0.602841 0.602376 0.602090 0.601838 0.601698
0.602047 0.602277 0.602659 0.603376 0.603922 0.604377
0.604733 0.604751 0.604652 0.604364 0.604194 0.604213
0.603985 0.603700 0.603630 0.607056 0.607926 0.609256
0.610204 0.611258 0.611872 0.612099 0.612540 0.612941
0.612979 0.612636 0.612466 0.612634 0.612620 0.612483
0.612625 0.612891 0.612978 0.613039 0.613321 0.613601
0.613548 0.613363 0.613269 0.613318 0.613399 0.613069
0.612677 0.612488 0.612292 0.611879 0.611148 0.610457
0.609891 0.609559 0.609269 0.608428 0.607136 0.605672
0.604043 0.602647 0.601540 0.600102 0.598596 0.597471
0.596598 0.595668 0.593908 0.591692 0.589630 0.587696
0.585973 0.583809 0.582031 0.580858 0.580062 0.580715
0.581852 0.583039 0.584363 0.585431 0.585695 0.584689
0.583226 0.583090 0.584308 0.585691 0.587246 0.588859
0.590833 0.593333 0.595480 0.597010 0.598800 0.600345
0.601257 0.602064 0.602650 0.602964 0.603169 0.603824
0.604885 0.605922 0.606732 0.607586 0.608716 0.609949
0.611017 0.611641 0.612190 0.612865 0.613497 0.614105
0.614186 0.614106 0.614305 0.614327 0.614062 0.613940
0.614106 0.614347 0.614705 0.614965 0.615122 0.615001
0.615009 0.615186 0.615210 0.615216 0.615183 0.615248
0.615480 0.615754 0.615960 0.616075 0.615982 0.616083
0.616203 0.616006 0.616021 0.616246 0.616228 0.615853
0.615285 0.614637 0.613992 0.613572 0.613563 0.613244
0.612516 0.611708 0.610705 0.609761 0.608982 0.608491
0.608120 0.607722 0.607703 0.607955 0.607999 0.607895
0.607676 0.607449 0.607017 0.606895 0.606992 0.606268
0.605157 0.604432 0.604050 0.603518 0.602991 0.602669
0.602539 0.602348 0.602293 0.602580 0.602842 0.603152
0.603626 0.604189 0.604558 0.604847 0.605074 0.604904
0.604536 0.604379 0.604294 0.604045 0.603732 0.603567
0.608154 0.608875 0.610208 0.611057 0.611774 0.612200
0.612434 0.613083 0.613558 0.613381 0.612822 0.612745
0.612921 0.612843 0.612767 0.612806 0.612971 0.613097
0.613135 0.613332 0.613714 0.613848 0.613779 0.613771
0.613766 0.613645 0.613300 0.613080 0.612773 0.612537
0.612307 0.611560 0.611135 0.610734 0.610013 0.609395
0.608762 0.607851 0.606582 0.605095 0.603691 0.602605
0.601269 0.599880 0.598574 0.597569 0.596572 0.594936
0.593024 0.591773 0.590749 0.589545 0.588392 0.587099
0.585845 0.584907 0.585424 0.586388 0.586984 0.587728
0.588377 0.588053 0.586870 0.585976 0.585978 0.586898
0.587804 0.588681 0.589903 0.591443 0.593302 0.595072
0.596711 0.598526 0.600072 0.601225 0.601918 0.602471
0.603063 0.603434 0.604215 0.605397 0.606516 0.607347
0.608025 0.608915 0.609732 0.610534 0.611566 0.612119
0.612512 0.613235 0.614000 0.614311 0.614280 0.614472
0.614455 0.614317 0.614133 0.613987 0.614335 0.614755
0.614927 0.615070 0.615219 0.615268 0.615202 0.615142
0.615270 0.615357 0.615269 0.615470 0.615914 0.616091
0.615935 0.615739 0.615909 0.616100 0.616020 0.615956
0.615901 0.615881 0.615709 0.615264 0.614712 0.614151
0.613678 0.613281 0.612784 0.612098 0.611228 0.610251
0.609341 0.608806 0.608389 0.607842 0.607533 0.607823
0.608185 0.608171 0.608011 0.607596 0.607138 0.606583
0.606334 0.606233 0.605603 0.604975 0.604453 0.604068
0.603822 0.603450 0.603282 0.603256 0.603100 0.603020
0.603291 0.603578 0.603700 0.603855 0.604257 0.604741
0.605063 0.605165 0.605045 0.604764 0.604631 0.604582
0.604214 0.603780 0.603566 0.608793 0.609445 0.610753
0.611687 0.612250 0.612571 0.612898 0.613516 0.613878
0.613751 0.613339 0.613129 0.613131 0.612975 0.612724
0.612763 0.613008 0.613139 0.613201 0.613309 0.613565
0.614001 0.614199 0.614047 0.614081 0.614021 0.613706
0.613280 0.612728 0.612631 0.612645 0.611930 0.611675
0.611549 0.610649 0.609733 0.609072 0.608240 0.607098
0.605751 0.604453 0.603536 0.602201 0.600927 0.599732
0.598466 0.597503 0.596435 0.595130 0.594439 0.593681
0.592527 0.592082 0.591018 0.589684 0.589195 0.589625
0.590209 0.590321 0.590459 0.590431 0.589827 0.589161
0.588923 0.588955 0.589341 0.590031 0.590552 0.591133
0.592108 0.593200 0.594508 0.596006 0.597928 0.599892
0.601447 0.602354 0.603039 0.603847 0.604451 0.604949
0.605771 0.606953 0.608000 0.608655 0.609218 0.609861
0.610486 0.611413 0.611970 0.612351 0.613141 0.613754
0.614001 0.614213 0.614473 0.614347 0.614270 0.614144
0.614108 0.614579 0.614883 0.614894 0.614911 0.615306
0.615506 0.615314 0.615201 0.615228 0.615388 0.615246
0.615275 0.615805 0.615991 0.615766 0.615419 0.615486
0.615902 0.616055 0.616029 0.615810 0.615559 0.615510
0.615268 0.614740 0.614133 0.613460 0.612774 0.612387
0.611977 0.611280 0.610403 0.609452 0.608886 0.608486
0.608132 0.608043 0.608248 0.608339 0.608235 0.608109
0.607540 0.606815 0.606270 0.605912 0.605660 0.605220
0.604781 0.604181 0.603763 0.603894 0.603748 0.603577
0.603684 0.603744 0.603767 0.603929 0.604178 0.604179
0.604246 0.604504 0.604920 0.605273 0.605216 0.605178
0.605094 0.605069 0.604863 0.604252 0.603823 0.603672
0.609238 0.609844 0.611002 0.612002 0.612698 0.613089
0.613450 0.613715 0.613941 0.614180 0.614031 0.613595
0.613345 0.613093 0.612760 0.612811 0.613012 0.613183
0.613354 0.613310 0.613295 0.613677 0.613947 0.613772
0.613784 0.613705 0.613486 0.613326 0.612914 0.612790
0.612719 0.612254 0.612101 0.611851 0.611096 0.610239
0.609438 0.608628 0.607546 0.606234 0.605099 0.604308
0.603110 0.601955 0.600774 0.599390 0.598552 0.597866
0.597129 0.596525 0.595802 0.594934 0.594424 0.593676
0.592824 0.592461 0.592649 0.592965 0.592990 0.592908
0.592111 0.591401 0.591444 0.591696 0.591750 0.591826
0.592118 0.592177 0.592333 0.592874 0.593634 0.594604
0.595956 0.597734 0.599692 0.601250 0.602427 0.603483
0.604392 0.605251 0.605801 0.606153 0.606956 0.608119
0.608917 0.609558 0.610365 0.610962 0.611499 0.612038
0.612686 0.613205 0.613518 0.613728 0.613953 0.614346
0.614367 0.614208 0.614173 0.614338 0.614732 0.615001
0.614983 0.614993 0.615261 0.615335 0.615260 0.615330
0.615340 0.615423 0.615324 0.615207 0.615445 0.615613
0.615417 0.614969 0.615075 0.615532 0.615825 0.615955
0.615727 0.615360 0.615208 0.615106 0.614602 0.613849
0.613249 0.612648 0.612232 0.611945 0.611308 0.610453
0.609684 0.609037 0.608591 0.608546 0.608523 0.608340
0.608202 0.608209 0.607966 0.607411 0.606810 0.606253
0.605788 0.605416 0.604905 0.604453 0.604036 0.603846
0.603994 0.603975 0.603998 0.603958 0.604048 0.604353
0.604537 0.604749 0.604776 0.604824 0.604940 0.605124
0.605325 0.605285 0.605311 0.605187 0.605128 0.604835
0.604330 0.604084 0.603960 0.609761 0.610291 0.611280
0.612227 0.612994 0.613440 0.613756 0.613965 0.614242
0.614568 0.614488 0.614035 0.613649 0.613236 0.613059
0.613065 0.613156 0.613423 0.613439 0.613232 0.613017
0.613069 0.613206 0.613150 0.613071 0.612987 0.613019
0.613207 0.613141 0.612920 0.612623 0.612317 0.612251
0.611919 0.611300 0.610791 0.610072 0.609067 0.608138
0.607231 0.606030 0.604964 0.603941 0.603017 0.602011
0.600458 0.599322 0.598791 0.598506 0.598014 0.597458
0.596967 0.596235 0.595550 0.595068 0.594827 0.594837
0.594888 0.595119 0.594888 0.593800 0.593257 0.593588
0.593941 0.594038 0.594188 0.593897 0.593487 0.593483
0.593883 0.594629 0.595366 0.596615 0.598090 0.599767
0.601229 0.602251 0.603379 0.604685 0.605708 0.606202
0.606573 0.607272 0.608298 0.609159 0.609896 0.610716
0.611413 0.611717 0.612205 0.612967 0.613218 0.613329
0.613765 0.614043 0.614227 0.614307 0.614285 0.614263
0.614373 0.614693 0.615022 0.615082 0.615082 0.615138
0.615117 0.615117 0.615256 0.615417 0.615476 0.615284
0.615048 0.614991 0.615045 0.614967 0.614728 0.614839
0.615114 0.615294 0.615417 0.615453 0.615158 0.614818
0.614776 0.614376 0.613633 0.613234 0.612694 0.612167
0.611930 0.611311 0.610544 0.609761 0.608988 0.608647
0.608760 0.608623 0.608256 0.608053 0.607806 0.607394
0.606975 0.606688 0.606235 0.605581 0.605198 0.604912
0.604505 0.604312 0.604307 0.604358 0.604525 0.604640
0.604423 0.604455 0.604803 0.605107 0.605406 0.605298
0.605104 0.605159 0.605187 0.605208 0.605206 0.605204
0.604987 0.604823 0.604773 0.604450 0.604170 0.604081
0.609855 0.610397 0.611509 0.612484 0.613294 0.613888
0.614226 0.614552 0.614742 0.614878 0.614766 0.614388
0.614018 0.613579 0.613382 0.613324 0.613379 0.613461
0.613445 0.613260 0.612864 0.612673 0.612693 0.612667
0.612688 0.612705 0.612646 0.612799 0.613005 0.612887
0.612616 0.612394 0.612280 0.611998 0.611447 0.611148
0.610655 0.609649 0.608720 0.607993 0.606951 0.605904
0.604909 0.603988 0.603239 0.601914 0.600449 0.599742
0.599294 0.598828 0.598675 0.598273 0.597532 0.596891
0.596412 0.596370 0.596624 0.596960 0.597214 0.596696
0.595842 0.595463 0.595571 0.595582 0.595752 0.595808
0.595153 0.594759 0.594793 0.594957 0.595414 0.595991
0.597013 0.598541 0.599962 0.601308 0.602572 0.603674
0.605048 0.606141 0.606399 0.606675 0.607495 0.608627
0.609588 0.610158 0.610770 0.611369 0.611864 0.612523
0.613176 0.613512 0.613581 0.613886 0.614270 0.614327
0.614159 0.614269 0.614454 0.614716 0.615030 0.615122
0.615096 0.615060 0.614949 0.614891 0.615072 0.615226
0.615082 0.614917 0.614746 0.614547 0.614554 0.614682
0.614743 0.614667 0.614733 0.614888 0.614965 0.614989
0.615079 0.614887 0.614603 0.614427 0.614007 0.613566
0.613227 0.612785 0.612400 0.612064 0.611507 0.610801
0.609842 0.608961 0.608814 0.609077 0.608797 0.608256
0.607709 0.607088 0.606848 0.606584 0.606233 0.605950
0.605397 0.604984 0.604938 0.604884 0.604688 0.604539
0.604592 0.604746 0.604961 0.604888 0.604878 0.605060
0.605434 0.605887 0.605849 0.605598 0.605430 0.605356
0.605321 0.605249 0.605077 0.604774 0.604635 0.604703
0.604501 0.604023 0.603760 0.609981 0.610615 0.611862
0.612813 0.613616 0.614404 0.614887 0.615251 0.615430
0.615394 0.615159 0.614835 0.614480 0.614221 0.614036
0.613768 0.613645 0.613649 0.613625 0.613278 0.612820
0.612544 0.612459 0.612439 0.612479 0.612537 0.612357
0.612475 0.612921 0.612944 0.612648 0.612584 0.612534
0.612139 0.611663 0.611346 0.610914 0.610164 0.609325
0.608593 0.607844 0.606915 0.605861 0.604869 0.603942
0.602975 0.601526 0.600440 0.599896 0.599542 0.599407
0.598777 0.598190 0.597852 0.597514 0.597844 0.598660
0.599141 0.599022 0.598442 0.597927 0.597726 0.597668
0.597296 0.597072 0.596730 0.596280 0.596279 0.596214
0.596122 0.596328 0.596697 0.597352 0.598707 0.599982
0.601290 0.602858 0.603822 0.604928 0.606239 0.606819
0.606996 0.607545 0.608693 0.609737 0.610317 0.610904
0.611465 0.612206 0.612922 0.613380 0.613760 0.613840
0.614045 0.614410 0.614603 0.614468 0.614562 0.615099
0.615445 0.615614 0.615579 0.615397 0.615288 0.615053
0.614855 0.614985 0.615184 0.614823 0.614317 0.614088
0.614092 0.614354 0.614625 0.614723 0.614574 0.614703
0.614815 0.614707 0.614542 0.614321 0.614326 0.614309
0.614066 0.613779 0.613621 0.613364 0.613022 0.612641
0.612153 0.611573 0.610783 0.609957 0.609283 0.609243
0.609398 0.609013 0.608465 0.607610 0.606865 0.606521
0.606190 0.605892 0.605671 0.605313 0.605027 0.604868
0.604915 0.604862 0.604641 0.604503 0.604498 0.604943
0.605086 0.605099 0.605350 0.605758 0.606211 0.606492
0.606424 0.605877 0.605462 0.605279 0.605180 0.605001
0.604661 0.604548 0.604685 0.604662 0.604063 0.603607
0.610163 0.610960 0.612229 0.613126 0.614041 0.614895
0.615404 0.615695 0.615929 0.615873 0.615585 0.615368
0.615133 0.615046 0.614945 0.614553 0.614197 0.614117
0.613924 0.613335 0.612838 0.612434 0.612377 0.612425
0.612222 0.612318 0.612275 0.612212 0.612704 0.612956
0.612688 0.612688 0.612767 0.612452 0.612069 0.611743
0.611178 0.610486 0.610012 0.609287 0.608354 0.607493
0.606629 0.605774 0.604666 0.603653 0.602546 0.601350
0.600796 0.600415 0.599829 0.599440 0.599277 0.599017
0.598753 0.599288 0.600312 0.600720 0.600417 0.600067
0.599803 0.599615 0.599519 0.599006 0.598361 0.597878
0.597793 0.597908 0.597608 0.597358 0.597502 0.597611
0.597997 0.598840 0.600099 0.601702 0.602972 0.603780
0.604786 0.605961 0.606756 0.607161 0.607596 0.608554
0.609574 0.610415 0.611247 0.611908 0.612612 0.613286
0.613638 0.613944 0.614206 0.614500 0.614791 0.614996
0.615099 0.615276 0.615834 0.616112 0.616154 0.616108
0.615928 0.615915 0.615631 0.615193 0.615040 0.615129
0.614860 0.614238 0.613729 0.613604 0.613987 0.614391
0.614465 0.614271 0.614360 0.614503 0.614330 0.613932
0.613543 0.613579 0.613716 0.613643 0.613642 0.613599
0.613430 0.613235 0.612864 0.612384 0.611699 0.610742
0.610039 0.609624 0.609535 0.609624 0.609260 0.608679
0.607846 0.607055 0.606368 0.605804 0.605627 0.605438
0.605186 0.604977 0.604708 0.604675 0.604656 0.604550
0.604482 0.604536 0.604910 0.605046 0.605124 0.605642
0.606265 0.606439 0.606610 0.606799 0.606275 0.605609
0.605305 0.605261 0.605251 0.604962 0.604780 0.604923
0.604883 0.604355 0.604002 0.610441 0.611181 0.612510
0.613422 0.614225 0.614953 0.615451 0.615928 0.616227
0.616226 0.616158 0.616050 0.615786 0.615682 0.615516
0.615134 0.614796 0.614582 0.614145 0.613417 0.612976
0.612593 0.612548 0.612547 0.612258 0.612262 0.612272
0.612154 0.612456 0.612904 0.612844 0.612906 0.613216
0.613043 0.612655 0.612420 0.611805 0.611125 0.610677
0.609805 0.608796 0.608157 0.607508 0.606912 0.605985
0.604935 0.604102 0.602939 0.602022 0.601312 0.600635
0.600366 0.600393 0.600146 0.599940 0.600462 0.601268
0.601729 0.601590 0.601467 0.601448 0.601202 0.600748
0.600255 0.599731 0.599251 0.599080 0.599070 0.598917
0.598537 0.598479 0.598507 0.598831 0.599467 0.600469
0.601977 0.603074 0.603945 0.604836 0.605709 0.606438
0.606967 0.607613 0.608585 0.609673 0.610659 0.611575
0.612284 0.612891 0.613472 0.613807 0.614179 0.614564
0.614775 0.614962 0.615178 0.615571 0.616020 0.616290
0.616555 0.616615 0.616437 0.616423 0.616450 0.616090
0.615532 0.615334 0.615158 0.614629 0.614062 0.613643
0.613416 0.613606 0.614019 0.614022 0.613891 0.613991
0.614067 0.614009 0.613625 0.613235 0.613224 0.613352
0.613461 0.613636 0.613643 0.613635 0.613580 0.613106
0.612638 0.611879 0.610852 0.610313 0.609957 0.609714
0.609900 0.609679 0.608746 0.607851 0.607095 0.606261
0.605689 0.605613 0.605529 0.605223 0.604865 0.604632
0.604606 0.604472 0.604460 0.604604 0.604760 0.604985
0.605134 0.605251 0.605679 0.606361 0.606558 0.606704
0.606913 0.606579 0.606125 0.605940 0.605908 0.605867
0.605497 0.605211 0.605326 0.605316 0.604884 0.604546
0.611068 0.611540 0.612719 0.613676 0.614368 0.615098
0.615617 0.616055 0.616416 0.616690 0.616771 0.616569
0.616241 0.615947 0.615588 0.615299 0.615189 0.614979
0.614295 0.613562 0.613224 0.612918 0.612790 0.612837
0.612637 0.612442 0.612542 0.612495 0.612639 0.613010
0.612984 0.613073 0.613397 0.613382 0.613127 0.612811
0.612322 0.611688 0.611056 0.610444 0.609777 0.609191
0.608546 0.608124 0.607456 0.606515 0.605370 0.604031
0.602991 0.602048 0.601331 0.600883 0.600835 0.600819
0.600938 0.601433 0.602118 0.602731 0.602759 0.602641
0.602702 0.602547 0.602137 0.601623 0.600950 0.600284
0.600016 0.599959 0.599872 0.599654 0.599617 0.599624
0.599649 0.600078 0.600858 0.601952 0.602983 0.603834
0.604845 0.605630 0.606160 0.606786 0.607574 0.608762
0.610020 0.611024 0.611901 0.612566 0.613178 0.613578
0.613778 0.614175 0.614562 0.614745 0.614996 0.615384
0.615910 0.616422 0.616549 0.616683 0.616797 0.616664
0.616635 0.616579 0.616254 0.615789 0.615439 0.614948
0.614256 0.613953 0.613809 0.613620 0.613555 0.613741
0.613833 0.613849 0.613879 0.613730 0.613636 0.613477
0.613320 0.613289 0.613268 0.613322 0.613600 0.613861
0.613892 0.613765 0.613297 0.612875 0.612169 0.611311
0.610918 0.610618 0.610267 0.610089 0.609807 0.608897
0.607918 0.607050 0.606216 0.605868 0.605945 0.605768
0.605317 0.605024 0.604924 0.604990 0.604990 0.604782
0.604703 0.604746 0.604788 0.605066 0.605453 0.605797
0.606219 0.606520 0.606817 0.607033 0.606894 0.606623
0.606517 0.606531 0.606440 0.606209 0.605953 0.605754
0.605770 0.605520 0.605149 0.611376 0.611872 0.612871
0.613762 0.614464 0.615116 0.615695 0.616016 0.616350
0.616834 0.617110 0.616938 0.616665 0.616320 0.615836
0.615590 0.615414 0.615085 0.614539 0.613987 0.613696
0.613506 0.613267 0.613181 0.612830 0.612495 0.612643
0.612720 0.612900 0.613015 0.612821 0.612853 0.613172
0.613338 0.613254 0.612952 0.612609 0.611978 0.611318
0.611054 0.610738 0.610367 0.609805 0.609289 0.608510
0.607631 0.606337 0.604527 0.603509 0.602763 0.601994
0.601588 0.601330 0.601329 0.601585 0.602053 0.602748
0.603330 0.603463 0.603358 0.603565 0.603739 0.603722
0.603289 0.602105 0.601159 0.600882 0.600602 0.600441
0.600394 0.600462 0.600577 0.600543 0.600704 0.601267
0.602031 0.602644 0.603494 0.604866 0.605741 0.606157
0.606797 0.607801 0.609163 0.610305 0.611299 0.612179
0.612783 0.613404 0.613670 0.613929 0.614270 0.614481
0.614778 0.615193 0.615779 0.616227 0.616496 0.616691
0.616767 0.616847 0.616902 0.616844 0.616778 0.616407
0.615868 0.615351 0.614760 0.614360 0.614164 0.614063
0.613762 0.613554 0.613810 0.614054 0.614064 0.613792
0.613431 0.613337 0.613426 0.613328 0.613154 0.613088
0.613093 0.613315 0.613684 0.613792 0.613601 0.613323
0.612970 0.612373 0.611934 0.611655 0.611433 0.610973
0.610257 0.609635 0.608860 0.608128 0.607230 0.606602
0.606551 0.606404 0.605970 0.605461 0.605226 0.605263
0.605577 0.605570 0.604939 0.604635 0.604623 0.604580
0.604876 0.605479 0.606001 0.606344 0.606549 0.606822
0.607147 0.607128 0.606824 0.606755 0.606837 0.606842
0.606896 0.606703 0.606265 0.606203 0.606040 0.605712
0.611511 0.611949 0.612743 0.613497 0.614183 0.614734
0.615273 0.615609 0.616005 0.616562 0.617071 0.617337
0.617312 0.617025 0.616463 0.616029 0.615656 0.615242
0.614902 0.614478 0.614155 0.614029 0.613659 0.613193
0.612781 0.612490 0.612612 0.612730 0.612761 0.612754
0.612624 0.612690 0.612945 0.613110 0.613143 0.613138
0.612855 0.612097 0.611506 0.611397 0.611352 0.611189
0.610678 0.610024 0.609098 0.608197 0.607104 0.605493
0.604481 0.603860 0.603284 0.602889 0.602422 0.602086
0.602125 0.602644 0.603302 0.603580 0.603595 0.603668
0.604125 0.604605 0.604624 0.604186 0.603268 0.602443
0.601902 0.601303 0.600890 0.600773 0.600906 0.601211
0.601338 0.601386 0.601757 0.602287 0.602759 0.603812
0.605219 0.605996 0.606573 0.607303 0.608379 0.609676
0.610633 0.611468 0.612167 0.612897 0.613544 0.613754
0.614124 0.614365 0.614372 0.614934 0.615559 0.615985
0.616409 0.616672 0.616896 0.616994 0.617005 0.617011
0.617061 0.617090 0.616698 0.616089 0.615529 0.614939
0.614631 0.614448 0.614374 0.614071 0.613897 0.614316
0.614375 0.614154 0.613878 0.613668 0.613567 0.613414
0.613094 0.612939 0.612935 0.612931 0.613056 0.613184
0.613349 0.613291 0.613071 0.612795 0.612466 0.612466
0.612275 0.611862 0.611266 0.610494 0.609752 0.608868
0.608263 0.607624 0.607185 0.607111 0.606738 0.606149
0.605637 0.605497 0.605659 0.605867 0.605668 0.605057
0.604723 0.604577 0.604619 0.605057 0.605727 0.606291
0.606495 0.606663 0.606890 0.607165 0.607253 0.606977
0.606996 0.607200 0.607358 0.607561 0.607398 0.606918
0.606613 0.606240 0.605926 0.611818 0.612015 0.612531
0.613173 0.613908 0.614539 0.615034 0.615428 0.615808
0.616372 0.617014 0.617526 0.617725 0.617635 0.617164
0.616482 0.616139 0.615897 0.615469 0.614934 0.614434
0.614056 0.613744 0.613353 0.612981 0.612676 0.612696
0.612783 0.612579 0.612572 0.612676 0.612702 0.612767
0.612928 0.613040 0.613077 0.612832 0.612235 0.611854
0.611736 0.611646 0.611485 0.611105 0.610554 0.609788
0.608797 0.607656 0.606605 0.605654 0.604945 0.604560
0.604073 0.603489 0.603000 0.602917 0.603473 0.604123
0.604272 0.604086 0.604060 0.604430 0.604885 0.604898
0.604479 0.603960 0.603333 0.602670 0.602071 0.601644
0.601449 0.601343 0.601680 0.601972 0.602037 0.602340
0.602825 0.603470 0.604621 0.605880 0.606407 0.606914
0.607840 0.608974 0.610048 0.610792 0.611558 0.612128
0.612816 0.613604 0.613951 0.614336 0.614546 0.614587
0.615214 0.615915 0.616214 0.616501 0.616795 0.617050
0.617179 0.617197 0.617076 0.617181 0.617265 0.616916
0.616393 0.615899 0.615331 0.614914 0.614851 0.614730
0.614381 0.614384 0.614711 0.614648 0.614485 0.614447
0.614427 0.614111 0.613583 0.613075 0.612892 0.612909
0.612885 0.612887 0.612854 0.612794 0.612769 0.612701
0.612567 0.612670 0.612846 0.612589 0.611979 0.611413
0.610786 0.610124 0.609259 0.608604 0.608114 0.607516
0.607342 0.607069 0.606459 0.606015 0.605965 0.606224
0.606378 0.605976 0.605259 0.604766 0.604479 0.604526
0.605146 0.605931 0.606430 0.606519 0.606574 0.606758
0.607079 0.607272 0.607144 0.607272 0.607617 0.608080
0.608384 0.608106 0.607597 0.606906 0.606161 0.605884
0.612074 0.612093 0.612437 0.613017 0.613739 0.614434
0.615105 0.615644 0.615919 0.616271 0.616844 0.617478
0.617726 0.617741 0.617459 0.616941 0.616698 0.616452
0.615929 0.615328 0.614724 0.614207 0.613914 0.613594
0.613352 0.613143 0.613017 0.612938 0.612740 0.612757
0.612791 0.612870 0.612956 0.612937 0.612873 0.612779
0.612639 0.612433 0.612265 0.612091 0.611865 0.611686
0.611515 0.611128 0.610489 0.609568 0.608558 0.607699
0.606738 0.606035 0.605516 0.604708 0.604077 0.603903
0.603915 0.604102 0.604568 0.604767 0.604643 0.604471
0.604705 0.605238 0.605370 0.605058 0.604414 0.603794
0.603190 0.602755 0.602731 0.602536 0.602127 0.602266
0.602579 0.602729 0.603049 0.603657 0.604453 0.605452
0.606390 0.606907 0.607419 0.608372 0.609611 0.610474
0.610856 0.611510 0.612291 0.613086 0.613864 0.614110
0.614486 0.614899 0.615077 0.615583 0.616299 0.616679
0.616754 0.617043 0.617408 0.617553 0.617531 0.617575
0.617683 0.617538 0.617209 0.616836 0.616381 0.615731
0.615296 0.615299 0.615112 0.614794 0.614862 0.615073
0.615211 0.615279 0.615225 0.614997 0.614483 0.614018
0.613550 0.613092 0.613079 0.613068 0.612768 0.612615
0.612450 0.612453 0.612622 0.612613 0.612808 0.612855
0.612632 0.612261 0.611642 0.610923 0.610207 0.609475
0.609024 0.608593 0.607997 0.607757 0.607506 0.607029
0.606649 0.606606 0.606780 0.606781 0.606248 0.605477
0.604823 0.604475 0.604589 0.605111 0.605912 0.606550
0.606644 0.606631 0.606748 0.606858 0.606995 0.607180
0.607451 0.607905 0.608571 0.608836 0.608456 0.607879
0.607062 0.606082 0.605675 0.612283 0.612423 0.612737
0.613184 0.613787 0.614359 0.615106 0.615688 0.615962
0.616288 0.616622 0.617242 0.617610 0.617451 0.617247
0.617080 0.616930 0.616603 0.616010 0.615493 0.614902
0.614415 0.614130 0.613716 0.613561 0.613564 0.613475
0.613214 0.613027 0.613052 0.613017 0.613042 0.613042
0.612800 0.612561 0.612436 0.612597 0.612766 0.612539
0.612334 0.612100 0.611918 0.611830 0.611499 0.610856
0.610080 0.609444 0.608772 0.607835 0.607014 0.606159
0.605132 0.604599 0.604573 0.604670 0.604559 0.604486
0.604602 0.604769 0.604867 0.605091 0.605560 0.605693
0.605369 0.604750 0.604264 0.603764 0.603506 0.603788
0.603639 0.603296 0.603294 0.603330 0.603416 0.603794
0.604558 0.605402 0.606201 0.607116 0.607899 0.608428
0.609171 0.610157 0.610817 0.611091 0.611419 0.612171
0.613122 0.613744 0.614192 0.614756 0.615285 0.615580
0.615928 0.616583 0.617077 0.617270 0.617525 0.617836
0.617967 0.618047 0.618237 0.618255 0.618087 0.617925
0.617536 0.616918 0.616250 0.615829 0.615789 0.615631
0.615484 0.615470 0.615567 0.615786 0.615921 0.615873
0.615504 0.614931 0.614489 0.614170 0.613595 0.613361
0.613388 0.613055 0.612644 0.612454 0.612535 0.612674
0.612821 0.612977 0.612877 0.612723 0.612635 0.612116
0.611206 0.610191 0.609524 0.609246 0.608971 0.608562
0.608137 0.607884 0.607704 0.607297 0.606990 0.606989
0.606711 0.606238 0.605822 0.605145 0.604719 0.604902
0.605328 0.605950 0.606597 0.606867 0.606951 0.606990
0.606828 0.606785 0.607132 0.607441 0.607844 0.608402
0.608580 0.608351 0.607761 0.607064 0.606170 0.605644
0.612258 0.612609 0.613154 0.613676 0.614139 0.614527
0.615092 0.615701 0.616154 0.616463 0.616620 0.616907
0.617247 0.617153 0.617062 0.617013 0.616908 0.616632
0.615989 0.615318 0.614722 0.614316 0.613978 0.613611
0.613452 0.613489 0.613534 0.613259 0.612952 0.612991
0.613112 0.613014 0.612734 0.612453 0.612280 0.612360
0.612727 0.613026 0.612822 0.612608 0.612487 0.612188
0.611965 0.611799 0.611245 0.610423 0.609882 0.609492
0.608819 0.607879 0.606720 0.605573 0.604957 0.604771
0.604831 0.604633 0.604279 0.604393 0.604878 0.605231
0.605275 0.605293 0.605357 0.605212 0.604819 0.604531
0.604274 0.604216 0.604409 0.604364 0.604329 0.604411
0.604308 0.604308 0.604739 0.605502 0.606260 0.606859
0.607720 0.608707 0.609339 0.609953 0.610677 0.611233
0.611593 0.611727 0.612240 0.613020 0.613547 0.614342
0.615123 0.615593 0.615902 0.616273 0.616867 0.617442
0.617777 0.617931 0.618172 0.618271 0.618449 0.618775
0.618765 0.618718 0.618694 0.618220 0.617468 0.616886
0.616547 0.616472 0.616392 0.616308 0.616197 0.616164
0.616378 0.616435 0.616295 0.616073 0.615693 0.615148
0.614666 0.614077 0.613570 0.613514 0.613364 0.612838
0.612728 0.612879 0.612968 0.613224 0.613303 0.613118
0.612839 0.612519 0.612177 0.611542 0.610584 0.609995
0.609626 0.609325 0.609019 0.608557 0.608212 0.608033
0.607601 0.607204 0.607103 0.606750 0.606333 0.605961
0.605342 0.604995 0.605120 0.605411 0.605918 0.606472
0.606937 0.607170 0.607119 0.607043 0.607135 0.607431
0.607599 0.607763 0.607984 0.608062 0.608097 0.607951
0.607422 0.606588 0.606163 0.612400 0.612749 0.613541
0.614111 0.614306 0.614632 0.615178 0.615713 0.616218
0.616454 0.616615 0.616864 0.616912 0.616900 0.616892
0.616735 0.616576 0.616410 0.615949 0.615293 0.614679
0.614125 0.613562 0.613285 0.613285 0.613281 0.613184
0.612917 0.612753 0.612922 0.613016 0.612823 0.612592
0.612479 0.612405 0.612608 0.612818 0.612911 0.612842
0.612636 0.612561 0.612288 0.612042 0.611945 0.611789
0.611168 0.610491 0.610041 0.609512 0.608727 0.607421
0.606102 0.605210 0.604735 0.604556 0.604393 0.604290
0.604478 0.604942 0.605291 0.605343 0.605234 0.605161
0.605043 0.604883 0.604878 0.604855 0.604927 0.605126
0.605199 0.605262 0.605374 0.605368 0.605572 0.606186
0.606757 0.607190 0.607541 0.608167 0.609328 0.610166
0.610727 0.611382 0.611934 0.612274 0.612401 0.612658
0.613163 0.613879 0.614547 0.615062 0.615557 0.615977
0.616492 0.617141 0.617751 0.618085 0.618255 0.618505
0.618644 0.618872 0.619285 0.619402 0.619447 0.619347
0.618747 0.618080 0.617641 0.617319 0.617204 0.617262
0.617170 0.617000 0.616962 0.617053 0.617133 0.617123
0.616914 0.616532 0.615920 0.615120 0.614386 0.613880
0.613738 0.613612 0.613309 0.613246 0.613371 0.613671
0.613876 0.613810 0.613442 0.612848 0.612408 0.612108
0.611712 0.611182 0.610897 0.610585 0.610080 0.609535
0.608810 0.608201 0.607999 0.607735 0.607448 0.607199
0.606748 0.606370 0.606012 0.605504 0.605167 0.605247
0.605523 0.606038 0.606588 0.606945 0.607123 0.607121
0.607256 0.607513 0.607765 0.607934 0.608047 0.608130
0.608113 0.608101 0.608184 0.607803 0.606889 0.606439
0.612384 0.612810 0.613604 0.614077 0.614271 0.614579
0.615177 0.615603 0.615897 0.616115 0.616319 0.616625
0.616665 0.616616 0.616526 0.616402 0.616294 0.616112
0.615724 0.615245 0.614719 0.613983 0.613400 0.613250
0.613194 0.613069 0.612805 0.612676 0.612766 0.612773
0.612837 0.612739 0.612519 0.612452 0.612582 0.612687
0.612578 0.612641 0.612601 0.612327 0.612206 0.612258
0.612300 0.612302 0.612365 0.611941 0.611070 0.610302
0.609820 0.609078 0.607852 0.606535 0.605435 0.604735
0.604258 0.604409 0.604567 0.604336 0.604520 0.605136
0.605438 0.605484 0.605478 0.605269 0.605159 0.605195
0.605223 0.605448 0.605926 0.606163 0.606155 0.606131
0.606320 0.606959 0.607693 0.608122 0.608329 0.608515
0.609029 0.610108 0.610989 0.611573 0.612234 0.612649
0.612785 0.612868 0.612966 0.613322 0.614224 0.614911
0.615146 0.615594 0.616337 0.616918 0.617451 0.618063
0.618384 0.618568 0.618811 0.619086 0.619481 0.619858
0.619991 0.619981 0.619839 0.619516 0.619060 0.618595
0.618217 0.618095 0.618145 0.618066 0.617925 0.617889
0.617834 0.617932 0.618066 0.617700 0.617226 0.616694
0.615683 0.614791 0.614553 0.614454 0.614155 0.613959
0.613896 0.613899 0.614163 0.614241 0.614035 0.613524
0.612903 0.612735 0.612610 0.612322 0.612027 0.611795
0.611398 0.610785 0.609882 0.608852 0.608217 0.608095
0.607959 0.607514 0.607045 0.606752 0.606468 0.606158
0.605867 0.605624 0.605730 0.606054 0.606458 0.606776
0.607053 0.607243 0.607244 0.607429 0.607844 0.608128
0.608275 0.608357 0.608447 0.608460 0.608247 0.608187
0.607809 0.606870 0.606388 0.612073 0.612576 0.613326
0.613783 0.614246 0.614647 0.615074 0.615391 0.615481
0.615637 0.615924 0.616157 0.616226 0.616292 0.616357
0.616417 0.616282 0.615851 0.615395 0.615015 0.614639
0.614020 0.613507 0.613307 0.613051 0.612861 0.612751
0.612654 0.612643 0.612602 0.612737 0.612786 0.612459
0.612314 0.612572 0.612704 0.612528 0.612497 0.612369
0.612028 0.612041 0.612395 0.612625 0.612599 0.612445
0.612081 0.611404 0.610783 0.610129 0.609107 0.608024
0.606963 0.605822 0.604878 0.604245 0.604430 0.604652
0.604370 0.604412 0.604981 0.605538 0.605843 0.605952
0.605746 0.605650 0.605665 0.605691 0.605934 0.606488
0.606933 0.606933 0.606969 0.607424 0.608122 0.608693
0.609160 0.609462 0.609641 0.610189 0.610998 0.611738
0.612369 0.613076 0.613408 0.613258 0.613238 0.613502
0.613987 0.614713 0.615393 0.615694 0.616063 0.616949
0.617608 0.617961 0.618528 0.618967 0.619164 0.619280
0.619608 0.620150 0.620526 0.620640 0.620404 0.620296
0.620427 0.620149 0.619577 0.619187 0.619147 0.619197
0.619113 0.618898 0.618775 0.618778 0.618748 0.618616
0.618189 0.617737 0.617210 0.616226 0.615475 0.615411
0.615221 0.614726 0.614500 0.614484 0.614624 0.614703
0.614595 0.614234 0.613640 0.613214 0.613033 0.612966
0.612850 0.612708 0.612361 0.611542 0.610800 0.609874
0.608789 0.608275 0.608085 0.607997 0.607563 0.607053
0.606988 0.606700 0.606429 0.606369 0.606078 0.606109
0.606539 0.606949 0.607103 0.607309 0.607542 0.607472
0.607602 0.608077 0.608383 0.608488 0.608549 0.608546
0.608464 0.608320 0.608317 0.607959 0.607093 0.606642
0.611916 0.612352 0.613014 0.613574 0.614124 0.614497
0.614805 0.615044 0.615045 0.615106 0.615513 0.615796
0.615779 0.616029 0.616322 0.616331 0.616234 0.615812
0.615263 0.614999 0.614812 0.614299 0.613722 0.613301
0.612922 0.612636 0.612679 0.612719 0.612672 0.612771
0.612750 0.612587 0.612468 0.612521 0.612727 0.612777
0.612609 0.612483 0.612226 0.611928 0.612016 0.612459
0.612872 0.612832 0.612377 0.611875 0.611448 0.610957
0.610057 0.609023 0.608164 0.607425 0.606310 0.605013
0.604493 0.604753 0.604845 0.604827 0.604925 0.605120
0.605855 0.606311 0.606161 0.605918 0.605934 0.606134
0.606391 0.606707 0.607079 0.607495 0.607668 0.607931
0.608445 0.608870 0.609272 0.609762 0.610170 0.610581
0.611289 0.611936 0.612615 0.613254 0.613591 0.613685
0.613633 0.613794 0.614212 0.614762 0.615275 0.615791
0.616175 0.616718 0.617609 0.618320 0.618706 0.619159
0.619715 0.619993 0.619987 0.620213 0.620781 0.621219
0.621330 0.621132 0.620938 0.620972 0.620784 0.620311
0.620099 0.620135 0.620235 0.620188 0.619813 0.619519
0.619487 0.619323 0.619001 0.618609 0.618023 0.617363
0.616620 0.616095 0.616032 0.615924 0.615388 0.615006
0.615024 0.615266 0.615240 0.615080 0.614807 0.614122
0.613612 0.613353 0.613228 0.612971 0.612657 0.612307
0.611667 0.610867 0.609878 0.608889 0.608408 0.608078
0.607786 0.607382 0.607001 0.606941 0.606623 0.606473
0.606518 0.606192 0.606199 0.606709 0.607252 0.607520
0.607685 0.607874 0.607761 0.607752 0.607918 0.608183
0.608463 0.608673 0.608707 0.608454 0.608324 0.608274
0.608013 0.607380 0.606954 0.611463 0.611862 0.612486
0.613194 0.613741 0.613884 0.614222 0.614689 0.614696
0.614543 0.614921 0.615441 0.615519 0.615537 0.615709
0.615982 0.616077 0.615728 0.615395 0.615337 0.615087
0.614454 0.613796 0.613247 0.612756 0.612344 0.612452
0.612671 0.612785 0.612910 0.612775 0.612567 0.612539
0.612667 0.612826 0.612774 0.612432 0.612311 0.612314
0.612118 0.612102 0.612485 0.612940 0.613051 0.612635
0.611901 0.611261 0.610544 0.609866 0.609253 0.608435
0.607626 0.606516 0.605414 0.605065 0.605213 0.605047
0.605053 0.605346 0.605576 0.606286 0.606568 0.606275
0.606106 0.606072 0.606266 0.606718 0.607182 0.607544
0.607960 0.608252 0.608577 0.608935 0.609275 0.609818
0.610328 0.610877 0.611540 0.612153 0.612620 0.613176
0.613675 0.613599 0.613485 0.613735 0.614084 0.614669
0.615329 0.615777 0.616286 0.616808 0.617500 0.618366
0.619143 0.619642 0.620027 0.620499 0.620734 0.620840
0.621037 0.621367 0.621805 0.622006 0.621885 0.621657
0.621486 0.621276 0.620905 0.620837 0.620986 0.621090
0.621025 0.620563 0.620126 0.619861 0.619653 0.619260
0.618773 0.618333 0.617693 0.617106 0.616748 0.616645
0.616509 0.615913 0.615430 0.615437 0.615530 0.615362
0.615242 0.615003 0.614339 0.613794 0.613549 0.613368
0.613006 0.612502 0.612117 0.611888 0.611126 0.609956
0.609094 0.608669 0.608120 0.607402 0.606826 0.606409
0.606334 0.606231 0.606152 0.606204 0.606216 0.606426
0.606816 0.607287 0.607672 0.607880 0.608002 0.607883
0.607728 0.607798 0.608063 0.608359 0.608738 0.608876
0.608572 0.608343 0.608153 0.607816 0.607235 0.606868
0.611137 0.611443 0.612062 0.612635 0.612893 0.613073
0.613563 0.614046 0.614123 0.614071 0.614355 0.614841
0.615030 0.615055 0.615200 0.615666 0.615859 0.615570
0.615411 0.615426 0.615090 0.614328 0.613699 0.613271
0.612839 0.612404 0.612409 0.612576 0.612640 0.612645
0.612593 0.612537 0.612442 0.612590 0.612786 0.612612
0.612383 0.612413 0.612553 0.612456 0.612461 0.612682
0.612735 0.612617 0.612450 0.611970 0.611189 0.610449
0.610111 0.609746 0.608844 0.607888 0.606923 0.606133
0.605762 0.605627 0.605331 0.605171 0.605481 0.606009
0.606566 0.606708 0.606695 0.606530 0.606172 0.606261
0.606782 0.607423 0.608004 0.608441 0.608802 0.609233
0.609475 0.609931 0.610676 0.611056 0.611457 0.612132
0.612879 0.613433 0.613520 0.613637 0.613712 0.613716
0.614172 0.614569 0.615002 0.615595 0.616078 0.616759
0.617681 0.618515 0.619192 0.619951 0.620465 0.620772
0.621214 0.621462 0.621598 0.621891 0.622146 0.622394
0.622567 0.622421 0.622175 0.621999 0.621786 0.621509
0.621540 0.621746 0.621768 0.621644 0.621304 0.620747
0.620206 0.620063 0.619756 0.619157 0.618791 0.618245
0.617753 0.617519 0.617292 0.616984 0.616444 0.615982
0.615811 0.615815 0.615483 0.615193 0.615021 0.614367
0.613819 0.613625 0.613403 0.612974 0.612476 0.612092
0.611710 0.610947 0.609982 0.609165 0.608582 0.607944
0.607059 0.606329 0.605908 0.605800 0.605811 0.605903
0.606155 0.606384 0.606638 0.606821 0.607086 0.607558
0.607781 0.607818 0.607789 0.607830 0.608061 0.608155
0.608422 0.608892 0.608957 0.608644 0.608400 0.608225
0.607805 0.607281 0.607042 0.610977 0.611187 0.611668
0.612072 0.612197 0.612470 0.612986 0.613404 0.613610
0.613705 0.613854 0.614086 0.614378 0.614810 0.615106
0.615403 0.615591 0.615398 0.615191 0.615110 0.614876
0.614355 0.613758 0.613300 0.612985 0.612647 0.612630
0.612804 0.612655 0.612331 0.612317 0.612428 0.612359
0.612556 0.612823 0.612391 0.612238 0.612477 0.612604
0.612696 0.612849 0.612972 0.612760 0.612454 0.612182
0.611879 0.611228 0.610537 0.610296 0.610107 0.609482
0.608562 0.607668 0.606858 0.606383 0.606283 0.605972
0.605598 0.605857 0.606379 0.606693 0.606787 0.606758
0.606517 0.606132 0.606271 0.606891 0.607722 0.608459
0.608858 0.609269 0.609769 0.610121 0.610777 0.611538
0.611788 0.611845 0.612278 0.613286 0.614172 0.614267
0.614354 0.614623 0.614685 0.615036 0.615414 0.615547
0.615797 0.616399 0.617228 0.618368 0.619413 0.620008
0.620735 0.621246 0.621401 0.621786 0.622153 0.622308
0.622515 0.622788 0.622979 0.623001 0.622905 0.622709
0.622471 0.622276 0.622196 0.622197 0.622253 0.622191
0.622003 0.621811 0.621353 0.620799 0.620622 0.620317
0.619760 0.619276 0.618735 0.618348 0.618160 0.617890
0.617632 0.617326 0.616811 0.616467 0.616266 0.615844
0.615588 0.615314 0.614554 0.613986 0.613723 0.613409
0.612949 0.612541 0.612204 0.611592 0.610888 0.610283
0.609491 0.608682 0.607898 0.606909 0.606116 0.605707
0.605596 0.605629 0.605800 0.606179 0.606543 0.606736
0.606754 0.606890 0.607296 0.607575 0.607819 0.607949
0.608144 0.608431 0.608521 0.608820 0.609086 0.609067
0.608858 0.608762 0.608553 0.608072 0.607795 0.607734
0.611027 0.611155 0.611379 0.611653 0.611922 0.612192
0.612674 0.613114 0.613233 0.613304 0.613478 0.613750
0.614151 0.614615 0.614903 0.615098 0.615194 0.615063
0.615021 0.615011 0.614750 0.614467 0.613905 0.613307
0.613165 0.612992 0.612906 0.612986 0.612709 0.612369
0.612458 0.612622 0.612657 0.612682 0.612733 0.612400
0.612107 0.612452 0.612824 0.613075 0.613230 0.613135
0.612986 0.612750 0.612338 0.611918 0.611407 0.610770
0.610369 0.610165 0.609716 0.608976 0.608182 0.607398
0.606935 0.606826 0.606578 0.606235 0.606406 0.606764
0.606979 0.606991 0.606655 0.606450 0.606333 0.606512
0.607147 0.607841 0.608544 0.609156 0.609738 0.610255
0.610710 0.611375 0.612103 0.612418 0.612509 0.612756
0.613500 0.614572 0.614936 0.615066 0.615371 0.615495
0.615680 0.615926 0.616182 0.616438 0.617047 0.617911
0.618930 0.620020 0.620759 0.621449 0.621954 0.622072
0.622373 0.622836 0.623038 0.623102 0.623270 0.623556
0.623620 0.623444 0.623258 0.623005 0.622862 0.622860
0.622762 0.622609 0.622509 0.622300 0.622051 0.621776
0.621401 0.621232 0.620932 0.620408 0.619923 0.619371
0.618994 0.618845 0.618567 0.618307 0.617997 0.617534
0.617093 0.616615 0.616280 0.616107 0.615473 0.614662
0.614103 0.613517 0.613113 0.612793 0.612600 0.612295
0.611641 0.611069 0.610604 0.609811 0.608851 0.607923
0.606869 0.606052 0.605628 0.605562 0.605588 0.605614
0.605936 0.606467 0.606764 0.606797 0.606961 0.607288
0.607495 0.607830 0.608210 0.608382 0.608615 0.608917
0.609133 0.609212 0.609283 0.609301 0.609284 0.609013
0.608526 0.608363 0.608405 0.611240 0.611198 0.611225
0.611438 0.611675 0.611973 0.612424 0.612769 0.612981
0.613125 0.613322 0.613625 0.614056 0.614357 0.614431
0.614556 0.614689 0.614779 0.614856 0.614896 0.614582
0.614292 0.613995 0.613682 0.613629 0.613497 0.613251
0.612857 0.612535 0.612619 0.613024 0.613185 0.613049
0.612891 0.612814 0.612722 0.612505 0.612808 0.613134
0.613159 0.613137 0.612976 0.612974 0.612861 0.612585
0.612175 0.611554 0.611014 0.610557 0.610142 0.609629
0.608925 0.608274 0.607789 0.607461 0.607266 0.607112
0.606867 0.606914 0.607226 0.607430 0.607455 0.607076
0.606880 0.606861 0.606964 0.607436 0.607924 0.608492
0.609160 0.609992 0.610658 0.611223 0.611927 0.612636
0.613022 0.613280 0.613520 0.613796 0.614647 0.615278
0.615412 0.615585 0.615819 0.616089 0.616428 0.616859
0.617302 0.617897 0.618752 0.619687 0.620610 0.621536
0.622205 0.622638 0.622858 0.623018 0.623418 0.623715
0.623819 0.623939 0.624060 0.623993 0.623779 0.623533
0.623475 0.623467 0.623296 0.623132 0.622838 0.622724
0.622666 0.622413 0.622225 0.621988 0.621755 0.621505
0.621102 0.620582 0.619967 0.619653 0.619572 0.619259
0.618830 0.618330 0.617858 0.617256 0.616648 0.616449
0.616257 0.615557 0.614828 0.614342 0.613752 0.613258
0.612848 0.612537 0.612273 0.611751 0.611174 0.610682
0.609884 0.608895 0.608083 0.607105 0.606342 0.606046
0.605886 0.605717 0.605621 0.605848 0.606320 0.606715
0.606836 0.607020 0.607377 0.607612 0.607862 0.608229
0.608508 0.608782 0.609065 0.609275 0.609288 0.609357
0.609541 0.609537 0.609309 0.608991 0.608884 0.608915
0.610930 0.610897 0.610955 0.611150 0.611293 0.611618
0.612113 0.612477 0.612845 0.613049 0.613317 0.613626
0.613842 0.613952 0.613864 0.614040 0.614393 0.614542
0.614580 0.614615 0.614384 0.614135 0.614039 0.614026
0.614005 0.613902 0.613610 0.612934 0.612547 0.612855
0.613306 0.613352 0.613271 0.613222 0.613040 0.612945
0.612874 0.613014 0.613242 0.613014 0.612950 0.613014
0.613000 0.613044 0.612854 0.612558 0.611882 0.611210
0.610774 0.610337 0.609935 0.609275 0.608655 0.608360
0.608020 0.607767 0.607763 0.607692 0.607696 0.607913
0.608053 0.607987 0.607654 0.607499 0.607474 0.607457
0.607741 0.608270 0.608790 0.609393 0.610234 0.610896
0.611656 0.612402 0.613092 0.613727 0.614011 0.614042
0.614032 0.614542 0.615354 0.615773 0.615931 0.616283
0.616614 0.616939 0.617407 0.618023 0.618751 0.619620
0.620631 0.621371 0.622159 0.622853 0.623296 0.623664
0.623767 0.623896 0.624198 0.624386 0.624459 0.624475
0.624322 0.624134 0.623871 0.623885 0.624035 0.623889
0.623499 0.623074 0.623004 0.623019 0.622836 0.622640
0.622502 0.622297 0.621942 0.621486 0.621030 0.620471
0.620064 0.619915 0.619683 0.619339 0.618775 0.618180
0.617608 0.617048 0.616784 0.616568 0.615932 0.615238
0.614727 0.614106 0.613483 0.612975 0.612464 0.612256
0.611982 0.611372 0.610810 0.609879 0.608879 0.608159
0.607439 0.606898 0.606692 0.606545 0.606262 0.606064
0.606071 0.606277 0.606583 0.606709 0.606914 0.607304
0.607608 0.607891 0.608270 0.608643 0.608827 0.608993
0.609224 0.609288 0.609325 0.609451 0.609519 0.609485
0.609530 0.609514 0.609420 0.610228 0.610302 0.610561
0.610886 0.611052 0.611401 0.611824 0.612187 0.612683
0.613054 0.613436 0.613615 0.613552 0.613556 0.613550
0.613883 0.614330 0.614450 0.614466 0.614329 0.614162
0.614183 0.614224 0.614187 0.614131 0.614122 0.613998
0.613462 0.612896 0.612828 0.612871 0.612914 0.613247
0.613236 0.612975 0.612939 0.612897 0.612965 0.613118
0.612971 0.613100 0.613206 0.613068 0.613175 0.612911
0.612637 0.612140 0.611434 0.611054 0.610696 0.610355
0.609863 0.609443 0.609275 0.608922 0.608561 0.608544
0.608496 0.608366 0.608559 0.608670 0.608428 0.608249
0.608156 0.608034 0.608034 0.608191 0.608752 0.609501
0.610138 0.610760 0.611457 0.612139 0.612672 0.613548
0.614352 0.614514 0.614493 0.614520 0.614879 0.615471
0.615868 0.616221 0.616724 0.617068 0.617301 0.617756
0.618607 0.619514 0.620369 0.621316 0.622003 0.622653
0.623316 0.623786 0.624205 0.624504 0.624561 0.624622
0.624733 0.624848 0.624973 0.624856 0.624556 0.624347
0.624378 0.624493 0.624430 0.624115 0.623697 0.623592
0.623607 0.623359 0.622898 0.622708 0.622636 0.622217
0.621763 0.621495 0.621051 0.620434 0.620086 0.619887
0.619631 0.619162 0.618595 0.618111 0.617749 0.617389
0.616931 0.616285 0.615573 0.614842 0.614038 0.613364
0.612894 0.612442 0.612184 0.611942 0.611422 0.610956
0.610083 0.609023 0.608354 0.607807 0.607338 0.607127
0.607056 0.606945 0.606841 0.606634 0.606473 0.606600
0.606679 0.606986 0.607522 0.607823 0.608082 0.608466
0.608705 0.608775 0.609003 0.609274 0.609369 0.609398
0.609630 0.609892 0.609971 0.609984 0.609913 0.609850
0.609979 0.610043 0.610285 0.610606 0.610880 0.611251
0.611594 0.611943 0.612438 0.612895 0.613336 0.613423
0.613232 0.613218 0.613331 0.613598 0.613962 0.614184
0.614176 0.614002 0.613955 0.614203 0.614440 0.614392
0.614311 0.614320 0.614098 0.613475 0.612931 0.612805
0.612639 0.612649 0.612918 0.612889 0.612934 0.612875
0.612735 0.612872 0.613060 0.613198 0.613308 0.613204
0.613124 0.613176 0.612800 0.612483 0.612257 0.611853
0.611576 0.611312 0.610955 0.610666 0.610515 0.610317
0.609946 0.609596 0.609444 0.609314 0.609061 0.609026
0.609240 0.609249 0.609168 0.609083 0.608925 0.608882
0.608913 0.609415 0.610284 0.610911 0.611342 0.611905
0.612455 0.613053 0.613952 0.614656 0.614782 0.614842
0.615036 0.615339 0.615682 0.616026 0.616496 0.616946
0.617380 0.617777 0.618296 0.619170 0.620127 0.620927
0.621641 0.622373 0.623041 0.623578 0.624083 0.624597
0.624941 0.625051 0.625122 0.625161 0.625249 0.625289
0.625187 0.625004 0.624873 0.624950 0.624933 0.624805
0.624671 0.624392 0.624204 0.624072 0.623793 0.623257
0.622908 0.622769 0.622402 0.622006 0.621731 0.621353
0.620809 0.620360 0.620032 0.619708 0.619345 0.618867
0.618434 0.618282 0.617984 0.617365 0.616626 0.615836
0.615083 0.614329 0.613576 0.612944 0.612421 0.612138
0.611919 0.611458 0.610917 0.610270 0.609455 0.608800
0.608262 0.607682 0.607335 0.607284 0.607299 0.607369
0.607251 0.606922 0.606841 0.606934 0.607301 0.607822
0.608230 0.608546 0.608764 0.608874 0.609120 0.609541
0.609717 0.609695 0.609822 0.610226 0.610552 0.610573
0.610448 0.610239 0.610123 0.610028 0.610115 0.610276
0.610487 0.610809 0.611177 0.611609 0.611938 0.612261
0.612757 0.613255 0.613264 0.612927 0.612949 0.613103
0.613224 0.613391 0.613512 0.613664 0.613790 0.613944
0.614270 0.614455 0.614411 0.614547 0.614536 0.614041
0.613400 0.612932 0.612896 0.612801 0.612592 0.612635
0.612578 0.612627 0.612614 0.612559 0.612793 0.613084
0.613392 0.613477 0.613251 0.613131 0.613077 0.612766
0.612477 0.612312 0.612148 0.612130 0.612163 0.612072
0.611853 0.611592 0.611233 0.610725 0.610420 0.610299
0.610127 0.609882 0.609783 0.609992 0.610126 0.610004
0.609940 0.609924 0.609906 0.609914 0.610248 0.610761
0.611159 0.611749 0.612309 0.612694 0.613356 0.614081
0.614660 0.615015 0.615137 0.615342 0.615590 0.615768
0.616134 0.616698 0.617209 0.617741 0.618271 0.618836
0.619492 0.620388 0.621180 0.621732 0.622482 0.623178
0.623659 0.624160 0.624648 0.624984 0.625296 0.625528
0.625615 0.625774 0.625725 0.625569 0.625551 0.625429
0.625373 0.625301 0.625201 0.625049 0.624708 0.624366
0.624098 0.623833 0.623479 0.623129 0.622915 0.622702
0.622320 0.621890 0.621428 0.621007 0.620562 0.620168
0.619879 0.619517 0.619165 0.618987 0.618876 0.618511
0.617887 0.617067 0.616186 0.615427 0.614803 0.614024
0.613108 0.612434 0.612150 0.611902 0.611408 0.610728
0.610138 0.609740 0.609186 0.608719 0.608087 0.607488
0.607423 0.607509 0.607685 0.607817 0.607698 0.607521
0.607532 0.607840 0.608260 0.608615 0.608922 0.609087
0.609199 0.609582 0.610018 0.610071 0.610112 0.610421
0.610754 0.610912 0.610910 0.610935 0.610873 0.610772
0.610282 0.610341 0.610525 0.610810 0.611100 0.611413
0.611775 0.612125 0.612518 0.612978 0.613340 0.613253
0.612899 0.612813 0.612780 0.612845 0.612980 0.613041
0.613335 0.613810 0.614109 0.614338 0.614527 0.614521
0.614558 0.614377 0.614155 0.613880 0.613323 0.613072
0.612976 0.612818 0.612884 0.612720 0.612615 0.612720
0.612679 0.612759 0.612873 0.613047 0.613274 0.613314
0.613176 0.613048 0.612862 0.612614 0.612382 0.612303
0.612704 0.613211 0.613329 0.613091 0.612704 0.612201
0.611751 0.611419 0.611112 0.611008 0.610969 0.610923
0.610885 0.610855 0.610665 0.610489 0.610530 0.610702
0.610746 0.610787 0.610985 0.611255 0.611948 0.612661
0.612919 0.613415 0.614129 0.614659 0.615114 0.615414
0.615608 0.615756 0.615850 0.616176 0.616834 0.617410
0.618075 0.618783 0.619285 0.619811 0.620638 0.621434
0.621952 0.622640 0.623351 0.623799 0.624221 0.624605
0.625015 0.625517 0.625805 0.625993 0.626296 0.626300
0.626061 0.625995 0.625797 0.625549 0.625464 0.625416
0.625278 0.624887 0.624458 0.624117 0.623777 0.623532
0.623246 0.622991 0.622922 0.622682 0.622187 0.621654
0.621283 0.620856 0.620510 0.620241 0.619945 0.619686
0.619502 0.619291 0.618787 0.618228 0.617479 0.616595
0.615782 0.615167 0.614428 0.613442 0.612685 0.612199
0.611834 0.611349 0.610669 0.610125 0.609789 0.609421
0.608966 0.608359 0.608064 0.608083 0.608165 0.608394
0.608651 0.608762 0.608538 0.608324 0.608395 0.608712
0.609036 0.609323 0.609610 0.609723 0.609996 0.610322
0.610408 0.610526 0.610747 0.611013 0.611200 0.611235
0.611178 0.611218 0.611289 0.610515 0.610531 0.610717
0.611047 0.611378 0.611764 0.612085 0.612402 0.612798
0.613174 0.613328 0.613226 0.613056 0.612755 0.612414
0.612392 0.612615 0.612862 0.613236 0.613819 0.614131
0.614180 0.614413 0.614581 0.614535 0.614257 0.614212
0.614052 0.613472 0.613341 0.613360 0.613339 0.613395
0.613207 0.613156 0.613165 0.612989 0.612931 0.612954
0.612951 0.613148 0.613412 0.613415 0.613237 0.613031
0.612948 0.612901 0.613020 0.613622 0.614256 0.614474
0.614290 0.613852 0.613300 0.612863 0.612453 0.612056
0.612055 0.612152 0.612074 0.611946 0.611875 0.611739
0.611409 0.611232 0.611306 0.611306 0.611300 0.611433
0.611688 0.612229 0.612873 0.613141 0.613525 0.614341
0.614915 0.615292 0.615714 0.616030 0.616192 0.616116
0.616242 0.616865 0.617507 0.618288 0.619108 0.619568
0.620192 0.621100 0.621860 0.622336 0.622905 0.623583
0.624071 0.624530 0.624931 0.625439 0.625926 0.626114
0.626215 0.626439 0.626535 0.626322 0.626170 0.626007
0.625774 0.625577 0.625426 0.625317 0.625010 0.624631
0.624304 0.624041 0.623861 0.623609 0.623351 0.623175
0.622887 0.622482 0.622071 0.621718 0.621327 0.621062
0.620818 0.620600 0.620303 0.619924 0.619689 0.619165
0.618620 0.617977 0.617117 0.616380 0.615688 0.614891
0.614008 0.613168 0.612449 0.612002 0.611568 0.610926
0.610434 0.610081 0.609721 0.609202 0.608817 0.608975
0.609102 0.609084 0.609293 0.609504 0.609668 0.609477
0.609130 0.609048 0.609143 0.609465 0.609798 0.610127
0.610391 0.610656 0.610895 0.610961 0.610957 0.611019
0.611231 0.611364 0.611490 0.611452 0.611459 0.611614
0.610570 0.610571 0.610729 0.611065 0.611440 0.611875
0.612285 0.612471 0.612602 0.612870 0.612976 0.612858
0.612893 0.612707 0.612357 0.612290 0.612326 0.612707
0.613281 0.613734 0.613972 0.613967 0.614122 0.614390
0.614433 0.614200 0.614040 0.613770 0.613211 0.613157
0.613465 0.613722 0.613922 0.613890 0.613675 0.613518
0.613392 0.613365 0.613416 0.613337 0.613437 0.613696
0.613831 0.613781 0.613651 0.613675 0.613727 0.613890
0.614530 0.615157 0.615415 0.615231 0.614754 0.614243
0.613659 0.613186 0.612836 0.612794 0.613034 0.613200
0.613130 0.612975 0.612863 0.612375 0.611979 0.611957
0.611954 0.611949 0.611975 0.612203 0.612635 0.613071
0.613356 0.613734 0.614395 0.615032 0.615567 0.616083
0.616386 0.616626 0.616670 0.616638 0.617099 0.617790
0.618474 0.619207 0.619677 0.620372 0.621325 0.622135
0.622705 0.623159 0.623828 0.624368 0.624848 0.625294
0.625781 0.626237 0.626371 0.626408 0.626546 0.626632
0.626502 0.626338 0.626214 0.626022 0.625748 0.625569
0.625452 0.625156 0.624822 0.624680 0.624570 0.624303
0.624038 0.623782 0.623528 0.623262 0.622902 0.622485
0.622081 0.621746 0.621509 0.621294 0.621055 0.620707
0.620321 0.619997 0.619544 0.619073 0.618551 0.617854
0.617143 0.616312 0.615524 0.614759 0.613769 0.612867
0.612304 0.611952 0.611347 0.610834 0.610651 0.610347
0.609867 0.609653 0.609738 0.609861 0.609913 0.609971
0.610204 0.610423 0.610233 0.609877 0.609809 0.609775
0.609921 0.610236 0.610471 0.610884 0.611249 0.611437
0.611560 0.611481 0.611427 0.611585 0.611673 0.611836
0.611930 0.611892 0.611955 0.610867 0.610890 0.610993
0.611228 0.611534 0.611870 0.612230 0.612330 0.612304
0.612411 0.612478 0.612363 0.612466 0.612559 0.612316
0.612272 0.612354 0.612723 0.613248 0.613408 0.613534
0.613744 0.613928 0.614037 0.614056 0.614027 0.613887
0.613585 0.613207 0.613143 0.613415 0.613728 0.614059
0.614182 0.614104 0.613969 0.613711 0.613678 0.613827
0.613856 0.613833 0.613986 0.614152 0.614339 0.614381
0.614298 0.614466 0.614747 0.615412 0.615904 0.615927
0.615773 0.615353 0.614880 0.614288 0.613866 0.613710
0.613607 0.613874 0.614107 0.613988 0.613791 0.613625
0.613219 0.612797 0.612746 0.612715 0.612549 0.612452
0.612718 0.613138 0.613373 0.613562 0.613949 0.614460
0.615083 0.615727 0.616062 0.616267 0.616743 0.617125
0.617222 0.617558 0.618121 0.618876 0.619607 0.620061
0.620718 0.621506 0.622323 0.623048 0.623521 0.624078
0.624541 0.624981 0.625439 0.625790 0.626186 0.626483
0.626684 0.626761 0.626742 0.626756 0.626711 0.626458
0.626173 0.625908 0.625752 0.625695 0.625477 0.625278
0.625289 0.625189 0.624853 0.624510 0.624119 0.623769
0.623572 0.623272 0.622816 0.622405 0.622115 0.621865
0.621713 0.621387 0.620847 0.620499 0.620169 0.619847
0.619507 0.619074 0.618518 0.617777 0.616890 0.616113
0.615264 0.614190 0.613328 0.612766 0.612369 0.611797
0.611221 0.610965 0.610790 0.610404 0.610085 0.610227
0.610524 0.610500 0.610465 0.610793 0.611029 0.610857
0.610599 0.610605 0.610627 0.610529 0.610819 0.611147
0.611506 0.611940 0.612126 0.612251 0.612173 0.612015
0.611994 0.612168 0.612375 0.612411 0.612301 0.612219
0.611110 0.611204 0.611424 0.611612 0.611810 0.612107
0.612279 0.612288 0.612296 0.612292 0.612200 0.612122
0.612133 0.612206 0.612141 0.612153 0.612400 0.612714
0.613073 0.613089 0.613150 0.613499 0.613764 0.613889
0.613950 0.614035 0.613814 0.613438 0.613312 0.613492
0.613703 0.613896 0.614017 0.614041 0.614235 0.614159
0.613852 0.613894 0.614197 0.614321 0.614200 0.614295
0.614517 0.614738 0.614737 0.614676 0.614972 0.615426
0.616087 0.616431 0.616357 0.616086 0.615686 0.615414
0.614912 0.614512 0.614481 0.614388 0.614408 0.614467
0.614452 0.614379 0.614306 0.614131 0.613846 0.613718
0.613568 0.613296 0.613149 0.613339 0.613768 0.613993
0.614001 0.614313 0.614783 0.615266 0.615848 0.616076
0.616423 0.617096 0.617435 0.617636 0.617965 0.618425
0.619189 0.619954 0.620520 0.621169 0.621804 0.622533
0.623246 0.623743 0.624199 0.624622 0.625007 0.625414
0.625726 0.626073 0.626460 0.626806 0.626936 0.626933
0.627006 0.626910 0.626585 0.626282 0.626025 0.625873
0.625933 0.625813 0.625647 0.625666 0.625582 0.625383
0.625110 0.624625 0.624118 0.623757 0.623497 0.623142
0.622773 0.622480 0.622236 0.622049 0.621638 0.621177
0.620958 0.620672 0.620300 0.619890 0.619408 0.618910
0.618237 0.617363 0.616446 0.615531 0.614704 0.614021
0.613385 0.612771 0.612274 0.611808 0.611450 0.611240
0.610824 0.610445 0.610688 0.611081 0.611031 0.610988
0.611185 0.611321 0.611239 0.611296 0.611444 0.611512
0.611407 0.611620 0.611997 0.612250 0.612632 0.612856
0.613032 0.613069 0.612999 0.612774 0.612719 0.612866
0.612820 0.612761 0.612755 0.610972 0.611189 0.611662
0.611872 0.611990 0.612358 0.612527 0.612445 0.612469
0.612484 0.612277 0.611992 0.611776 0.611783 0.611881
0.611940 0.612181 0.612456 0.612722 0.612905 0.613087
0.613339 0.613668 0.614026 0.614174 0.614098 0.613800
0.613557 0.613643 0.614023 0.614202 0.614248 0.614204
0.614126 0.614174 0.614131 0.614145 0.614274 0.614594
0.614697 0.614471 0.614549 0.614886 0.615113 0.615242
0.615381 0.615638 0.616100 0.616686 0.616839 0.616624
0.616487 0.616377 0.616148 0.615643 0.615287 0.615072
0.614755 0.614634 0.614694 0.614768 0.614798 0.614827
0.614777 0.614597 0.614418 0.614366 0.614129 0.613877
0.614087 0.614450 0.614628 0.614670 0.614960 0.615336
0.615765 0.616269 0.616448 0.616886 0.617557 0.617805
0.617982 0.618227 0.618661 0.619368 0.620056 0.620721
0.621399 0.622014 0.622833 0.623557 0.623915 0.624244
0.624603 0.624967 0.625333 0.625654 0.625915 0.626175
0.626600 0.626935 0.627090 0.627134 0.627029 0.626761
0.626407 0.626239 0.626086 0.626062 0.625980 0.625772
0.625724 0.625716 0.625652 0.625449 0.625142 0.624658
0.624063 0.623685 0.623437 0.623097 0.622822 0.622596
0.622251 0.621910 0.621713 0.621508 0.621159 0.620744
0.620143 0.619551 0.619145 0.618572 0.617718 0.616710
0.615882 0.615262 0.614666 0.614071 0.613446 0.612988
0.612546 0.612081 0.611839 0.611621 0.611408 0.611463
0.611639 0.611601 0.611563 0.611705 0.611764 0.611764
0.612005 0.612262 0.612317 0.612285 0.612388 0.612663
0.613041 0.613310 0.613476 0.613668 0.613751 0.613850
0.613658 0.613342 0.613258 0.613253 0.613317 0.613374
0.610616 0.610959 0.611565 0.611836 0.611988 0.612397
0.612683 0.612578 0.612563 0.612660 0.612413 0.611944
0.611738 0.611717 0.611680 0.611744 0.612004 0.612203
0.612373 0.612751 0.612992 0.613112 0.613543 0.614019
0.614194 0.614153 0.614068 0.613976 0.614094 0.614511
0.614489 0.614290 0.614263 0.614211 0.614336 0.614514
0.614598 0.614717 0.615025 0.615018 0.614796 0.614880
0.615222 0.615697 0.616088 0.616251 0.616426 0.616888
0.617275 0.617295 0.617135 0.617118 0.617062 0.616742
0.616233 0.615737 0.615321 0.614912 0.614932 0.615121
0.615053 0.615106 0.615410 0.615426 0.615192 0.615032
0.614879 0.614640 0.614501 0.614691 0.614944 0.615131
0.615320 0.615731 0.616128 0.616555 0.616897 0.616975
0.617323 0.617854 0.618069 0.618270 0.618582 0.618962
0.619697 0.620410 0.620975 0.621627 0.622353 0.623143
0.623756 0.624054 0.624269 0.624559 0.624911 0.625251
0.625609 0.625901 0.626111 0.626425 0.626789 0.627025
0.627112 0.627200 0.627021 0.626678 0.626499 0.626227
0.626069 0.625968 0.625836 0.625775 0.625809 0.625754
0.625528 0.625326 0.624934 0.624398 0.623922 0.623643
0.623322 0.623058 0.622923 0.622553 0.622259 0.622162
0.621767 0.621176 0.620788 0.620281 0.619690 0.619246
0.618676 0.617973 0.617084 0.616270 0.615634 0.615101
0.614768 0.614393 0.613845 0.613195 0.612624 0.612364
0.612394 0.612394 0.612388 0.612417 0.612229 0.612216
0.612407 0.612352 0.612454 0.612676 0.612844 0.612953
0.613056 0.613277 0.613481 0.613821 0.613964 0.614029
0.614191 0.614208 0.614193 0.614094 0.613979 0.613851
0.613738 0.613831 0.613946 0.610444 0.610820 0.611521
0.611927 0.612083 0.612412 0.612762 0.612716 0.612584
0.612645 0.612527 0.612361 0.612361 0.611945 0.611545
0.611773 0.612065 0.612171 0.612373 0.612681 0.612788
0.612911 0.613404 0.613881 0.614107 0.614210 0.614295
0.614214 0.614294 0.614658 0.614592 0.614335 0.614253
0.614363 0.614721 0.615132 0.615138 0.615092 0.615310
0.615259 0.615208 0.615353 0.615671 0.616184 0.616524
0.616720 0.616915 0.617209 0.617444 0.617690 0.617968
0.617829 0.617408 0.616990 0.616594 0.616037 0.615461
0.615227 0.615357 0.615452 0.615297 0.615329 0.615751
0.615872 0.615639 0.615450 0.615197 0.614970 0.615041
0.615266 0.615466 0.615796 0.616105 0.616445 0.616736
0.617129 0.617417 0.617505 0.617760 0.618109 0.618409
0.618773 0.619201 0.619552 0.620151 0.620766 0.621331
0.621928 0.622548 0.623197 0.623776 0.624144 0.624348
0.624672 0.624914 0.625214 0.625639 0.625977 0.626202
0.626410 0.626730 0.626943 0.627126 0.627323 0.627153
0.626908 0.626731 0.626498 0.626342 0.626102 0.626023
0.626000 0.625942 0.625743 0.625436 0.625135 0.624806
0.624521 0.624098 0.623754 0.623541 0.623411 0.623258
0.622880 0.622447 0.622219 0.621817 0.621145 0.620723
0.620377 0.619932 0.619415 0.618841 0.618270 0.617434
0.616686 0.616128 0.615684 0.615453 0.615093 0.614548
0.613935 0.613387 0.613142 0.613119 0.613047 0.613135
0.613276 0.613188 0.613168 0.613252 0.613095 0.613023
0.613104 0.613192 0.613473 0.613861 0.614242 0.614490
0.614500 0.614379 0.614445 0.614635 0.614619 0.614498
0.614547 0.614578 0.614449 0.614317 0.614465 0.614664
0.610196 0.610607 0.611409 0.611930 0.612249 0.612601
0.612948 0.613022 0.612818 0.612714 0.612833 0.612977
0.612875 0.612467 0.612038 0.612059 0.612200 0.612271
0.612432 0.612426 0.612411 0.612761 0.613326 0.613640
0.613769 0.613816 0.614038 0.614220 0.614400 0.614690
0.614757 0.614738 0.614505 0.614623 0.615059 0.615361
0.615476 0.615380 0.615581 0.615715 0.615675 0.615752
0.615909 0.616123 0.616433 0.616883 0.617067 0.617287
0.617604 0.617912 0.618267 0.618152 0.617727 0.617339
0.616891 0.616446 0.616036 0.615764 0.615745 0.615694
0.615597 0.615698 0.615910 0.616031 0.615968 0.615758
0.615654 0.615719 0.615848 0.616115 0.616365 0.616686
0.616965 0.617191 0.617437 0.617684 0.617843 0.617894
0.618039 0.618359 0.618850 0.619225 0.619610 0.619996
0.620394 0.620875 0.621420 0.621998 0.622502 0.623046
0.623709 0.624181 0.624428 0.624805 0.625051 0.625284
0.625627 0.625901 0.626145 0.626440 0.626712 0.626870
0.627192 0.627352 0.627015 0.626789 0.626827 0.626812
0.626560 0.626175 0.626071 0.626102 0.625992 0.625706
0.625320 0.624874 0.624509 0.624341 0.624085 0.623793
0.623647 0.623595 0.623399 0.622995 0.622503 0.622085
0.621807 0.621391 0.620993 0.620754 0.620438 0.619898
0.619287 0.618578 0.617706 0.617096 0.616754 0.616413
0.616005 0.615564 0.615195 0.614769 0.614291 0.614061
0.613848 0.613595 0.613755 0.614057 0.614079 0.614085
0.614039 0.613780 0.613548 0.613468 0.613609 0.614023
0.614491 0.614812 0.615065 0.615034 0.614935 0.615019
0.615005 0.614821 0.614808 0.614975 0.614886 0.614845
0.614968 0.615068 0.615138 0.609551 0.610049 0.610940
0.611538 0.612171 0.612801 0.613199 0.613273 0.613043
0.612788 0.612874 0.613095 0.613000 0.612897 0.612639
0.612420 0.612479 0.612419 0.612259 0.612035 0.612046
0.612630 0.613224 0.613344 0.613341 0.613340 0.613668
0.613987 0.614129 0.614508 0.614710 0.614933 0.614949
0.615024 0.615323 0.615344 0.615524 0.615568 0.615754
0.616023 0.616076 0.616038 0.615876 0.615925 0.616382
0.616930 0.617062 0.617291 0.617713 0.618050 0.618214
0.618134 0.617982 0.617715 0.617232 0.616828 0.616444
0.616071 0.615930 0.615936 0.615926 0.615982 0.616136
0.616376 0.616526 0.616480 0.616385 0.616441 0.616786
0.617146 0.617431 0.617638 0.617672 0.617790 0.618201
0.618404 0.618343 0.618311 0.618399 0.618679 0.619089
0.619357 0.619665 0.620045 0.620383 0.620943 0.621454
0.622010 0.622472 0.622857 0.623471 0.623964 0.624336
0.624773 0.625113 0.625400 0.625610 0.625795 0.626050
0.626345 0.626605 0.626754 0.627104 0.627219 0.626843
0.626615 0.626732 0.626828 0.626504 0.626167 0.626054
0.625991 0.625885 0.625638 0.625200 0.624729 0.624418
0.624243 0.624012 0.623721 0.623551 0.623503 0.623358
0.622902 0.622457 0.622087 0.621841 0.621593 0.621250
0.621023 0.620710 0.620169 0.619507 0.618736 0.617959
0.617475 0.617212 0.616826 0.616410 0.616134 0.615712
0.615354 0.615086 0.614769 0.614405 0.614105 0.614268
0.614596 0.614712 0.614756 0.614608 0.614324 0.614079
0.613930 0.614069 0.614385 0.614803 0.615079 0.615249
0.615420 0.615493 0.615509 0.615403 0.615150 0.614989
0.615055 0.615083 0.615232 0.615337 0.615352 0.615449
0.609111 0.609599 0.610423 0.611101 0.611877 0.612690
0.613140 0.613167 0.613151 0.612958 0.612773 0.612817
0.612786 0.612793 0.612700 0.612460 0.612464 0.612487
0.612254 0.611975 0.612014 0.612476 0.612880 0.613075
0.613308 0.613428 0.613597 0.613689 0.613731 0.614172
0.614553 0.614807 0.615118 0.615341 0.615482 0.615548
0.615648 0.615659 0.615736 0.615932 0.616143 0.616176
0.615980 0.616098 0.616530 0.616894 0.616951 0.617072
0.617583 0.618035 0.618244 0.618376 0.618223 0.617886
0.617465 0.617071 0.616685 0.616431 0.616378 0.616368
0.616227 0.616225 0.616470 0.616804 0.617033 0.617141
0.617302 0.617453 0.617926 0.618366 0.618666 0.618818
0.618605 0.618425 0.618782 0.619111 0.618938 0.618753
0.618860 0.619042 0.619335 0.619625 0.619813 0.620177
0.620573 0.621069 0.621570 0.622105 0.622455 0.622757
0.623381 0.623797 0.624182 0.624696 0.625091 0.625465
0.625722 0.625843 0.626028 0.626264 0.626478 0.626700
0.626914 0.626994 0.626820 0.626610 0.626606 0.626536
0.626302 0.626195 0.626145 0.625967 0.625789 0.625601
0.625159 0.624770 0.624514 0.624193 0.623840 0.623610
0.623531 0.623373 0.623202 0.622834 0.622416 0.622074
0.621816 0.621631 0.621322 0.620988 0.620694 0.620158
0.619499 0.618921 0.618320 0.617864 0.617528 0.617197
0.616888 0.616674 0.616376 0.616020 0.615663 0.615290
0.614944 0.614708 0.614785 0.615041 0.615225 0.615283
0.615119 0.614865 0.614644 0.614530 0.614663 0.614835
0.615148 0.615457 0.615721 0.615868 0.615771 0.615772
0.615782 0.615556 0.615216 0.615207 0.615339 0.615376
0.615316 0.615340 0.615459 0.608703 0.609127 0.609918
0.610707 0.611496 0.612217 0.612573 0.612701 0.612956
0.612844 0.612529 0.612350 0.612304 0.612555 0.612662
0.612425 0.612422 0.612523 0.612356 0.612090 0.611992
0.612264 0.612659 0.612915 0.613235 0.613399 0.613401
0.613590 0.613886 0.614265 0.614624 0.614854 0.615129
0.615406 0.615676 0.615896 0.615860 0.615700 0.615711
0.615905 0.616163 0.616296 0.616214 0.616311 0.616593
0.616827 0.616856 0.616903 0.617434 0.618059 0.618371
0.618568 0.618345 0.617988 0.617639 0.617228 0.617008
0.616979 0.617071 0.617017 0.616759 0.616827 0.617143
0.617342 0.617533 0.617771 0.618332 0.618846 0.619227
0.619560 0.619790 0.619688 0.619313 0.619144 0.619388
0.619719 0.619516 0.619286 0.619352 0.619466 0.619661
0.619906 0.620204 0.620524 0.620939 0.621394 0.621652
0.621996 0.622326 0.622706 0.623363 0.623847 0.624251
0.624772 0.625198 0.625535 0.625839 0.625989 0.626126
0.626393 0.626561 0.626662 0.626781 0.626832 0.626731
0.626566 0.626348 0.626043 0.625924 0.625986 0.626045
0.625953 0.625776 0.625496 0.625059 0.624765 0.624460
0.623997 0.623635 0.623403 0.623260 0.623071 0.622979
0.622808 0.622430 0.622103 0.621818 0.621629 0.621302
0.620920 0.620652 0.620181 0.619597 0.619094 0.618647
0.618260 0.617877 0.617652 0.617382 0.617132 0.617063
0.616780 0.616223 0.615829 0.615552 0.615297 0.615248
0.615420 0.615545 0.615529 0.615446 0.615271 0.615162
0.615157 0.615251 0.615344 0.615544 0.615921 0.616312
0.616405 0.616256 0.616174 0.616103 0.615906 0.615631
0.615537 0.615664 0.615556 0.615305 0.615204 0.615169
0.608088 0.608525 0.609419 0.610322 0.611124 0.611677
0.611873 0.612050 0.612197 0.612091 0.611986 0.611763
0.611864 0.612353 0.612366 0.612128 0.612292 0.612443
0.612243 0.612086 0.612022 0.612228 0.612702 0.613042
0.613270 0.613293 0.613333 0.613771 0.614287 0.614611
0.614800 0.615075 0.615446 0.615630 0.615672 0.615821
0.615843 0.615653 0.615719 0.615976 0.616195 0.616376
0.616417 0.616430 0.616486 0.616699 0.617060 0.617262
0.617604 0.618253 0.618610 0.618592 0.618312 0.618047
0.617808 0.617504 0.617251 0.617151 0.617345 0.617461
0.617301 0.617296 0.617594 0.617924 0.618286 0.618621
0.619104 0.619643 0.620028 0.620246 0.620334 0.620057
0.619679 0.619701 0.620064 0.620316 0.620113 0.619983
0.619977 0.620005 0.620139 0.620287 0.620541 0.620739
0.621123 0.621582 0.621643 0.621802 0.622167 0.622699
0.623371 0.623943 0.624432 0.624871 0.625280 0.625617
0.625858 0.625941 0.626146 0.626451 0.626604 0.626660
0.626794 0.626800 0.626565 0.626361 0.626057 0.625809
0.625753 0.625745 0.625784 0.625750 0.625590 0.625289
0.624939 0.624616 0.624234 0.623835 0.623456 0.623065
0.622793 0.622690 0.622682 0.622618 0.622398 0.622128
0.621883 0.621620 0.621235 0.620896 0.620483 0.620060
0.619726 0.619329 0.618983 0.618708 0.618304 0.617998
0.617772 0.617431 0.617215 0.617016 0.616601 0.616307
0.616067 0.615802 0.615701 0.615794 0.615884 0.615718
0.615649 0.615619 0.615442 0.615419 0.615491 0.615523
0.615726 0.616202 0.616611 0.616865 0.616871 0.616659
0.616455 0.616206 0.615965 0.615822 0.615959 0.615862
0.615520 0.615257 0.615108 0.607797 0.608143 0.608872
0.609804 0.610605 0.611118 0.611350 0.611512 0.611487
0.611280 0.611263 0.611175 0.611467 0.611932 0.611987
0.611817 0.611858 0.612086 0.612112 0.612098 0.612160
0.612332 0.612792 0.613316 0.613578 0.613523 0.613669
0.614163 0.614583 0.614800 0.614944 0.615290 0.615765
0.615914 0.615663 0.615552 0.615612 0.615612 0.615733
0.615960 0.615981 0.616109 0.616445 0.616607 0.616671
0.616865 0.617297 0.617642 0.617916 0.618426 0.618798
0.618690 0.618381 0.618252 0.618018 0.617800 0.617614
0.617489 0.617706 0.617833 0.617860 0.617909 0.618099
0.618414 0.618862 0.619378 0.619836 0.620216 0.620542
0.620887 0.620982 0.620710 0.620516 0.620558 0.620772
0.620973 0.620851 0.620756 0.620727 0.620650 0.620740
0.620834 0.620868 0.620942 0.621244 0.621583 0.621723
0.621841 0.622191 0.622837 0.623426 0.623964 0.624548
0.625017 0.625353 0.625556 0.625728 0.625870 0.626154
0.626391 0.626422 0.626579 0.626836 0.626794 0.626510
0.626285 0.626016 0.625799 0.625720 0.625610 0.625529
0.625524 0.625412 0.625222 0.624909 0.624521 0.624155
0.623788 0.623307 0.622859 0.622536 0.622378 0.622389
0.622343 0.622304 0.622196 0.622063 0.621761 0.621359
0.621054 0.620464 0.619948 0.619734 0.619549 0.619329
0.619123 0.618790 0.618285 0.617947 0.617618 0.617249
0.617030 0.616766 0.616540 0.616366 0.616253 0.616166
0.616205 0.616196 0.615986 0.615933 0.615854 0.615574
0.615486 0.615589 0.615677 0.615985 0.616445 0.616873
0.617253 0.617209 0.616979 0.616750 0.616356 0.616134
0.616132 0.616221 0.616072 0.615777 0.615463 0.615257
0.607538 0.607785 0.608421 0.609150 0.609786 0.610300
0.610652 0.610892 0.610818 0.610667 0.610577 0.610603
0.611039 0.611414 0.611675 0.611833 0.611758 0.611682
0.611815 0.612005 0.612190 0.612441 0.612880 0.613510
0.613782 0.613778 0.614050 0.614415 0.614702 0.615024
0.615245 0.615443 0.615753 0.615836 0.615577 0.615408
0.615514 0.615651 0.615787 0.615942 0.615830 0.615942
0.616406 0.616708 0.617065 0.617356 0.617460 0.617698
0.617993 0.618410 0.618785 0.618720 0.618511 0.618498
0.618424 0.618259 0.618153 0.618186 0.618344 0.618364
0.618534 0.618672 0.618625 0.618827 0.619369 0.620063
0.620634 0.621004 0.621221 0.621563 0.621767 0.621655
0.621584 0.621578 0.621589 0.621708 0.621666 0.621508
0.621435 0.621332 0.621324 0.621336 0.621275 0.621410
0.621671 0.621853 0.621989 0.622049 0.622356 0.622930
0.623467 0.624033 0.624572 0.625023 0.625375 0.625513
0.625688 0.625893 0.626040 0.626242 0.626337 0.626444
0.626732 0.626798 0.626614 0.626347 0.626024 0.625749
0.625626 0.625559 0.625468 0.625397 0.625256 0.625036
0.624745 0.624428 0.624057 0.623664 0.623244 0.622798
0.622417 0.622183 0.622094 0.622066 0.622086 0.622114
0.622057 0.621727 0.621278 0.620847 0.620257 0.619817
0.619593 0.619481 0.619362 0.619212 0.618957 0.618308
0.617825 0.617621 0.617298 0.617041 0.616858 0.616616
0.616522 0.616486 0.616358 0.616350 0.616338 0.616290
0.616230 0.616090 0.615842 0.615807 0.615930 0.616112
0.616554 0.616912 0.617201 0.617514 0.617451 0.617175
0.616879 0.616540 0.616367 0.616395 0.616445 0.616326
0.616103 0.615764 0.615563 0.607573 0.607736 0.608223
0.608824 0.609309 0.609607 0.609871 0.610039 0.609951
0.609927 0.609951 0.610118 0.610509 0.610997 0.611461
0.611638 0.611475 0.611224 0.611319 0.611575 0.611952
0.612359 0.612763 0.613421 0.613705 0.613782 0.614151
0.614274 0.614508 0.615028 0.615313 0.615500 0.615582
0.615472 0.615309 0.615335 0.615680 0.615986 0.616083
0.616001 0.615927 0.616212 0.616686 0.617098 0.617565
0.617858 0.617769 0.617734 0.617886 0.618095 0.618431
0.618631 0.618639 0.618692 0.618921 0.618993 0.618834
0.618767 0.618809 0.618827 0.619036 0.619208 0.618951
0.619228 0.619983 0.620653 0.621233 0.621834 0.622077
0.622070 0.622304 0.622396 0.622410 0.622494 0.622478
0.622435 0.622276 0.622116 0.622078 0.621937 0.621797
0.621794 0.621801 0.621867 0.622052 0.622109 0.622110
0.622237 0.622454 0.622915 0.623499 0.624000 0.624437
0.624799 0.625192 0.625444 0.625658 0.625779 0.625787
0.625959 0.626129 0.626270 0.626513 0.626601 0.626589
0.626457 0.626127 0.625889 0.625721 0.625569 0.625453
0.625276 0.625038 0.624858 0.624608 0.624220 0.623789
0.623379 0.623071 0.622734 0.622395 0.622120 0.621873
0.621817 0.621803 0.621762 0.621740 0.621438 0.620979
0.620512 0.619953 0.619662 0.619545 0.619419 0.619234
0.618994 0.618701 0.618168 0.617764 0.617563 0.617247
0.616944 0.616756 0.616581 0.616644 0.616736 0.616523
0.616312 0.616360 0.616460 0.616425 0.616379 0.616284
0.616239 0.616336 0.616595 0.616998 0.617339 0.617556
0.617765 0.617724 0.617440 0.617051 0.616829 0.616745
0.616770 0.616815 0.616558 0.616329 0.616095 0.615939
0.607863 0.607929 0.608280 0.608884 0.609232 0.609368
0.609550 0.609466 0.609284 0.609228 0.609395 0.609645
0.609895 0.610560 0.611202 0.611306 0.611120 0.610853
0.610879 0.611117 0.611443 0.611949 0.612566 0.613238
0.613654 0.613818 0.614087 0.614224 0.614484 0.615022
0.615222 0.615363 0.615395 0.615289 0.615347 0.615483
0.615869 0.616321 0.616294 0.616050 0.616039 0.616450
0.617091 0.617608 0.617994 0.618199 0.618221 0.618048
0.617961 0.618032 0.618223 0.618522 0.618789 0.618983
0.619288 0.619490 0.619397 0.619216 0.619116 0.619100
0.619294 0.619548 0.619454 0.619792 0.620506 0.621136
0.621730 0.622334 0.622685 0.622646 0.622815 0.623014
0.623044 0.623084 0.623088 0.623091 0.622959 0.622820
0.622755 0.622551 0.622385 0.622311 0.622297 0.622300
0.622247 0.622200 0.622257 0.622424 0.622565 0.622932
0.623414 0.623744 0.624200 0.624701 0.625111 0.625296
0.625426 0.625539 0.625598 0.625734 0.625814 0.626019
0.626270 0.626348 0.626422 0.626450 0.626240 0.626070
0.625875 0.625517 0.625310 0.625160 0.624916 0.624741
0.624491 0.624082 0.623637 0.623209 0.622914 0.622711
0.622506 0.622217 0.621953 0.621819 0.621653 0.621467
0.621399 0.621196 0.620860 0.620389 0.619934 0.619880
0.619784 0.619524 0.619256 0.618927 0.618608 0.618279
0.617999 0.617672 0.617270 0.617081 0.616873 0.616651
0.616802 0.616914 0.616668 0.616402 0.616459 0.616601
0.616613 0.616662 0.616735 0.616699 0.616686 0.616955
0.617276 0.617640 0.617892 0.617947 0.617902 0.617721
0.617370 0.617186 0.617186 0.617192 0.617179 0.616754
0.616375 0.616232 0.616143 0.608009 0.608121 0.608560
0.609066 0.609347 0.609462 0.609384 0.609085 0.608791
0.608749 0.609206 0.609436 0.609461 0.610146 0.610802
0.610881 0.610877 0.610802 0.610820 0.611186 0.611482
0.611956 0.612667 0.613167 0.613580 0.613912 0.614123
0.614229 0.614494 0.615081 0.615335 0.615345 0.615332
0.615341 0.615533 0.615750 0.615988 0.616295 0.616288
0.616094 0.616168 0.616680 0.617360 0.617883 0.618261
0.618632 0.618804 0.618479 0.618179 0.618299 0.618458
0.618605 0.618929 0.619179 0.619486 0.619695 0.619633
0.619549 0.619450 0.619469 0.619813 0.620077 0.620194
0.620498 0.620979 0.621614 0.622165 0.622594 0.623013
0.623230 0.623445 0.623595 0.623551 0.623530 0.623527
0.623576 0.623589 0.623474 0.623284 0.623143 0.623032
0.622866 0.622711 0.622700 0.622537 0.622337 0.622458
0.622655 0.622824 0.623022 0.623357 0.623708 0.624094
0.624598 0.625023 0.625240 0.625386 0.625437 0.625539
0.625730 0.625691 0.625799 0.626033 0.626145 0.626196
0.626239 0.626171 0.626034 0.625823 0.625421 0.625190
0.625043 0.624812 0.624574 0.624289 0.623985 0.623616
0.623205 0.622897 0.622735 0.622550 0.622275 0.622007
0.621720 0.621483 0.621304 0.621128 0.620971 0.620669
0.620232 0.620011 0.620051 0.619969 0.619638 0.619286
0.619000 0.618757 0.618498 0.618168 0.617704 0.617296
0.617269 0.617186 0.616956 0.616960 0.616827 0.616591
0.616543 0.616703 0.616857 0.616918 0.617033 0.617080
0.617019 0.616921 0.617106 0.617578 0.618031 0.618082
0.617959 0.617896 0.617825 0.617709 0.617582 0.617583
0.617541 0.617439 0.617061 0.616616 0.616419 0.616349
0.608441 0.608482 0.608747 0.609154 0.609362 0.609466
0.609254 0.608764 0.608532 0.608583 0.608997 0.609319
0.609505 0.609886 0.610193 0.610351 0.610603 0.610907
0.611233 0.611567 0.611778 0.612080 0.612641 0.613047
0.613363 0.613852 0.614059 0.614112 0.614554 0.615136
0.615358 0.615372 0.615198 0.615274 0.615677 0.615932
0.616159 0.616358 0.616421 0.616425 0.616552 0.616927
0.617424 0.617965 0.618434 0.618897 0.619057 0.618720
0.618448 0.618650 0.618820 0.618916 0.619155 0.619416
0.619831 0.620024 0.619997 0.620007 0.619972 0.620053
0.620539 0.620878 0.621010 0.621285 0.621598 0.622043
0.622507 0.622939 0.623385 0.623774 0.624055 0.624136
0.624106 0.624056 0.624026 0.623974 0.623919 0.623793
0.623610 0.623552 0.623390 0.623289 0.623140 0.622994
0.622900 0.622714 0.622738 0.622905 0.623066 0.623165
0.623509 0.623871 0.624043 0.624318 0.624667 0.625039
0.625307 0.625396 0.625474 0.625671 0.625660 0.625601
0.625759 0.625884 0.625961 0.626061 0.625986 0.625758
0.625615 0.625390 0.625110 0.624907 0.624681 0.624343
0.623970 0.623751 0.623586 0.623212 0.622871 0.622655
0.622483 0.622363 0.622033 0.621530 0.621221 0.621106
0.620879 0.620667 0.620360 0.619997 0.619842 0.619788
0.619721 0.619547 0.619259 0.619025 0.618859 0.618565
0.618087 0.617498 0.617136 0.617127 0.617152 0.617084
0.617021 0.616933 0.616719 0.616615 0.616836 0.617015
0.617126 0.617188 0.617174 0.617212 0.617136 0.617211
0.617668 0.618113 0.618156 0.618070 0.617926 0.617881
0.618001 0.617949 0.617905 0.617907 0.617849 0.617424
0.616951 0.616773 0.616695 0.608455 0.608503 0.608760
0.609147 0.609272 0.609403 0.609372 0.608942 0.608897
0.608961 0.608889 0.609097 0.609601 0.609800 0.609843
0.610158 0.610646 0.611201 0.611549 0.611728 0.611730
0.611808 0.612407 0.613004 0.613318 0.613722 0.613931
0.614173 0.614750 0.615171 0.615289 0.615288 0.615091
0.615192 0.615603 0.615804 0.616147 0.616545 0.616668
0.616789 0.616968 0.617164 0.617553 0.617995 0.618262
0.618572 0.618837 0.618810 0.618708 0.618901 0.619090
0.619248 0.619431 0.619666 0.620075 0.620301 0.620487
0.620613 0.620657 0.620789 0.621208 0.621649 0.621755
0.621933 0.622183 0.622488 0.622783 0.623151 0.623703
0.624193 0.624460 0.624474 0.624429 0.624331 0.624329
0.624319 0.624200 0.624145 0.623974 0.623750 0.623654
0.623645 0.623633 0.623560 0.623406 0.623252 0.623153
0.623242 0.623455 0.623554 0.623755 0.623942 0.624000
0.624106 0.624371 0.624766 0.625068 0.625190 0.625291
0.625548 0.625603 0.625430 0.625502 0.625677 0.625714
0.625774 0.625675 0.625438 0.625326 0.625198 0.624936
0.624723 0.624447 0.624032 0.623689 0.623486 0.623359
0.623092 0.622764 0.622513 0.622426 0.622314 0.621880
0.621321 0.620959 0.620864 0.620629 0.620263 0.620007
0.619682 0.619415 0.619373 0.619366 0.619352 0.619257
0.619095 0.618956 0.618618 0.617943 0.617316 0.617000
0.616882 0.616930 0.616949 0.616923 0.617064 0.617005
0.616876 0.617020 0.617232 0.617323 0.617214 0.617213
0.617418 0.617568 0.617683 0.617843 0.617926 0.617980
0.618047 0.617965 0.617971 0.618155 0.618110 0.618024
0.618031 0.618026 0.617664 0.617134 0.616816 0.616676
0.608260 0.608396 0.608862 0.609410 0.609684 0.609795
0.609843 0.609771 0.609787 0.609665 0.609370 0.609327
0.609559 0.609754 0.610047 0.610425 0.610921 0.611446
0.611642 0.611759 0.611592 0.611584 0.612193 0.612671
0.613049 0.613412 0.613543 0.614004 0.614657 0.615051
0.615305 0.615436 0.615363 0.615431 0.615652 0.615910
0.616290 0.616754 0.617013 0.617031 0.617181 0.617406
0.617758 0.618056 0.618101 0.618385 0.618717 0.618814
0.618837 0.618934 0.619166 0.619380 0.619606 0.619919
0.620213 0.620532 0.620922 0.621125 0.621360 0.621644
0.621954 0.622262 0.622379 0.622493 0.622682 0.622987
0.623192 0.623446 0.623936 0.624440 0.624787 0.624756
0.624671 0.624612 0.624566 0.624619 0.624552 0.624519
0.624352 0.624098 0.624166 0.624226 0.624290 0.624268
0.623935 0.623698 0.623586 0.623633 0.623889 0.623903
0.623839 0.623955 0.623997 0.624048 0.624265 0.624623
0.624940 0.625079 0.625134 0.625228 0.625323 0.625328
0.625387 0.625518 0.625540 0.625569 0.625489 0.625279
0.625067 0.624925 0.624774 0.624535 0.624197 0.623830
0.623553 0.623283 0.623111 0.622995 0.622753 0.622498
0.622309 0.622079 0.621654 0.621173 0.620846 0.620624
0.620356 0.619980 0.619657 0.619353 0.619132 0.619177
0.619225 0.619260 0.619237 0.619211 0.619056 0.618514
0.617743 0.617141 0.616757 0.616602 0.616715 0.616724
0.616736 0.617018 0.617105 0.617035 0.617283 0.617557
0.617565 0.617395 0.617366 0.617593 0.617990 0.618176
0.618120 0.617892 0.617775 0.617901 0.617923 0.617901
0.617977 0.617864 0.617835 0.617929 0.617860 0.617637
0.617153 0.616673 0.616489 0.608433 0.608520 0.608942
0.609660 0.610174 0.610359 0.610575 0.610717 0.610660
0.610230 0.609774 0.609928 0.610109 0.610213 0.610438
0.610742 0.611236 0.611674 0.611818 0.611675 0.611501
0.611523 0.611956 0.612273 0.612472 0.612897 0.613223
0.613727 0.614422 0.615021 0.615333 0.615472 0.615699
0.615912 0.616025 0.616352 0.616788 0.617046 0.617098
0.617115 0.617255 0.617528 0.617923 0.618127 0.618225
0.618472 0.618762 0.618970 0.619068 0.619114 0.619315
0.619575 0.619900 0.620223 0.620367 0.620717 0.621218
0.621524 0.621971 0.622399 0.622705 0.622915 0.623046
0.623188 0.623263 0.623436 0.623691 0.624003 0.624390
0.624803 0.625159 0.625223 0.625138 0.625042 0.624890
0.624877 0.624938 0.624846 0.624740 0.624726 0.624850
0.624964 0.624883 0.624709 0.624370 0.624141 0.624053
0.623959 0.623977 0.623830 0.623758 0.623966 0.623953
0.623975 0.624208 0.624460 0.624774 0.624976 0.624923
0.624943 0.625191 0.625314 0.625283 0.625359 0.625450
0.625474 0.625422 0.625222 0.625034 0.624950 0.624773
0.624468 0.624090 0.623779 0.623577 0.623313 0.623169
0.623064 0.622822 0.622525 0.622184 0.621936 0.621562
0.621170 0.620795 0.620384 0.620175 0.619897 0.619400
0.619067 0.619091 0.619192 0.619152 0.619124 0.618947
0.618922 0.618922 0.618299 0.617586 0.617071 0.616588
0.616452 0.616631 0.616647 0.616701 0.616993 0.617084
0.617045 0.617347 0.617623 0.617714 0.617710 0.617704
0.617889 0.618103 0.618246 0.618214 0.617995 0.617845
0.617863 0.617884 0.617734 0.617537 0.617388 0.617542
0.617810 0.617718 0.617414 0.617035 0.616707 0.616580
0.608499 0.608599 0.609025 0.609614 0.610250 0.610874
0.611269 0.611386 0.611231 0.610705 0.610288 0.610504
0.610838 0.610981 0.611041 0.611209 0.611691 0.612062
0.611866 0.611505 0.611503 0.611606 0.611871 0.612030
0.612051 0.612473 0.612961 0.613609 0.614374 0.614874
0.615060 0.615284 0.615759 0.616113 0.616190 0.616464
0.617006 0.617197 0.617148 0.617191 0.617255 0.617542
0.617962 0.618182 0.618377 0.618650 0.619063 0.619340
0.619359 0.619395 0.619629 0.619949 0.620273 0.620473
0.620493 0.620886 0.621523 0.622121 0.622692 0.623092
0.623461 0.623729 0.623885 0.623999 0.623999 0.624088
0.624319 0.624574 0.624919 0.625267 0.625517 0.625617
0.625570 0.625523 0.625382 0.625268 0.625305 0.625206
0.625124 0.625276 0.625440 0.625442 0.625250 0.625037
0.624745 0.624453 0.624344 0.624270 0.624056 0.623788
0.623738 0.623900 0.623916 0.623947 0.624122 0.624170
0.624386 0.624566 0.624619 0.624865 0.625129 0.625202
0.625225 0.625303 0.625304 0.625359 0.625370 0.625196
0.625040 0.625015 0.624854 0.624516 0.624173 0.623966
0.623822 0.623645 0.623446 0.623175 0.622867 0.622474
0.622059 0.621746 0.621373 0.621016 0.620670 0.620366
0.620131 0.619779 0.619289 0.618966 0.619056 0.619085
0.618971 0.618873 0.618639 0.618507 0.618591 0.618217
0.617709 0.617293 0.616737 0.616475 0.616583 0.616644
0.616718 0.617067 0.617205 0.617252 0.617548 0.617717
0.617787 0.617923 0.618049 0.618185 0.618149 0.618214
0.618361 0.618119 0.617882 0.617951 0.617937 0.617802
0.617548 0.617266 0.617341 0.617574 0.617499 0.617233
0.617005 0.616799 0.616696 0.608573 0.608722 0.609201
0.609677 0.610361 0.611133 0.611585 0.611703 0.611412
0.611051 0.610951 0.610937 0.611032 0.611401 0.611665
0.611792 0.612157 0.612288 0.611807 0.611483 0.611550
0.611662 0.611772 0.611846 0.612006 0.612261 0.612490
0.613174 0.614004 0.614299 0.614523 0.614997 0.615484
0.615826 0.616158 0.616584 0.617042 0.617273 0.617359
0.617371 0.617433 0.617787 0.618101 0.618365 0.618645
0.618942 0.619347 0.619533 0.619530 0.619728 0.619978
0.620254 0.620460 0.620601 0.620757 0.621199 0.621952
0.622684 0.623287 0.623698 0.624025 0.624256 0.624469
0.624686 0.624814 0.624927 0.624997 0.624996 0.625121
0.625400 0.625764 0.625886 0.625864 0.625902 0.625808
0.625703 0.625703 0.625633 0.625567 0.625725 0.625909
0.625832 0.625577 0.625357 0.624998 0.624637 0.624485
0.624429 0.624193 0.623970 0.623949 0.623945 0.623929
0.623875 0.623844 0.623851 0.623975 0.624125 0.624336
0.624627 0.624774 0.624852 0.625156 0.625336 0.625228
0.625334 0.625409 0.625270 0.625112 0.625080 0.624948
0.624587 0.624294 0.624193 0.624065 0.623845 0.623623
0.623236 0.622781 0.622397 0.622062 0.621664 0.621261
0.620871 0.620543 0.620315 0.619985 0.619522 0.619117
0.618904 0.618869 0.618781 0.618717 0.618684 0.618406
0.618255 0.618318 0.618042 0.617662 0.617257 0.616769
0.616406 0.616217 0.616213 0.616530 0.617030 0.617219
0.617351 0.617709 0.617864 0.617798 0.617878 0.618048
0.618230 0.618182 0.618135 0.618338 0.618147 0.617897
0.618021 0.618020 0.617869 0.617616 0.617347 0.617293
0.617293 0.617282 0.617220 0.617014 0.616748 0.616576
0.608585 0.608759 0.609322 0.609883 0.610637 0.611253
0.611713 0.611948 0.611611 0.611379 0.611338 0.611126
0.611082 0.611553 0.611802 0.611984 0.612214 0.612255
0.611993 0.611823 0.611934 0.611866 0.611801 0.611753
0.611831 0.612037 0.612148 0.612513 0.613148 0.613546
0.613957 0.614554 0.615029 0.615502 0.616207 0.616916
0.617370 0.617502 0.617522 0.617571 0.617712 0.618128
0.618457 0.618701 0.618999 0.619151 0.619290 0.619623
0.619921 0.620092 0.620176 0.620286 0.620409 0.620678
0.621096 0.621636 0.622383 0.623009 0.623599 0.624120
0.624392 0.624548 0.624810 0.625139 0.625343 0.625413
0.625365 0.625312 0.625390 0.625652 0.626012 0.626054
0.625930 0.625937 0.625947 0.625844 0.625854 0.626050
0.626156 0.626202 0.626253 0.626089 0.625795 0.625571
0.625248 0.624946 0.624669 0.624451 0.624243 0.624039
0.623986 0.623970 0.623857 0.623634 0.623502 0.623551
0.623660 0.623808 0.623956 0.624117 0.624239 0.624292
0.624626 0.625040 0.625130 0.625264 0.625449 0.625369
0.625163 0.625096 0.625000 0.624672 0.624352 0.624241
0.624024 0.623683 0.623512 0.623198 0.622697 0.622321
0.622060 0.621775 0.621396 0.620880 0.620432 0.620022
0.619625 0.619209 0.618817 0.618580 0.618392 0.618338
0.618426 0.618525 0.618352 0.618130 0.618020 0.617713
0.617416 0.617123 0.616699 0.616317 0.615970 0.615758
0.616134 0.616654 0.616977 0.617264 0.617507 0.617744
0.617793 0.617871 0.618020 0.618158 0.618160 0.618112
0.618243 0.618134 0.618015 0.618008 0.617884 0.617609
0.617263 0.617186 0.617216 0.617124 0.617171 0.617173
0.616924 0.616498 0.616174 0.608506 0.608756 0.609489
0.610130 0.610742 0.611301 0.611743 0.611977 0.611728
0.611740 0.611726 0.611174 0.611138 0.611563 0.611684
0.611707 0.611746 0.611967 0.611868 0.611740 0.611916
0.611843 0.611686 0.611472 0.611485 0.611736 0.611933
0.612272 0.612682 0.613039 0.613452 0.614049 0.614599
0.615285 0.616177 0.616863 0.617273 0.617490 0.617703
0.617866 0.617989 0.618431 0.618862 0.619066 0.619235
0.619300 0.619457 0.620000 0.620437 0.620434 0.620305
0.620265 0.620389 0.620733 0.621227 0.621848 0.622559
0.623168 0.623848 0.624392 0.624707 0.625006 0.625196
0.625296 0.625434 0.625499 0.625593 0.625741 0.625893
0.626116 0.626189 0.626018 0.625825 0.625861 0.626040
0.625966 0.625873 0.626169 0.626459 0.626474 0.626273
0.626015 0.625879 0.625777 0.625532 0.625208 0.624881
0.624560 0.624270 0.623968 0.623759 0.623668 0.623585
0.623463 0.623417 0.623410 0.623434 0.623515 0.623477
0.623547 0.623714 0.623776 0.624057 0.624564 0.624919
0.625151 0.625375 0.625312 0.625108 0.625022 0.624961
0.624837 0.624481 0.624159 0.623869 0.623630 0.623430
0.623073 0.622647 0.622295 0.622004 0.621800 0.621498
0.620934 0.620367 0.619827 0.619299 0.618782 0.618403
0.618109 0.617825 0.617844 0.618055 0.618168 0.618179
0.617953 0.617681 0.617462 0.617211 0.617011 0.616676
0.616230 0.615865 0.615716 0.615876 0.616197 0.616656
0.617063 0.617191 0.617422 0.617656 0.617751 0.617949
0.618107 0.618081 0.618072 0.618087 0.617948 0.617884
0.617739 0.617454 0.617153 0.616904 0.617029 0.617164
0.617060 0.617086 0.617029 0.616723 0.616144 0.615731
0.608534 0.608818 0.609265 0.609746 0.610229 0.610670
0.611246 0.611622 0.611695 0.611885 0.611832 0.611340
0.611307 0.611467 0.611535 0.611478 0.611278 0.611440
0.611499 0.611224 0.611189 0.611299 0.611354 0.611416
0.611564 0.611714 0.611836 0.612316 0.612772 0.613034
0.613342 0.613786 0.614288 0.614971 0.615783 0.616365
0.616752 0.617164 0.617681 0.618114 0.618490 0.618949
0.619328 0.619457 0.619573 0.619723 0.620051 0.620589
0.620794 0.620751 0.620652 0.620554 0.620619 0.620861
0.621264 0.621806 0.622517 0.623120 0.623759 0.624371
0.624844 0.625209 0.625247 0.625173 0.625189 0.625422
0.625852 0.626120 0.626261 0.626430 0.626444 0.626134
0.625893 0.625971 0.626159 0.626233 0.626146 0.626268
0.626510 0.626552 0.626289 0.626081 0.626122 0.626013
0.625731 0.625421 0.625110 0.624712 0.624254 0.623852
0.623467 0.623200 0.623223 0.623305 0.623306 0.623244
0.623192 0.623184 0.623126 0.623237 0.623401 0.623542
0.623806 0.624165 0.624603 0.624953 0.625178 0.625202
0.625075 0.624941 0.624858 0.624741 0.624367 0.624017
0.623796 0.623683 0.623472 0.623160 0.622783 0.622366
0.621958 0.621637 0.621318 0.620838 0.620331 0.619758
0.619070 0.618354 0.617954 0.617763 0.617516 0.617439
0.617633 0.617759 0.617764 0.617576 0.617382 0.617293
0.616925 0.616631 0.616428 0.615982 0.615664 0.615665
0.615635 0.615749 0.616145 0.616477 0.616808 0.617123
0.617415 0.617544 0.617749 0.617953 0.617874 0.617842
0.617731 0.617529 0.617409 0.617186 0.616913 0.616744
0.616667 0.616920 0.617115 0.616988 0.616889 0.616794
0.616508 0.615891 0.615492 0.608321 0.608464 0.608527
0.608592 0.608969 0.609423 0.610251 0.611125 0.611391
0.611545 0.611736 0.611619 0.611397 0.611311 0.611380
0.611222 0.610838 0.610892 0.611109 0.610899 0.610729
0.610718 0.610833 0.611232 0.611604 0.611856 0.611925
0.612310 0.612807 0.612975 0.613246 0.613656 0.614056
0.614549 0.615230 0.615988 0.616617 0.617189 0.617891
0.618461 0.618967 0.619448 0.619779 0.619931 0.620055
0.620282 0.620554 0.620926 0.621019 0.620992 0.621017
0.620854 0.620928 0.621255 0.621485 0.621895 0.622547
0.623065 0.623540 0.624174 0.624763 0.625057 0.625089
0.625044 0.625007 0.625344 0.625910 0.626152 0.626368
0.626638 0.626647 0.626335 0.626051 0.625996 0.626176
0.626428 0.626458 0.626483 0.626609 0.626715 0.626602
0.626402 0.626274 0.626007 0.625766 0.625606 0.625337
0.624905 0.624348 0.623769 0.623265 0.622951 0.622954
0.623109 0.623127 0.622986 0.622915 0.622900 0.622898
0.622954 0.623084 0.623316 0.623540 0.623875 0.624287
0.624620 0.624861 0.625029 0.625008 0.624733 0.624528
0.624381 0.624087 0.623877 0.623738 0.623610 0.623362
0.623157 0.622924 0.622418 0.621847 0.621378 0.620995
0.620682 0.620332 0.619783 0.618968 0.618119 0.617663
0.617442 0.617246 0.617176 0.617192 0.617295 0.617375
0.617126 0.616907 0.616810 0.616438 0.616101 0.615895
0.615590 0.615374 0.615352 0.615269 0.615402 0.615679
0.615820 0.616328 0.616858 0.617322 0.617526 0.617506
0.617631 0.617723 0.617652 0.617433 0.617101 0.616869
0.616634 0.616360 0.616403 0.616444 0.616515 0.616628
0.616606 0.616412 0.616311 0.616200 0.615607 0.615171
0.607860 0.608022 0.608019 0.607774 0.607939 0.608330
0.609131 0.610240 0.610693 0.611067 0.611697 0.611740
0.611315 0.611143 0.611149 0.610793 0.610327 0.610294
0.610414 0.610430 0.610508 0.610456 0.610612 0.611004
0.611312 0.611764 0.612020 0.612327 0.612629 0.612618
0.612915 0.613432 0.613897 0.614344 0.615030 0.615890
0.616619 0.617374 0.618209 0.618837 0.619334 0.619860
0.620245 0.620394 0.620475 0.620694 0.620888 0.621073
0.621155 0.621137 0.621053 0.621010 0.621357 0.621777
0.621921 0.622128 0.622546 0.622966 0.623366 0.623943
0.624592 0.624980 0.625094 0.625106 0.625045 0.625239
0.625690 0.625861 0.626155 0.626536 0.626494 0.626262
0.626097 0.625975 0.626130 0.626436 0.626535 0.626574
0.626648 0.626768 0.626722 0.626485 0.626246 0.625995
0.625766 0.625573 0.625367 0.624983 0.624397 0.623748
0.623283 0.623025 0.623011 0.623116 0.622972 0.622757
0.622650 0.622629 0.622620 0.622574 0.622714 0.622960
0.623301 0.623769 0.624161 0.624458 0.624631 0.624784
0.624808 0.624441 0.624156 0.624210 0.624022 0.623799
0.623750 0.623515 0.623052 0.622756 0.622709 0.622377
0.621800 0.621332 0.620990 0.620689 0.620264 0.619665
0.618797 0.617975 0.617612 0.617364 0.617067 0.616927
0.616760 0.616781 0.616901 0.616735 0.616448 0.616113
0.615827 0.615558 0.615449 0.615300 0.615042 0.614974
0.615020 0.615176 0.615296 0.615456 0.615936 0.616538
0.617049 0.617230 0.617160 0.617222 0.617319 0.617220
0.617036 0.616622 0.616368 0.616102 0.615749 0.615856
0.615910 0.615894 0.615982 0.615878 0.615600 0.615502
0.615406 0.614894 0.614499 0.607630 0.607854 0.607920
0.607691 0.607770 0.607955 0.608412 0.609299 0.610037
0.610828 0.611581 0.611772 0.611393 0.611001 0.610825
0.610576 0.610209 0.609983 0.609879 0.609970 0.610356
0.610493 0.610794 0.611084 0.611269 0.611584 0.611732
0.612086 0.612444 0.612495 0.612785 0.613377 0.613923
0.614463 0.615105 0.615876 0.616606 0.617474 0.618406
0.619111 0.619557 0.619995 0.620535 0.620687 0.620725
0.620959 0.621163 0.621268 0.621220 0.621152 0.621090
0.621137 0.621565 0.622081 0.622296 0.622375 0.622553
0.622771 0.623098 0.623629 0.624160 0.624596 0.624890
0.625043 0.625045 0.625147 0.625376 0.625548 0.625816
0.626085 0.626167 0.626091 0.626093 0.626139 0.626248
0.626468 0.626576 0.626606 0.626594 0.626650 0.626603
0.626389 0.626206 0.626019 0.625794 0.625541 0.625291
0.624920 0.624363 0.623746 0.623325 0.623102 0.623093
0.623001 0.622625 0.622417 0.622320 0.622295 0.622301
0.622262 0.622446 0.622703 0.623115 0.623651 0.624048
0.624338 0.624437 0.624587 0.624633 0.624317 0.624085
0.624143 0.624058 0.623934 0.623854 0.623425 0.622870
0.622566 0.622421 0.622121 0.621719 0.621357 0.621061
0.620626 0.620094 0.619467 0.618643 0.617934 0.617560
0.617293 0.616990 0.616643 0.616363 0.616444 0.616529
0.616452 0.616114 0.615549 0.615364 0.615233 0.615123
0.615059 0.614908 0.614765 0.614798 0.614992 0.615095
0.615381 0.615771 0.616196 0.616656 0.616811 0.616733
0.616729 0.616703 0.616585 0.616318 0.615910 0.615720
0.615539 0.615311 0.615300 0.615280 0.615339 0.615426
0.615235 0.614813 0.614555 0.614342 0.613776 0.613399
0.607672 0.607885 0.608123 0.608106 0.608050 0.608040
0.608314 0.609048 0.609879 0.610627 0.611277 0.611543
0.611161 0.610771 0.610674 0.610609 0.610463 0.610138
0.609870 0.609910 0.610359 0.610590 0.610677 0.610828
0.611087 0.611249 0.611319 0.611820 0.612399 0.612744
0.613016 0.613531 0.614137 0.614697 0.615315 0.616031
0.616766 0.617636 0.618489 0.619201 0.619669 0.620041
0.620624 0.620839 0.620894 0.621123 0.621284 0.621331
0.621314 0.621295 0.621339 0.621382 0.621714 0.622139
0.622310 0.622422 0.622434 0.622585 0.622941 0.623371
0.623820 0.624259 0.624564 0.624804 0.624981 0.625106
0.625212 0.625371 0.625585 0.625707 0.625843 0.625935
0.626052 0.626208 0.626292 0.626427 0.626561 0.626579
0.626558 0.626627 0.626625 0.626492 0.626221 0.625967
0.625755 0.625497 0.625176 0.624779 0.624327 0.623749
0.623332 0.623089 0.622919 0.622632 0.622389 0.622283
0.622059 0.621988 0.622049 0.622068 0.622212 0.622435
0.622872 0.623456 0.623764 0.623936 0.624136 0.624417
0.624442 0.624182 0.624008 0.623923 0.623840 0.623775
0.623578 0.623168 0.622873 0.622625 0.622251 0.621853
0.621505 0.621218 0.620883 0.620363 0.619904 0.619386
0.618652 0.617893 0.617276 0.616971 0.616904 0.616572
0.616139 0.616052 0.615990 0.615914 0.615621 0.615150
0.615033 0.614956 0.614858 0.614896 0.614849 0.614688
0.614681 0.614985 0.615239 0.615504 0.615681 0.615839
0.616328 0.616570 0.616345 0.616169 0.616108 0.615960
0.615528 0.615112 0.615015 0.614980 0.614951 0.614824
0.614648 0.614744 0.614847 0.614619 0.614183 0.613805
0.613410 0.612761 0.612375 0.607765 0.608005 0.608229
0.608260 0.608187 0.608136 0.608464 0.609077 0.609690
0.610178 0.610643 0.610915 0.610856 0.610743 0.610663
0.610504 0.610375 0.610130 0.609922 0.609979 0.610249
0.610515 0.610562 0.610785 0.611061 0.611114 0.611196
0.611697 0.612351 0.612890 0.613339 0.613774 0.614400
0.615095 0.615736 0.616415 0.617162 0.617975 0.618773
0.619450 0.619931 0.620196 0.620582 0.620938 0.621108
0.621200 0.621279 0.621434 0.621547 0.621522 0.621663
0.621860 0.622109 0.622235 0.622296 0.622440 0.622397
0.622576 0.622936 0.623364 0.623848 0.624207 0.624450
0.624747 0.624980 0.625057 0.625190 0.625352 0.625531
0.625590 0.625629 0.625866 0.626073 0.626169 0.626245
0.626270 0.626457 0.626650 0.626710 0.626842 0.626913
0.626754 0.626344 0.626046 0.625741 0.625329 0.624948
0.624639 0.624231 0.623638 0.623182 0.622908 0.622687
0.622358 0.622231 0.622177 0.621886 0.621772 0.621847
0.621838 0.621905 0.622124 0.622602 0.623190 0.623476
0.623537 0.623759 0.624059 0.623998 0.623822 0.623758
0.623668 0.623509 0.623267 0.623093 0.622951 0.622830
0.622579 0.622103 0.621602 0.621093 0.620798 0.620541
0.620075 0.619679 0.619203 0.618616 0.617926 0.617124
0.616837 0.616940 0.616607 0.616027 0.615583 0.615315
0.615279 0.615090 0.614760 0.614675 0.614611 0.614605
0.614712 0.614680 0.614650 0.614779 0.615044 0.615259
0.615400 0.615464 0.615562 0.615825 0.615949 0.615750
0.615602 0.615458 0.615160 0.614854 0.614550 0.614489
0.614481 0.614420 0.614253 0.613996 0.614048 0.614049
0.613692 0.613436 0.613316 0.612745 0.611854 0.611425
0.607877 0.608136 0.608319 0.608107 0.607991 0.608157
0.608497 0.608859 0.609199 0.609569 0.609833 0.610078
0.610556 0.610734 0.610462 0.610165 0.610020 0.609864
0.609789 0.609920 0.610014 0.610324 0.610493 0.610765
0.610971 0.610920 0.611113 0.611546 0.612143 0.612763
0.613460 0.613964 0.614585 0.615499 0.616244 0.616905
0.617625 0.618449 0.619308 0.619874 0.620242 0.620430
0.620674 0.621000 0.621122 0.621138 0.621208 0.621555
0.621780 0.621694 0.621909 0.622225 0.622382 0.622419
0.622530 0.622690 0.622669 0.622642 0.622885 0.623440
0.623775 0.623934 0.624349 0.624734 0.624867 0.624860
0.624997 0.625260 0.625472 0.625531 0.625567 0.625868
0.626126 0.626200 0.626337 0.626394 0.626510 0.626795
0.626988 0.627098 0.627042 0.626809 0.626372 0.625912
0.625516 0.625069 0.624700 0.624488 0.624147 0.623592
0.623013 0.622616 0.622405 0.622147 0.621969 0.621808
0.621638 0.621577 0.621547 0.621491 0.621570 0.621844
0.622272 0.622738 0.623043 0.623234 0.623378 0.623513
0.623492 0.623349 0.623332 0.623382 0.623299 0.623040
0.622802 0.622633 0.622501 0.622317 0.621811 0.621172
0.620672 0.620321 0.619958 0.619590 0.619375 0.619022
0.618568 0.618013 0.617261 0.616926 0.616779 0.616237
0.615765 0.615378 0.614972 0.614846 0.614607 0.614274
0.614271 0.614270 0.614203 0.614294 0.614423 0.614668
0.614905 0.615003 0.615094 0.615138 0.615188 0.615309
0.615294 0.615102 0.615067 0.614960 0.614648 0.614357
0.614297 0.614236 0.614133 0.614034 0.613960 0.613766
0.613418 0.613407 0.613305 0.612981 0.612793 0.612626
0.612010 0.611093 0.610662 0.607948 0.608218 0.608343
0.608164 0.607971 0.607883 0.608101 0.608476 0.608748
0.608824 0.608927 0.609216 0.609728 0.610069 0.609950
0.609800 0.609916 0.609752 0.609731 0.609996 0.609922
0.610072 0.610322 0.610537 0.610637 0.610603 0.610828
0.611352 0.611925 0.612539 0.613449 0.614168 0.614906
0.615913 0.616724 0.617342 0.618002 0.618842 0.619558
0.620069 0.620519 0.620700 0.620836 0.621031 0.621057
0.621064 0.621229 0.621641 0.621951 0.621952 0.622082
0.622250 0.622317 0.622496 0.622789 0.622904 0.622793
0.622653 0.622869 0.623358 0.623593 0.623789 0.624192
0.624550 0.624669 0.624644 0.624726 0.625001 0.625237
0.625315 0.625509 0.625862 0.626053 0.626160 0.626394
0.626544 0.626579 0.626759 0.626947 0.627012 0.626839
0.626509 0.626028 0.625451 0.625067 0.624736 0.624471
0.624243 0.623982 0.623552 0.622863 0.622377 0.622194
0.621985 0.621728 0.621448 0.621263 0.621177 0.621084
0.621105 0.621235 0.621456 0.621807 0.622194 0.622525
0.622724 0.622792 0.622914 0.622995 0.622969 0.622915
0.622871 0.622884 0.622788 0.622426 0.622084 0.621907
0.621698 0.621317 0.620829 0.620488 0.620091 0.619485
0.619119 0.619056 0.618693 0.618244 0.617817 0.617182
0.616783 0.616445 0.615851 0.615412 0.615094 0.614604
0.614290 0.614055 0.613835 0.613900 0.613912 0.613926
0.614114 0.614330 0.614643 0.614803 0.614801 0.614796
0.614812 0.614867 0.614790 0.614573 0.614421 0.614472
0.614228 0.613812 0.613699 0.613762 0.613634 0.613438
0.613378 0.613376 0.613270 0.613026 0.612982 0.612944
0.612761 0.612333 0.611706 0.611166 0.610652 0.610378
0.607903 0.607963 0.608168 0.608309 0.608196 0.607774
0.607507 0.607765 0.608010 0.608134 0.608444 0.608709
0.609038 0.609442 0.609510 0.609419 0.609496 0.609525
0.609639 0.609805 0.609719 0.609852 0.610167 0.610348
0.610552 0.610658 0.610827 0.611412 0.611916 0.612421
0.613399 0.614412 0.615398 0.616420 0.617108 0.617624
0.618283 0.618985 0.619557 0.620181 0.620741 0.620887
0.620893 0.621027 0.621058 0.621066 0.621365 0.621765
0.622079 0.622339 0.622487 0.622482 0.622446 0.622638
0.623056 0.623183 0.622976 0.622776 0.622873 0.623097
0.623335 0.623693 0.624008 0.624331 0.624409 0.624452
0.624548 0.624721 0.625004 0.625111 0.625373 0.625727
0.625803 0.626012 0.626404 0.626579 0.626606 0.626657
0.626762 0.626822 0.626647 0.626261 0.625760 0.625166
0.624715 0.624447 0.624231 0.624043 0.623797 0.623350
0.622682 0.622169 0.621957 0.621784 0.621482 0.621171
0.620879 0.620700 0.620664 0.620661 0.620754 0.620921
0.621143 0.621426 0.621874 0.622123 0.622219 0.622294
0.622326 0.622564 0.622540 0.622353 0.622431 0.622422
0.622085 0.621733 0.621518 0.621196 0.620840 0.620513
0.620235 0.619836 0.619326 0.618944 0.618647 0.618185
0.617869 0.617556 0.616897 0.616389 0.616101 0.615655
0.615057 0.614548 0.614006 0.613583 0.613406 0.613351
0.613384 0.613441 0.613679 0.613974 0.614334 0.614651
0.614577 0.614495 0.614496 0.614411 0.614353 0.614267
0.614089 0.614008 0.613911 0.613634 0.613359 0.613211
0.613169 0.613029 0.612872 0.612809 0.612699 0.612613
0.612584 0.612527 0.612439 0.612260 0.611759 0.611201
0.610713 0.610212 0.609992 0.607885 0.607789 0.608073
0.608389 0.608287 0.607763 0.607187 0.607269 0.607395
0.607566 0.608025 0.608497 0.608784 0.608969 0.609132
0.609192 0.609146 0.609174 0.609395 0.609609 0.609705
0.609913 0.610289 0.610402 0.610660 0.610987 0.611305
0.611834 0.612196 0.612730 0.613594 0.614603 0.615629
0.616514 0.617162 0.617643 0.618162 0.618861 0.619675
0.620417 0.620976 0.621145 0.621028 0.621215 0.621241
0.621133 0.621482 0.621826 0.622182 0.622523 0.622745
0.622963 0.623037 0.623168 0.623506 0.623530 0.623242
0.622980 0.622789 0.622741 0.623076 0.623533 0.623643
0.623766 0.623983 0.624141 0.624191 0.624418 0.624776
0.624993 0.625223 0.625443 0.625573 0.625880 0.626348
0.626668 0.626700 0.626558 0.626570 0.626617 0.626519
0.626188 0.625671 0.625039 0.624443 0.624119 0.623990
0.623902 0.623657 0.623100 0.622422 0.621944 0.621609
0.621424 0.621215 0.620914 0.620644 0.620444 0.620273
0.620104 0.620062 0.620159 0.620331 0.620536 0.621013
0.621481 0.621729 0.621726 0.621782 0.622163 0.622299
0.622147 0.622163 0.622105 0.621777 0.621446 0.621300
0.621042 0.620525 0.620070 0.619752 0.619496 0.619235
0.618669 0.618119 0.617793 0.617492 0.617071 0.616453
0.615988 0.615690 0.615278 0.614575 0.613935 0.613447
0.612943 0.612692 0.612656 0.612679 0.612845 0.613146
0.613630 0.614181 0.614423 0.614160 0.614047 0.614185
0.614018 0.613886 0.613883 0.613746 0.613535 0.613275
0.613059 0.612914 0.612768 0.612765 0.612729 0.612621
0.612335 0.612081 0.612016 0.612012 0.612052 0.611891
0.611567 0.611176 0.610985 0.610640 0.609991 0.609670
0.608491 0.608439 0.608356 0.608390 0.608155 0.607456
0.607152 0.607281 0.607262 0.607200 0.607445 0.608134
0.608462 0.608598 0.608942 0.609095 0.608963 0.608995
0.609429 0.609796 0.609974 0.610299 0.610759 0.610902
0.611079 0.611431 0.611890 0.612389 0.612746 0.613212
0.613885 0.614767 0.615658 0.616409 0.617073 0.617554
0.618010 0.618751 0.619840 0.620751 0.621138 0.621250
0.621221 0.621538 0.621728 0.621544 0.621579 0.621775
0.622214 0.622580 0.622917 0.623388 0.623631 0.623638
0.623650 0.623576 0.623348 0.623140 0.622872 0.622707
0.622887 0.623180 0.623121 0.623045 0.623410 0.623750
0.623923 0.624206 0.624440 0.624735 0.625021 0.625131
0.625407 0.625776 0.626106 0.626475 0.626527 0.626252
0.626177 0.626271 0.626317 0.626041 0.625447 0.624818
0.624271 0.623903 0.623740 0.623524 0.623108 0.622544
0.621962 0.621625 0.621327 0.621054 0.620916 0.620662
0.620455 0.620265 0.619973 0.619721 0.619467 0.619368
0.619509 0.619795 0.620214 0.620654 0.620943 0.621137
0.621425 0.621738 0.621971 0.621942 0.621790 0.621660
0.621423 0.621137 0.620999 0.620803 0.620288 0.619817
0.619438 0.619195 0.618989 0.618327 0.617801 0.617554
0.616963 0.616384 0.615956 0.615602 0.615113 0.614537
0.613962 0.613314 0.612757 0.612251 0.612052 0.612054
0.612112 0.612308 0.612638 0.613308 0.613918 0.613993
0.613609 0.613438 0.613637 0.613579 0.613398 0.613305
0.613043 0.612802 0.612675 0.612546 0.612334 0.612179
0.612266 0.612120 0.611959 0.611645 0.611446 0.611532
0.611600 0.611808 0.611647 0.611209 0.610781 0.610579
0.610334 0.609823 0.609565 0.609063 0.608941 0.608607
0.608216 0.607681 0.607295 0.607421 0.607481 0.607348
0.607302 0.607427 0.607930 0.608355 0.608604 0.608976
0.609182 0.609036 0.609167 0.609739 0.610183 0.610469
0.610896 0.611348 0.611516 0.611603 0.611928 0.612470
0.612874 0.613251 0.613753 0.614345 0.615014 0.615683
0.616373 0.616982 0.617541 0.618184 0.618775 0.619636
0.620559 0.621019 0.621265 0.621379 0.621552 0.621861
0.621962 0.621843 0.621896 0.622179 0.622624 0.623145
0.623511 0.623676 0.623664 0.623601 0.623577 0.623474
0.623206 0.622859 0.622676 0.622548 0.622615 0.622763
0.622865 0.623094 0.623291 0.623509 0.623835 0.624167
0.624455 0.624751 0.624897 0.625168 0.625549 0.625817
0.626087 0.626148 0.625973 0.625851 0.625859 0.625875
0.625621 0.625080 0.624583 0.624189 0.623762 0.623435
0.623047 0.622533 0.622006 0.621522 0.621278 0.621041
0.620772 0.620604 0.620442 0.620287 0.620043 0.619835
0.619527 0.619084 0.618906 0.618997 0.619263 0.619583
0.619850 0.620034 0.620380 0.620779 0.621010 0.621202
0.621215 0.621194 0.621129 0.620941 0.620825 0.620811
0.620648 0.620196 0.619664 0.619243 0.618952 0.618597
0.618186 0.617791 0.617213 0.616445 0.615860 0.615404
0.615018 0.614462 0.613769 0.613272 0.612695 0.612101
0.611747 0.611693 0.611800 0.611913 0.612039 0.612406
0.612897 0.613320 0.613458 0.613108 0.612818 0.612831
0.612893 0.612851 0.612667 0.612259 0.612170 0.612236
0.611997 0.611750 0.611640 0.611664 0.611521 0.611358
0.611020 0.610746 0.610920 0.611058 0.611181 0.611151
0.610868 0.610481 0.610094 0.609660 0.609290 0.609221
0.609250 0.609341 0.609054 0.608323 0.607628 0.607372
0.607776 0.608044 0.607825 0.607724 0.607756 0.608096
0.608667 0.608968 0.609168 0.609280 0.609432 0.609817
0.610214 0.610590 0.611037 0.611441 0.611796 0.612032
0.612162 0.612419 0.612913 0.613282 0.613800 0.614480
0.614924 0.615306 0.615730 0.616289 0.616955 0.617645
0.618274 0.618815 0.619410 0.620088 0.620715 0.621259
0.621495 0.621574 0.621721 0.621791 0.621842 0.621999
0.622231 0.622574 0.622987 0.623284 0.623379 0.623492
0.623570 0.623585 0.623498 0.623109 0.622668 0.622540
0.622321 0.622288 0.622548 0.622720 0.622887 0.622940
0.623057 0.623457 0.623977 0.624300 0.624567 0.624718
0.624813 0.625077 0.625469 0.625820 0.626029 0.625975
0.625623 0.625406 0.625298 0.624939 0.624531 0.624151
0.623805 0.623369 0.622950 0.622641 0.622273 0.621766
0.621336 0.621206 0.620951 0.620660 0.620490 0.620390
0.620208 0.619814 0.619525 0.619134 0.618656 0.618520
0.618666 0.618877 0.619065 0.619235 0.619345 0.619608
0.620005 0.620291 0.620458 0.620507 0.620628 0.620701
0.620657 0.620626 0.620649 0.620395 0.619837 0.619378
0.618979 0.618632 0.618306 0.618075 0.617628 0.616773
0.616110 0.615627 0.615020 0.614477 0.614000 0.613360
0.612741 0.612113 0.611572 0.611390 0.611395 0.611580
0.611799 0.611916 0.612231 0.612545 0.612700 0.612796
0.612617 0.612337 0.612139 0.612244 0.612389 0.612011
0.611550 0.611611 0.611791 0.611587 0.611285 0.611104
0.611113 0.611054 0.610847 0.610542 0.610185 0.610287
0.610381 0.610330 0.610383 0.610278 0.609981 0.609585
0.609141 0.608831 0.608795 0.609558 0.609645 0.609203
0.608526 0.608104 0.607821 0.608278 0.608735 0.608635
0.608422 0.608355 0.608578 0.608929 0.609290 0.609417
0.609289 0.609547 0.610120 0.610608 0.610997 0.611440
0.611857 0.612159 0.612489 0.612750 0.612949 0.613317
0.613868 0.614589 0.615255 0.615453 0.615604 0.616114
0.616749 0.617366 0.617924 0.618428 0.619056 0.619676
0.620158 0.620568 0.621036 0.621419 0.621605 0.621652
0.621593 0.621695 0.621955 0.622273 0.622530 0.622718
0.622966 0.623178 0.623373 0.623376 0.623304 0.623313
0.622998 0.622518 0.622383 0.622228 0.622062 0.622149
0.622294 0.622535 0.622865 0.623197 0.623557 0.623840
0.624069 0.624238 0.624318 0.624351 0.624558 0.625108
0.625705 0.626001 0.625859 0.625362 0.624892 0.624625
0.624231 0.623898 0.623515 0.623218 0.622922 0.622447
0.622193 0.621935 0.621506 0.621241 0.621175 0.620959
0.620648 0.620439 0.620262 0.620017 0.619641 0.619206
0.618739 0.618301 0.618110 0.618216 0.618447 0.618584
0.618719 0.618942 0.619235 0.619529 0.619663 0.619782
0.619968 0.620068 0.620133 0.620294 0.620361 0.620266
0.619803 0.619169 0.618949 0.618725 0.618361 0.618128
0.617795 0.617207 0.616546 0.616007 0.615477 0.614921
0.614335 0.613631 0.612949 0.612255 0.611495 0.611009
0.610969 0.611000 0.611164 0.611542 0.611654 0.611862
0.612276 0.612450 0.612438 0.612256 0.612074 0.611986
0.612057 0.611959 0.611591 0.611326 0.611180 0.611221
0.611224 0.610962 0.610529 0.610358 0.610321 0.610127
0.609987 0.609811 0.609862 0.609921 0.609847 0.609814
0.609670 0.609383 0.609089 0.608899 0.608651 0.608498
0.610118 0.609721 0.609006 0.608707 0.608565 0.608501
0.608771 0.609023 0.609281 0.609202 0.609151 0.609306
0.609268 0.609535 0.609827 0.609795 0.609869 0.610284
0.611008 0.611710 0.612200 0.612396 0.612596 0.612899
0.613187 0.613547 0.613970 0.614496 0.615076 0.615819
0.616091 0.616144 0.616629 0.617197 0.617634 0.618208
0.618823 0.619376 0.619940 0.620353 0.620583 0.620831
0.621227 0.621451 0.621505 0.621754 0.621905 0.621872
0.622130 0.622462 0.622635 0.622808 0.623026 0.623151
0.623045 0.622876 0.622939 0.622793 0.622423 0.622257
0.622132 0.621867 0.621585 0.621689 0.622011 0.622653
0.623319 0.623562 0.623565 0.623591 0.623657 0.623698
0.623726 0.623986 0.624665 0.625327 0.625590 0.625391
0.624916 0.624321 0.623964 0.623709 0.623313 0.622971
0.622812 0.622534 0.622136 0.621867 0.621623 0.621358
0.621134 0.620920 0.620635 0.620322 0.620042 0.619824
0.619658 0.619463 0.619008 0.618423 0.618119 0.617908
0.617818 0.618000 0.618171 0.618349 0.618619 0.618960
0.619140 0.619047 0.619077 0.619311 0.619505 0.619539
0.619550 0.619747 0.619781 0.619342 0.618858 0.618667
0.618480 0.618183 0.617893 0.617497 0.616903 0.616267
0.615799 0.615250 0.614616 0.613957 0.613140 0.612494
0.611810 0.610961 0.610577 0.610654 0.610716 0.610913
0.611361 0.611484 0.611627 0.612021 0.612112 0.612105
0.612145 0.612046 0.612014 0.611999 0.611659 0.611408
0.611320 0.611021 0.610876 0.610850 0.610633 0.610165
0.609804 0.609710 0.609588 0.609598 0.609571 0.609449
0.609488 0.609648 0.609651 0.609456 0.609208 0.608873
0.608737 0.608567 0.608332 0.610440 0.610146 0.609594
0.609341 0.609325 0.609281 0.609170 0.609141 0.609349
0.609423 0.609412 0.609572 0.609758 0.610033 0.610300
0.610364 0.610422 0.610830 0.611495 0.612204 0.612647
0.612729 0.612950 0.613202 0.613502 0.613980 0.614551
0.615022 0.615464 0.616130 0.616438 0.616620 0.616967
0.617325 0.617610 0.618335 0.619159 0.619588 0.620019
0.620377 0.620627 0.620915 0.621223 0.621254 0.621404
0.621902 0.622074 0.621851 0.622010 0.622336 0.622488
0.622659 0.622817 0.622814 0.622647 0.622581 0.622702
0.622630 0.622362 0.622202 0.621958 0.621607 0.621326
0.621320 0.621645 0.622326 0.622908 0.623076 0.623092
0.623009 0.622984 0.623012 0.623061 0.623397 0.624033
0.624469 0.624687 0.624639 0.624222 0.623759 0.623469
0.623308 0.623028 0.622763 0.622615 0.622277 0.621964
0.621690 0.621404 0.621166 0.620906 0.620626 0.620238
0.619949 0.619712 0.619475 0.619383 0.619291 0.618861
0.618235 0.617870 0.617671 0.617568 0.617640 0.617735
0.617919 0.618246 0.618568 0.618673 0.618622 0.618671
0.618782 0.618937 0.619132 0.619134 0.619246 0.619365
0.619057 0.618721 0.618534 0.618243 0.617875 0.617516
0.617162 0.616708 0.615995 0.615406 0.614860 0.614147
0.613383 0.612597 0.612098 0.611521 0.610750 0.610450
0.610599 0.610782 0.611002 0.611394 0.611541 0.611602
0.611890 0.612018 0.612231 0.612349 0.612083 0.611898
0.611826 0.611683 0.611427 0.611285 0.611171 0.611069
0.610788 0.610294 0.609937 0.609624 0.609462 0.609329
0.609301 0.609223 0.608970 0.609074 0.609365 0.609385
0.609203 0.609091 0.608840 0.608624 0.608403 0.608155
0.610260 0.610072 0.609849 0.609880 0.609885 0.609814
0.609604 0.609351 0.609190 0.609193 0.609324 0.609640
0.610046 0.610480 0.610855 0.610910 0.611088 0.611579
0.611989 0.612397 0.612774 0.612933 0.613218 0.613667
0.614103 0.614485 0.614967 0.615504 0.615854 0.616207
0.616632 0.616943 0.617137 0.617380 0.617699 0.618354
0.619135 0.619570 0.619912 0.620314 0.620658 0.620932
0.621090 0.621110 0.621468 0.621902 0.621896 0.621794
0.621927 0.622107 0.622231 0.622311 0.622323 0.622227
0.622189 0.622402 0.622560 0.622385 0.622082 0.621893
0.621550 0.621215 0.621255 0.621324 0.621713 0.622286
0.622464 0.622472 0.622404 0.622310 0.622220 0.622232
0.622482 0.622847 0.623237 0.623525 0.623732 0.623754
0.623526 0.623227 0.622889 0.622670 0.622665 0.622550
0.622349 0.622119 0.621785 0.621476 0.621165 0.620927
0.620696 0.620443 0.620160 0.619991 0.619807 0.619500
0.619335 0.619154 0.618633 0.617989 0.617536 0.617365
0.617291 0.617218 0.617300 0.617555 0.618062 0.618394
0.618371 0.618448 0.618624 0.618576 0.618525 0.618706
0.618874 0.618879 0.618830 0.618715 0.618457 0.618175
0.618000 0.617741 0.617178 0.616621 0.616249 0.615705
0.614988 0.614283 0.613561 0.612828 0.612062 0.611514
0.611002 0.610568 0.610426 0.610601 0.610888 0.610918
0.611241 0.611593 0.611845 0.612047 0.612257 0.612686
0.612641 0.612294 0.611976 0.611838 0.612032 0.611840
0.611433 0.611244 0.611112 0.610681 0.610020 0.609706
0.609457 0.609251 0.609147 0.608990 0.608755 0.608564
0.608530 0.608582 0.608708 0.608709 0.608711 0.608651
0.608415 0.608094 0.607881 0.609994 0.609706 0.609597
0.609878 0.609865 0.609831 0.609749 0.609440 0.609225
0.609248 0.609334 0.609572 0.610066 0.610837 0.611382
0.611430 0.611664 0.612185 0.612404 0.612619 0.613151
0.613428 0.613566 0.613956 0.614546 0.614931 0.615207
0.615729 0.616026 0.616287 0.616952 0.617368 0.617381
0.617459 0.617840 0.618362 0.618840 0.619299 0.619797
0.620210 0.620638 0.620985 0.620972 0.621058 0.621439
0.621694 0.621662 0.621643 0.621764 0.621869 0.621985
0.622075 0.621994 0.621825 0.621839 0.622021 0.622075
0.621792 0.621587 0.621444 0.621089 0.620915 0.621038
0.621253 0.621676 0.622224 0.622314 0.622007 0.621846
0.621856 0.621651 0.621499 0.621814 0.622280 0.622581
0.622776 0.622880 0.622878 0.622912 0.622783 0.622420
0.622066 0.622014 0.622090 0.621936 0.621713 0.621449
0.621243 0.621005 0.620835 0.620680 0.620411 0.620169
0.620017 0.619820 0.619520 0.619341 0.619033 0.618409
0.617756 0.617320 0.617173 0.617025 0.616851 0.617053
0.617515 0.618006 0.618248 0.618228 0.618387 0.618691
0.618689 0.618590 0.618553 0.618517 0.618490 0.618447
0.618399 0.618229 0.617955 0.617778 0.617572 0.617092
0.616373 0.615699 0.615188 0.614566 0.613839 0.613054
0.612215 0.611456 0.610844 0.610543 0.610367 0.610285
0.610432 0.610558 0.610579 0.610845 0.611391 0.611930
0.612147 0.612240 0.612380 0.612391 0.612442 0.612461
0.612280 0.612228 0.612091 0.611666 0.611241 0.610890
0.610547 0.610048 0.609646 0.609335 0.609029 0.608887
0.608685 0.608355 0.608097 0.607810 0.607796 0.607922
0.607933 0.608061 0.608180 0.608060 0.607846 0.607775
0.609772 0.609595 0.609414 0.609484 0.609560 0.609649
0.609616 0.609403 0.609410 0.609573 0.609627 0.609778
0.610280 0.611108 0.611571 0.611622 0.611978 0.612394
0.612693 0.613082 0.613568 0.613867 0.613827 0.613986
0.614535 0.614892 0.615247 0.615789 0.616090 0.616451
0.617049 0.617483 0.617587 0.617810 0.618244 0.618597
0.618982 0.619421 0.619948 0.620315 0.620710 0.621159
0.621114 0.621026 0.621153 0.621407 0.621622 0.621597
0.621617 0.621682 0.621790 0.621926 0.621860 0.621761
0.621702 0.621603 0.621488 0.621276 0.621059 0.620879
0.620742 0.620715 0.620799 0.621173 0.621586 0.621838
0.621866 0.621570 0.621482 0.621419 0.621188 0.621083
0.621252 0.621720 0.622051 0.622156 0.622088 0.622151
0.622342 0.622264 0.622047 0.621764 0.621586 0.621528
0.621445 0.621263 0.621100 0.621060 0.620910 0.620714
0.620581 0.620362 0.620084 0.619955 0.619768 0.619448
0.619263 0.618838 0.618241 0.617695 0.617172 0.616934
0.616812 0.616799 0.617017 0.617405 0.617778 0.618019
0.618143 0.618288 0.618646 0.618749 0.618668 0.618713
0.618622 0.618551 0.618563 0.618394 0.618189 0.618010
0.617750 0.617443 0.617097 0.616460 0.615593 0.614940
0.614362 0.613651 0.612809 0.611899 0.611076 0.610508
0.610285 0.610085 0.610041 0.610185 0.610268 0.610331
0.610529 0.611049 0.611587 0.611914 0.611943 0.611847
0.611903 0.612094 0.612561 0.612581 0.612258 0.612084
0.611650 0.611119 0.610606 0.610346 0.610059 0.609637
0.609254 0.608815 0.608510 0.608300 0.607965 0.607536
0.607275 0.607340 0.607292 0.607221 0.607416 0.607728
0.607781 0.607645 0.607654 0.609736 0.609574 0.609255
0.609300 0.609499 0.609437 0.609313 0.609380 0.609681
0.609903 0.609980 0.610442 0.610960 0.611337 0.611691
0.611798 0.612234 0.612556 0.612913 0.613537 0.613868
0.614041 0.614070 0.614215 0.614499 0.614761 0.615343
0.615793 0.615998 0.616526 0.616968 0.617280 0.617578
0.618076 0.618620 0.618960 0.619352 0.619584 0.619815
0.620213 0.620656 0.621178 0.621248 0.620940 0.620892
0.621229 0.621540 0.621516 0.621445 0.621456 0.621570
0.621719 0.621600 0.621462 0.621338 0.621221 0.621184
0.621014 0.620815 0.620682 0.620649 0.620605 0.620628
0.620920 0.621329 0.621349 0.621131 0.620993 0.620911
0.620660 0.620603 0.620769 0.620818 0.621101 0.621460
0.621592 0.621515 0.621532 0.621623 0.621547 0.621491
0.621479 0.621290 0.620900 0.620821 0.620908 0.620839
0.620794 0.620709 0.620507 0.620356 0.620222 0.619976
0.619749 0.619444 0.619087 0.618781 0.618301 0.617811
0.617416 0.616928 0.616610 0.616632 0.616839 0.616990
0.617219 0.617541 0.617897 0.618167 0.618253 0.618437
0.618581 0.618697 0.618860 0.618963 0.618970 0.618857
0.618649 0.618414 0.618191 0.617867 0.617550 0.617107
0.616435 0.615558 0.614781 0.614215 0.613509 0.612624
0.611713 0.610805 0.610149 0.609764 0.609574 0.609767
0.609914 0.609996 0.609989 0.610155 0.610711 0.611238
0.611551 0.611645 0.611753 0.611823 0.611697 0.611860
0.612169 0.612134 0.611882 0.611366 0.610856 0.610360
0.610015 0.609727 0.609434 0.609153 0.608720 0.608337
0.607997 0.607665 0.607223 0.606874 0.606893 0.606930
0.606965 0.607315 0.607735 0.607843 0.607815 0.607861
0.609856 0.609716 0.609323 0.609160 0.609191 0.609106
0.609140 0.609344 0.609818 0.610232 0.610361 0.610861
0.611282 0.611512 0.611905 0.612216 0.612739 0.612994
0.613081 0.613545 0.613923 0.614155 0.614307 0.614349
0.614507 0.614841 0.615337 0.615675 0.616033 0.616617
0.617010 0.617412 0.617899 0.618290 0.618586 0.618838
0.619092 0.619271 0.619461 0.619785 0.620204 0.620738
0.621045 0.620894 0.620777 0.621007 0.621238 0.621259
0.621207 0.621293 0.621415 0.621430 0.621266 0.621074
0.620898 0.620784 0.620794 0.620707 0.620701 0.620678
0.620492 0.620486 0.620556 0.620509 0.620757 0.620823
0.620606 0.620595 0.620531 0.620372 0.620359 0.620378
0.620376 0.620477 0.620671 0.620904 0.621011 0.621013
0.621023 0.620923 0.620807 0.620772 0.620621 0.620301
0.620254 0.620455 0.620380 0.620229 0.620212 0.620052
0.619912 0.619808 0.619639 0.619372 0.618872 0.618332
0.617979 0.617686 0.617287 0.616935 0.616567 0.616360
0.616586 0.616834 0.616970 0.617229 0.617505 0.617819
0.618109 0.618228 0.618394 0.618567 0.618664 0.618784
0.618859 0.618935 0.618836 0.618611 0.618498 0.618348
0.617973 0.617582 0.617050 0.616273 0.615318 0.614493
0.613975 0.613384 0.612524 0.611539 0.610549 0.609720
0.609241 0.609110 0.609336 0.609428 0.609517 0.609633
0.609908 0.610424 0.610980 0.611357 0.611476 0.611707
0.611735 0.611347 0.611021 0.611276 0.611530 0.611347
0.611007 0.610466 0.609943 0.609724 0.609426 0.609117
0.608825 0.608480 0.608050 0.607462 0.606984 0.606636
0.606471 0.606697 0.606992 0.607079 0.607452 0.607986
0.608213 0.608291 0.608359 0.610122 0.610030 0.609707
0.609282 0.608939 0.608932 0.609103 0.609399 0.610129
0.610634 0.610754 0.611037 0.611270 0.611606 0.612141
0.612632 0.613120 0.613353 0.613355 0.613553 0.613820
0.614136 0.614326 0.614359 0.614600 0.614878 0.615195
0.615597 0.616154 0.616726 0.617158 0.617700 0.618146
0.618498 0.618628 0.618551 0.618756 0.619080 0.619343
0.619595 0.619916 0.620389 0.620836 0.620854 0.620729
0.620921 0.621026 0.620906 0.620819 0.620894 0.620995
0.620841 0.620818 0.620733 0.620484 0.620299 0.620098
0.620090 0.620141 0.620191 0.620151 0.620257 0.620385
0.620185 0.620140 0.620116 0.620067 0.620250 0.620233
0.620144 0.620151 0.620117 0.620131 0.620036 0.619960
0.620200 0.620421 0.620482 0.620667 0.620572 0.620273
0.620067 0.619927 0.619878 0.619917 0.619966 0.619733
0.619505 0.619527 0.619520 0.619385 0.619224 0.619205
0.619057 0.618443 0.617776 0.617414 0.617109 0.616775
0.616413 0.616125 0.616180 0.616468 0.616746 0.617038
0.617399 0.617602 0.617679 0.617858 0.618085 0.618451
0.618702 0.618643 0.618696 0.618662 0.618621 0.618594
0.618455 0.618520 0.618429 0.618004 0.617526 0.616836
0.616021 0.615144 0.614338 0.613858 0.613297 0.612465
0.611544 0.610566 0.609696 0.609034 0.608826 0.608842
0.608769 0.609011 0.609367 0.609719 0.610189 0.610829
0.611291 0.611396 0.611489 0.611443 0.611023 0.610527
0.610521 0.610750 0.610701 0.610428 0.609903 0.609503
0.609357 0.609057 0.608697 0.608168 0.607743 0.607398
0.606842 0.606222 0.605859 0.606028 0.606530 0.607081
0.607310 0.607429 0.607823 0.608108 0.608219 0.608318
0.610190 0.610037 0.609807 0.609509 0.609229 0.609218
0.609250 0.609585 0.610343 0.610628 0.610645 0.610770
0.610998 0.611658 0.612489 0.613017 0.613227 0.613415
0.613439 0.613568 0.613825 0.614170 0.614382 0.614342
0.614551 0.614909 0.615239 0.615666 0.616426 0.617130
0.617468 0.617840 0.618224 0.618560 0.618597 0.618491
0.618715 0.619029 0.619334 0.619667 0.619907 0.620278
0.620700 0.620829 0.620832 0.620839 0.620771 0.620555
0.620288 0.620241 0.620303 0.620239 0.620404 0.620309
0.620029 0.619804 0.619397 0.619337 0.619403 0.619588
0.619690 0.619655 0.619715 0.619640 0.619591 0.619644
0.619670 0.619733 0.619649 0.619558 0.619611 0.619757
0.619903 0.619785 0.619652 0.619772 0.619945 0.619987
0.620045 0.619953 0.619802 0.619752 0.619722 0.619621
0.619607 0.619532 0.619222 0.619049 0.619065 0.619227
0.619078 0.618764 0.618726 0.618502 0.617877 0.617400
0.617110 0.616672 0.616394 0.616062 0.615828 0.615995
0.616229 0.616643 0.617156 0.617398 0.617532 0.617707
0.617933 0.618200 0.618528 0.618768 0.618769 0.618729
0.618587 0.618487 0.618557 0.618542 0.618516 0.618369
0.617920 0.617299 0.616495 0.615641 0.614913 0.614313
0.613807 0.613079 0.612220 0.611445 0.610618 0.609770
0.609080 0.608800 0.608567 0.608438 0.608669 0.609089
0.609519 0.609996 0.610690 0.611100 0.611271 0.611377
0.611187 0.610663 0.610130 0.609915 0.609895 0.609909
0.609848 0.609599 0.609339 0.609007 0.608552 0.608139
0.607505 0.607007 0.606912 0.606722 0.605986 0.605479
0.605729 0.606153 0.606605 0.607036 0.607380 0.607552
0.607629 0.607910 0.608141 0.610346 0.610139 0.609905
0.609730 0.609550 0.609627 0.609611 0.609740 0.610277
0.610556 0.610583 0.610479 0.610712 0.611653 0.612737
0.613448 0.613619 0.613611 0.613527 0.613636 0.614036
0.614434 0.614600 0.614447 0.614481 0.614955 0.615452
0.616023 0.616895 0.617555 0.617845 0.618025 0.618375
0.618537 0.618466 0.618575 0.618726 0.618880 0.619127
0.619547 0.619766 0.619917 0.620301 0.620681 0.620923
0.620836 0.620507 0.620153 0.619812 0.619696 0.619687
0.619740 0.619941 0.619823 0.619549 0.619283 0.618913
0.618730 0.618786 0.618973 0.619013 0.618987 0.618986
0.619075 0.619287 0.619358 0.619360 0.619223 0.618978
0.619017 0.619119 0.619193 0.619462 0.619509 0.619427
0.619523 0.619677 0.619666 0.619434 0.619220 0.619244
0.619355 0.619428 0.619333 0.619166 0.619076 0.618865
0.618718 0.618841 0.618952 0.618628 0.618248 0.618110
0.617864 0.617400 0.617133 0.616995 0.616619 0.616252
0.616008 0.615852 0.615870 0.616049 0.616522 0.617066
0.617310 0.617509 0.617792 0.618090 0.618314 0.618578
0.618790 0.618784 0.618754 0.618624 0.618562 0.618586
0.618604 0.618551 0.618285 0.617816 0.617029 0.616176
0.615418 0.614728 0.614237 0.613651 0.612748 0.611974
0.611375 0.610621 0.609703 0.609113 0.608914 0.608588
0.608523 0.608713 0.608993 0.609489 0.609962 0.610559
0.611093 0.611374 0.611400 0.610843 0.610105 0.609638
0.609312 0.609149 0.609071 0.609082 0.609052 0.608802
0.608432 0.607920 0.607319 0.606785 0.606338 0.606270
0.606408 0.605814 0.605206 0.605399 0.605756 0.606106
0.606497 0.606943 0.607077 0.607143 0.607624 0.607917
0.610667 0.610570 0.610455 0.610246 0.609908 0.609922
0.609964 0.610025 0.610353 0.610695 0.610913 0.610969
0.611264 0.612008 0.612930 0.613632 0.613978 0.613983
0.613968 0.614142 0.614324 0.614667 0.614857 0.614714
0.614848 0.615293 0.615737 0.616294 0.617130 0.617875
0.618288 0.618400 0.618526 0.618728 0.618810 0.618867
0.618771 0.618836 0.619120 0.619446 0.619669 0.619754
0.620016 0.620356 0.620687 0.620734 0.620313 0.619850
0.619581 0.619354 0.619180 0.619188 0.619389 0.619407
0.619148 0.618786 0.618497 0.618252 0.618083 0.618082
0.618309 0.618601 0.618558 0.618659 0.618977 0.618880
0.618751 0.618596 0.618380 0.618561 0.618696 0.618631
0.618848 0.619067 0.619091 0.619076 0.619097 0.619181
0.619021 0.618742 0.618761 0.618844 0.618790 0.618831
0.618765 0.618617 0.618445 0.618291 0.618456 0.618472
0.618079 0.617822 0.617726 0.617557 0.617237 0.616975
0.616869 0.616621 0.616215 0.615984 0.615881 0.615808
0.615925 0.616351 0.616791 0.617191 0.617568 0.617849
0.618091 0.618328 0.618657 0.618810 0.618805 0.618846
0.618886 0.618916 0.618724 0.618561 0.618499 0.618146
0.617571 0.616812 0.616047 0.615424 0.614741 0.614076
0.613442 0.612629 0.611881 0.611211 0.610447 0.609651
0.609264 0.609213 0.608909 0.608794 0.609058 0.609225
0.609600 0.610079 0.610532 0.610992 0.611218 0.611076
0.610389 0.609690 0.609226 0.608988 0.608909 0.608710
0.608579 0.608435 0.607993 0.607498 0.607128 0.606588
0.606012 0.605654 0.605564 0.605624 0.605375 0.604964
0.604946 0.605232 0.605660 0.605952 0.606082 0.606178
0.606458 0.607110 0.607458 0.610969 0.610907 0.610771
0.610430 0.610053 0.610013 0.610130 0.610267 0.610612
0.611019 0.611416 0.611912 0.612154 0.612524 0.613195
0.613681 0.614055 0.614318 0.614512 0.614665 0.614727
0.615058 0.615223 0.615084 0.615306 0.615682 0.616104
0.616552 0.617250 0.618114 0.618591 0.618663 0.618660
0.618971 0.619151 0.619053 0.618956 0.619074 0.619414
0.619707 0.619844 0.619896 0.619976 0.620150 0.620443
0.620422 0.619981 0.619624 0.619479 0.619277 0.619079
0.618986 0.619118 0.619194 0.618897 0.618544 0.618210
0.617793 0.617421 0.617390 0.617807 0.618102 0.618047
0.618058 0.618242 0.618249 0.618167 0.618039 0.617954
0.618155 0.618249 0.618111 0.618166 0.618319 0.618348
0.618250 0.618151 0.618460 0.618584 0.618350 0.618324
0.618354 0.618314 0.618291 0.618245 0.618027 0.617780
0.617812 0.617939 0.617859 0.617601 0.617447 0.617422
0.617298 0.617011 0.616728 0.616589 0.616536 0.616233
0.615869 0.615806 0.615751 0.615818 0.616203 0.616631
0.617033 0.617531 0.617966 0.618241 0.618549 0.618783
0.618894 0.618944 0.618935 0.619024 0.619099 0.618905
0.618581 0.618379 0.618043 0.617472 0.616718 0.615909
0.615282 0.614658 0.613951 0.613222 0.612445 0.611569
0.610714 0.610141 0.609772 0.609628 0.609679 0.609685
0.609654 0.609758 0.609768 0.609792 0.610138 0.610549
0.610742 0.610726 0.610428 0.609776 0.609139 0.608714
0.608659 0.608773 0.608578 0.608247 0.607804 0.607076
0.606552 0.606358 0.605970 0.605491 0.605096 0.604928
0.604995 0.605014 0.604789 0.604608 0.604829 0.605182
0.605462 0.605567 0.605520 0.605727 0.606420 0.606845
0.611237 0.611141 0.610944 0.610583 0.610147 0.610039
0.610244 0.610371 0.610825 0.611396 0.611771 0.612525
0.612981 0.613129 0.613552 0.613991 0.614337 0.614601
0.614883 0.615097 0.615249 0.615410 0.615531 0.615580
0.615630 0.615930 0.616367 0.616820 0.617469 0.618273
0.618758 0.618826 0.618889 0.619039 0.619091 0.619173
0.619432 0.619628 0.619676 0.619859 0.620012 0.620081
0.620182 0.620267 0.620440 0.620384 0.620032 0.619766
0.619545 0.619364 0.619178 0.618982 0.619073 0.619066
0.618663 0.618417 0.618083 0.617533 0.617219 0.617142
0.617501 0.617764 0.617586 0.617425 0.617502 0.617659
0.617509 0.617327 0.617533 0.617768 0.617658 0.617507
0.617592 0.617551 0.617366 0.617227 0.617266 0.617767
0.618065 0.617846 0.617669 0.617747 0.617980 0.617997
0.617776 0.617416 0.617146 0.617259 0.617467 0.617424
0.617193 0.617049 0.617030 0.616877 0.616586 0.616433
0.616371 0.616330 0.616161 0.615890 0.615765 0.615666
0.615670 0.615972 0.616493 0.617047 0.617524 0.617843
0.618126 0.618484 0.618662 0.618857 0.619001 0.619003
0.619066 0.619102 0.619103 0.618857 0.618514 0.618163
0.617560 0.616716 0.615838 0.615090 0.614427 0.613650
0.612817 0.612084 0.611188 0.610337 0.609936 0.609839
0.609930 0.610138 0.610341 0.610415 0.610409 0.610288
0.610065 0.610079 0.610350 0.610621 0.610645 0.610168
0.609435 0.608718 0.608310 0.608430 0.608563 0.608158
0.607542 0.606981 0.606258 0.605767 0.605492 0.605080
0.604774 0.604446 0.604253 0.604410 0.604665 0.604668
0.604568 0.604788 0.605013 0.605205 0.605253 0.605049
0.605116 0.605624 0.605937 0.611506 0.611432 0.611349
0.611056 0.610719 0.610558 0.610468 0.610386 0.610761
0.611435 0.611792 0.612448 0.613206 0.613682 0.614189
0.614630 0.614759 0.614718 0.615069 0.615436 0.615495
0.615533 0.615643 0.615754 0.615763 0.616160 0.616711
0.617150 0.617707 0.618433 0.618947 0.619145 0.619263
0.619218 0.619326 0.619499 0.619744 0.620051 0.620026
0.620013 0.620232 0.620363 0.620447 0.620521 0.620564
0.620538 0.620339 0.620105 0.619771 0.619452 0.619092
0.618796 0.618807 0.618731 0.618432 0.618197 0.617823
0.617320 0.617158 0.617159 0.617195 0.617273 0.617204
0.617031 0.617070 0.617155 0.616917 0.616700 0.616952
0.617167 0.616958 0.616844 0.616880 0.616685 0.616396
0.616165 0.616247 0.616806 0.617192 0.617050 0.616796
0.616942 0.617444 0.617711 0.617533 0.617040 0.616604
0.616653 0.616950 0.616984 0.616853 0.616804 0.616823
0.616703 0.616469 0.616295 0.616155 0.616100 0.616039
0.615911 0.615666 0.615555 0.615804 0.616102 0.616441
0.616953 0.617313 0.617585 0.617878 0.618223 0.618498
0.618720 0.618923 0.618968 0.619105 0.619231 0.619284
0.619125 0.618624 0.618113 0.617527 0.616734 0.615951
0.615162 0.614325 0.613299 0.612441 0.611803 0.610886
0.610057 0.609666 0.609666 0.610034 0.610462 0.610525
0.610471 0.610538 0.610479 0.610325 0.610202 0.610315
0.610553 0.610609 0.610177 0.609392 0.608734 0.608349
0.608314 0.608307 0.607787 0.607059 0.606460 0.605946
0.605519 0.604890 0.604233 0.603961 0.603849 0.603724
0.603832 0.604050 0.604289 0.604532 0.604670 0.604704
0.604736 0.604609 0.604429 0.604493 0.604783 0.604978
0.611659 0.611628 0.611515 0.611201 0.611089 0.611009
0.610707 0.610575 0.610760 0.611200 0.611593 0.612173
0.613032 0.613876 0.614588 0.615032 0.615100 0.615119
0.615514 0.615648 0.615475 0.615686 0.615994 0.615966
0.615845 0.616252 0.617046 0.617606 0.618034 0.618544
0.618999 0.619341 0.619535 0.619663 0.619795 0.619739
0.619802 0.620026 0.620150 0.620264 0.620392 0.620414
0.620530 0.620761 0.620887 0.620891 0.620699 0.620502
0.620170 0.619640 0.619003 0.618642 0.618606 0.618547
0.618366 0.617967 0.617554 0.617193 0.616973 0.617018
0.616831 0.616750 0.616902 0.616725 0.616646 0.616573
0.616420 0.616421 0.616514 0.616411 0.616140 0.616000
0.615817 0.615434 0.615153 0.615095 0.615165 0.615651
0.616107 0.616241 0.616214 0.616288 0.616590 0.616851
0.616752 0.616361 0.616078 0.616060 0.616244 0.616236
0.616238 0.616355 0.616440 0.616588 0.616517 0.616206
0.615873 0.615873 0.615936 0.615756 0.615549 0.615586
0.616048 0.616420 0.616469 0.616655 0.617027 0.617454
0.617939 0.618221 0.618325 0.618499 0.618809 0.618915
0.619017 0.619243 0.619292 0.619033 0.618547 0.618085
0.617508 0.616791 0.616022 0.615192 0.614359 0.613281
0.612352 0.611719 0.610873 0.610084 0.609761 0.609846
0.610142 0.610537 0.610661 0.610605 0.610707 0.610757
0.610683 0.610570 0.610531 0.610474 0.610312 0.609954
0.609230 0.608714 0.608647 0.608493 0.608177 0.607671
0.606955 0.606364 0.605935 0.605354 0.604464 0.603630
0.603378 0.603408 0.603232 0.603069 0.603155 0.603465
0.603855 0.604063 0.604053 0.604003 0.603896 0.603725
0.603576 0.603690 0.603853 0.611512 0.611591 0.611490
0.611267 0.611212 0.611129 0.610956 0.611024 0.611185
0.611245 0.611607 0.612272 0.613071 0.613865 0.614629
0.615169 0.615413 0.615683 0.615892 0.615862 0.615800
0.615999 0.616213 0.616067 0.616045 0.616481 0.617364
0.618127 0.618513 0.618774 0.619107 0.619483 0.619635
0.619851 0.619923 0.619804 0.619950 0.620112 0.620184
0.620400 0.620365 0.620247 0.620518 0.620865 0.621052
0.621059 0.620925 0.620787 0.620465 0.619852 0.619164
0.618741 0.618559 0.618427 0.618318 0.617945 0.617456
0.617004 0.616669 0.616592 0.616468 0.616430 0.616554
0.616363 0.616123 0.615952 0.615813 0.615898 0.615830
0.615544 0.615276 0.614890 0.614538 0.614134 0.613753
0.613844 0.614070 0.614522 0.615044 0.615382 0.615549
0.615513 0.615586 0.615672 0.615529 0.615370 0.615422
0.615496 0.615604 0.615617 0.615642 0.615750 0.615791
0.616150 0.616248 0.615890 0.615653 0.615681 0.615597
0.615423 0.615454 0.615682 0.616072 0.616374 0.616482
0.616661 0.617010 0.617362 0.617800 0.618042 0.618101
0.618347 0.618717 0.618954 0.619091 0.619260 0.619286
0.618940 0.618507 0.618120 0.617430 0.616750 0.615995
0.615065 0.614322 0.613325 0.612305 0.611683 0.611028
0.610330 0.610124 0.610282 0.610455 0.610645 0.610706
0.610761 0.610985 0.611092 0.610987 0.610801 0.610585
0.610266 0.609977 0.609737 0.609161 0.608731 0.608770
0.608676 0.608240 0.607641 0.607004 0.606426 0.605750
0.604744 0.603822 0.603127 0.602742 0.602611 0.602272
0.601975 0.602172 0.602501 0.602714 0.603034 0.603222
0.603282 0.603246 0.602953 0.602600 0.602690 0.602913
0.611400 0.611521 0.611626 0.611688 0.611546 0.611443
0.611472 0.611586 0.611690 0.611683 0.611904 0.612430
0.613051 0.613583 0.614258 0.614961 0.615441 0.615712
0.615846 0.616091 0.616280 0.616165 0.616112 0.616122
0.616407 0.617067 0.618039 0.618788 0.618990 0.619138
0.619329 0.619475 0.619576 0.619861 0.620079 0.620130
0.620274 0.620367 0.620178 0.620115 0.620175 0.620205
0.620467 0.620703 0.620845 0.620898 0.620878 0.620780
0.620481 0.619964 0.619502 0.618994 0.618407 0.618142
0.617976 0.617698 0.617205 0.616669 0.616419 0.616288
0.616055 0.615854 0.615957 0.615862 0.615477 0.615219
0.615177 0.615247 0.615226 0.614902 0.614541 0.613951
0.613281 0.612951 0.612697 0.612748 0.612960 0.613311
0.613784 0.614164 0.614469 0.614499 0.614611 0.614685
0.614500 0.614383 0.614450 0.614675 0.614795 0.614878
0.614989 0.615029 0.615151 0.615588 0.615684 0.615291
0.615280 0.615442 0.615231 0.615098 0.615262 0.615590
0.616001 0.616149 0.616245 0.616659 0.617035 0.617309
0.617625 0.617794 0.617932 0.618268 0.618678 0.619014
0.619139 0.619172 0.619138 0.618804 0.618316 0.617856
0.617157 0.616426 0.615753 0.614916 0.614052 0.613109
0.612169 0.611475 0.610938 0.610397 0.610261 0.610491
0.610683 0.610748 0.610585 0.610674 0.610976 0.611161
0.611118 0.610747 0.610435 0.610152 0.609956 0.609683
0.609114 0.608644 0.608505 0.608440 0.608126 0.607407
0.606704 0.606153 0.605263 0.604030 0.602955 0.602244
0.601865 0.601356 0.600722 0.600646 0.601113 0.601444
0.601406 0.601655 0.602100 0.602345 0.602269 0.601975
0.601729 0.601875 0.602111 0.611560 0.611638 0.611798
0.611909 0.611833 0.611870 0.612090 0.612260 0.612216
0.612211 0.612510 0.612875 0.613227 0.613618 0.614056
0.614752 0.615459 0.615843 0.616067 0.616268 0.616290
0.616000 0.615971 0.616396 0.616938 0.617639 0.618476
0.619114 0.619412 0.619656 0.619798 0.619783 0.619923
0.620167 0.620321 0.620491 0.620555 0.620428 0.620088
0.619816 0.619975 0.620111 0.620261 0.620494 0.620634
0.620766 0.620820 0.620666 0.620361 0.619859 0.619635
0.619231 0.618319 0.617893 0.617576 0.617108 0.616728
0.616477 0.616323 0.616076 0.615778 0.615506 0.615406
0.615186 0.614754 0.614337 0.614353 0.614709 0.614911
0.614612 0.613944 0.613049 0.612137 0.611820 0.611831
0.611909 0.612117 0.612424 0.612654 0.612862 0.613129
0.613285 0.613491 0.613536 0.613328 0.613262 0.613321
0.613522 0.613772 0.613957 0.614079 0.614248 0.614569
0.614904 0.615005 0.614796 0.614756 0.614852 0.614802
0.614863 0.615020 0.615204 0.615530 0.615712 0.615873
0.616270 0.616716 0.617226 0.617603 0.617679 0.617809
0.618186 0.618603 0.618892 0.618895 0.618821 0.618736
0.618364 0.617775 0.617331 0.616724 0.616035 0.615470
0.614650 0.613776 0.612927 0.612049 0.611337 0.610864
0.610482 0.610368 0.610504 0.610608 0.610585 0.610381
0.610525 0.610930 0.611133 0.611022 0.610492 0.610155
0.610056 0.609923 0.609468 0.608814 0.608396 0.608174
0.608100 0.607844 0.607069 0.606210 0.605548 0.604522
0.603179 0.601833 0.600903 0.600574 0.599987 0.599419
0.599466 0.599745 0.599904 0.600015 0.600316 0.600742
0.601040 0.601003 0.600826 0.600690 0.600806 0.600961
0.611530 0.611742 0.612063 0.612064 0.612133 0.612390
0.612712 0.613054 0.613041 0.612884 0.613148 0.613487
0.613761 0.614068 0.614206 0.614722 0.615515 0.616109
0.616408 0.616355 0.616191 0.616063 0.616136 0.616817
0.617586 0.618125 0.618722 0.619349 0.619841 0.620234
0.620492 0.620430 0.620425 0.620651 0.620773 0.620870
0.620790 0.620390 0.620070 0.619934 0.620055 0.620165
0.620252 0.620425 0.620572 0.620707 0.620659 0.620247
0.619662 0.619247 0.619291 0.619035 0.618192 0.617683
0.617280 0.616648 0.616147 0.615894 0.615975 0.615871
0.615448 0.615125 0.614787 0.614383 0.613926 0.613546
0.613741 0.614271 0.614333 0.614028 0.613320 0.612188
0.611216 0.610798 0.610869 0.610935 0.611093 0.611457
0.611690 0.611913 0.611954 0.611982 0.612280 0.612437
0.612309 0.612319 0.612445 0.612597 0.612982 0.613267
0.613403 0.613773 0.614085 0.614231 0.614429 0.614311
0.613997 0.614017 0.614164 0.614321 0.614633 0.614832
0.615033 0.615281 0.615566 0.615875 0.616342 0.617022
0.617298 0.617353 0.617613 0.617975 0.618318 0.618459
0.618518 0.618464 0.618197 0.617749 0.617221 0.616719
0.616153 0.615683 0.615072 0.614202 0.613404 0.612579
0.611786 0.611125 0.610602 0.610285 0.610177 0.610275
0.610467 0.610459 0.610253 0.610379 0.610800 0.610890
0.610619 0.610270 0.610007 0.609796 0.609578 0.609058
0.608338 0.607966 0.607709 0.607517 0.607300 0.606660
0.605637 0.604556 0.603385 0.602152 0.600781 0.599711
0.599259 0.598830 0.598436 0.598278 0.598188 0.598362
0.598646 0.598860 0.599253 0.599546 0.599551 0.599366
0.599340 0.599670 0.599903 0.611159 0.611494 0.611965
0.612182 0.612504 0.612915 0.613315 0.613574 0.613669
0.613610 0.613624 0.613802 0.614165 0.614451 0.614483
0.614991 0.615668 0.616054 0.616261 0.616219 0.616258
0.616470 0.616699 0.617256 0.617958 0.618572 0.619114
0.619527 0.620039 0.620479 0.620725 0.620822 0.620822
0.621023 0.621211 0.621107 0.620823 0.620388 0.620128
0.620123 0.620093 0.620261 0.620337 0.620336 0.620452
0.620425 0.620349 0.619919 0.619300 0.618912 0.618778
0.618600 0.618018 0.617464 0.616961 0.616239 0.615722
0.615306 0.615341 0.615531 0.615069 0.614537 0.614062
0.613624 0.613392 0.613230 0.613426 0.613724 0.613614
0.613163 0.612467 0.611461 0.610518 0.610024 0.610021
0.609952 0.609780 0.610036 0.610462 0.610860 0.610923
0.610923 0.611094 0.611288 0.611303 0.611383 0.611741
0.611968 0.612218 0.612525 0.612838 0.613242 0.613521
0.613652 0.613734 0.613615 0.613315 0.613315 0.613498
0.613687 0.614126 0.614604 0.614921 0.615107 0.615248
0.615575 0.616123 0.616642 0.616816 0.616956 0.617323
0.617670 0.617867 0.617811 0.617761 0.617661 0.617374
0.617030 0.616564 0.615989 0.615452 0.614909 0.614139
0.613444 0.612777 0.612071 0.611546 0.610973 0.610376
0.609988 0.609844 0.609986 0.610334 0.610424 0.610254
0.610379 0.610675 0.610702 0.610453 0.610186 0.610006
0.609611 0.609151 0.608675 0.608041 0.607507 0.607173
0.607047 0.606731 0.606048 0.604880 0.603499 0.602240
0.601105 0.599880 0.598768 0.598112 0.597646 0.597254
0.596900 0.596702 0.597041 0.597331 0.597324 0.597692
0.597898 0.597694 0.597519 0.597809 0.598387 0.598639
0.610798 0.611093 0.611604 0.612047 0.612567 0.613037
0.613466 0.613758 0.614126 0.614307 0.614027 0.613991
0.614289 0.614626 0.614896 0.615453 0.616108 0.616230
0.616038 0.616176 0.616674 0.617028 0.617231 0.617637
0.618221 0.618798 0.619359 0.619726 0.620055 0.620435
0.620753 0.621172 0.621270 0.621105 0.621083 0.620987
0.620781 0.620439 0.620256 0.620260 0.620114 0.620238
0.620352 0.620267 0.620229 0.620119 0.619916 0.619594
0.619436 0.619116 0.618739 0.618638 0.618038 0.617231
0.616607 0.615903 0.615559 0.615123 0.614770 0.614830
0.614567 0.614002 0.613440 0.613101 0.613163 0.613106
0.613102 0.613147 0.612812 0.612206 0.611410 0.610498
0.609645 0.609320 0.609272 0.609116 0.608776 0.608771
0.609259 0.609719 0.609914 0.609897 0.609889 0.609960
0.610080 0.610339 0.610863 0.611241 0.611426 0.611660
0.612050 0.612478 0.612769 0.612897 0.612892 0.612881
0.612796 0.612788 0.612864 0.613199 0.613754 0.614344
0.614741 0.614912 0.615019 0.615339 0.615905 0.616370
0.616590 0.616714 0.617048 0.617466 0.617468 0.617188
0.616989 0.616770 0.616505 0.616296 0.615790 0.615066
0.614537 0.613951 0.613260 0.612713 0.612238 0.611744
0.611370 0.610888 0.610387 0.610047 0.609858 0.609932
0.610061 0.610107 0.610136 0.610218 0.610407 0.610572
0.610506 0.610306 0.610155 0.609644 0.609014 0.608457
0.607823 0.607370 0.606959 0.606615 0.606037 0.605146
0.604051 0.602672 0.601166 0.599974 0.598960 0.597941
0.597196 0.596595 0.596023 0.595699 0.595629 0.595771
0.596018 0.596093 0.596102 0.595948 0.595664 0.595651
0.596124 0.596762 0.597044 0.610495 0.610845 0.611507
0.611947 0.612365 0.612917 0.613484 0.613898 0.614337
0.614539 0.614244 0.614217 0.614363 0.614689 0.615207
0.615718 0.616235 0.616467 0.616452 0.616797 0.617322
0.617541 0.617829 0.618308 0.618704 0.618973 0.619452
0.619882 0.620124 0.620552 0.621091 0.621465 0.621508
0.621250 0.621028 0.620977 0.620986 0.620713 0.620500
0.620454 0.620353 0.620382 0.620568 0.620579 0.620305
0.620140 0.619747 0.619444 0.619329 0.619110 0.618945
0.618656 0.617920 0.617072 0.616455 0.615866 0.615377
0.614824 0.614321 0.614089 0.614056 0.613696 0.613018
0.612786 0.612902 0.612787 0.612604 0.612325 0.611865
0.611254 0.610338 0.609609 0.608929 0.608507 0.608354
0.608300 0.608225 0.608115 0.608422 0.608741 0.608858
0.608880 0.608781 0.608782 0.609057 0.609336 0.609854
0.610351 0.610707 0.610998 0.611284 0.611769 0.611995
0.611993 0.612110 0.612202 0.612168 0.612307 0.612511
0.612755 0.613285 0.613953 0.614386 0.614698 0.614922
0.615155 0.615639 0.616166 0.616504 0.616541 0.616731
0.617104 0.616982 0.616637 0.616428 0.616124 0.615739
0.615417 0.614955 0.614261 0.613688 0.613179 0.612610
0.612190 0.611920 0.611510 0.611091 0.610720 0.610373
0.610219 0.610092 0.609999 0.609924 0.609866 0.609931
0.610010 0.610237 0.610496 0.610529 0.610443 0.610333
0.609869 0.609101 0.608291 0.607616 0.607287 0.606801
0.605973 0.605110 0.604193 0.603172 0.601783 0.600115
0.598892 0.598102 0.597361 0.596688 0.596121 0.595324
0.594665 0.594621 0.594669 0.594661 0.594739 0.594498
0.594046 0.593866 0.594157 0.594665 0.595125 0.595372
0.610438 0.610810 0.611394 0.611811 0.612292 0.612880
0.613427 0.613735 0.614115 0.614437 0.614415 0.614556
0.614775 0.615096 0.615490 0.615878 0.616331 0.616545
0.616722 0.617157 0.617778 0.618226 0.618579 0.618956
0.619228 0.619430 0.619640 0.619908 0.620254 0.620962
0.621528 0.621579 0.621512 0.621356 0.621107 0.620990
0.621029 0.620875 0.620812 0.620711 0.620612 0.620666
0.620720 0.620765 0.620599 0.620356 0.619952 0.619794
0.619617 0.619272 0.618993 0.618499 0.617691 0.616924
0.616447 0.615989 0.615328 0.614440 0.613805 0.613602
0.613710 0.613390 0.612636 0.612535 0.612658 0.612300
0.611853 0.611535 0.611041 0.610238 0.609316 0.608829
0.608294 0.607581 0.607137 0.607012 0.607244 0.607406
0.607619 0.607847 0.607806 0.607900 0.607801 0.607779
0.608136 0.608287 0.608712 0.609348 0.609968 0.610440
0.610738 0.611167 0.611337 0.611286 0.611407 0.611562
0.611708 0.611911 0.612068 0.612295 0.612800 0.613428
0.613938 0.614406 0.614883 0.615179 0.615462 0.615827
0.616067 0.616121 0.616373 0.616606 0.616412 0.616093
0.615728 0.615265 0.614949 0.614622 0.614150 0.613646
0.613078 0.612537 0.612078 0.611864 0.611701 0.611355
0.610991 0.610784 0.610622 0.610565 0.610523 0.610187
0.609893 0.609870 0.609949 0.609988 0.610186 0.610468
0.610621 0.610517 0.610229 0.609746 0.608895 0.608089
0.607460 0.606921 0.606255 0.605143 0.604069 0.603274
0.602293 0.600962 0.599440 0.598178 0.597452 0.596909
0.596383 0.595674 0.594731 0.593876 0.593447 0.593270
0.593236 0.593141 0.592750 0.592502 0.592665 0.593195
0.593615 0.593669 0.593602 0.610363 0.610629 0.611091
0.611536 0.612102 0.612597 0.613143 0.613619 0.613935
0.614349 0.614562 0.614784 0.615165 0.615541 0.615850
0.616218 0.616667 0.616834 0.616950 0.617416 0.618322
0.619037 0.619445 0.619627 0.619833 0.620121 0.620193
0.620288 0.620718 0.621587 0.621951 0.621760 0.621682
0.621670 0.621431 0.621175 0.621141 0.621092 0.621126
0.621062 0.620931 0.620878 0.620745 0.620811 0.620796
0.620427 0.620017 0.619952 0.619863 0.619387 0.618836
0.618397 0.617745 0.616927 0.616463 0.616053 0.615345
0.614395 0.613724 0.613421 0.613188 0.612622 0.612023
0.612084 0.612074 0.611599 0.611141 0.610872 0.610193
0.609128 0.608260 0.607980 0.607704 0.606862 0.606118
0.605711 0.605723 0.606102 0.606471 0.606761 0.606871
0.606919 0.606943 0.607113 0.607452 0.607581 0.607867
0.608612 0.609360 0.609921 0.610361 0.610579 0.610640
0.610612 0.610644 0.610832 0.611135 0.611374 0.611438
0.611781 0.612445 0.612981 0.613459 0.613864 0.614462
0.615053 0.615297 0.615528 0.615587 0.615612 0.615966
0.616099 0.615918 0.615596 0.615092 0.614608 0.614315
0.614012 0.613420 0.612787 0.612262 0.611855 0.611636
0.611684 0.611584 0.611211 0.610903 0.610878 0.610866
0.610842 0.610854 0.610476 0.610027 0.609845 0.609912
0.609893 0.609898 0.610219 0.610456 0.610309 0.609838
0.609073 0.608227 0.607558 0.606830 0.606069 0.605306
0.604143 0.602950 0.602154 0.601316 0.600224 0.598890
0.597737 0.597084 0.596557 0.595853 0.594872 0.593898
0.593011 0.592358 0.591979 0.591809 0.591425 0.590941
0.591046 0.591611 0.592224 0.592383 0.592063 0.591828
0.610023 0.610283 0.610799 0.611139 0.611564 0.612075
0.612530 0.613039 0.613447 0.614008 0.614413 0.614511
0.614889 0.615445 0.615897 0.616353 0.616738 0.617120
0.617334 0.617846 0.618825 0.619550 0.620031 0.620235
0.620473 0.620739 0.620868 0.621113 0.621677 0.622305
0.622383 0.622115 0.622130 0.622240 0.621932 0.621561
0.621444 0.621492 0.621575 0.621443 0.621265 0.620999
0.620725 0.620874 0.620663 0.620086 0.619807 0.619730
0.619531 0.618988 0.618483 0.618111 0.617574 0.616891
0.616252 0.615623 0.615147 0.614691 0.614070 0.613416
0.612725 0.611948 0.611391 0.611232 0.610967 0.610606
0.610318 0.609920 0.609132 0.608175 0.607386 0.607113
0.606900 0.606122 0.605393 0.604936 0.604649 0.604858
0.605303 0.605493 0.605682 0.605856 0.606256 0.606867
0.607291 0.607417 0.607578 0.608135 0.608864 0.609511
0.609884 0.609983 0.610001 0.609866 0.609912 0.610274
0.610508 0.610741 0.611012 0.611448 0.612040 0.612593
0.612930 0.613063 0.613575 0.614264 0.614577 0.614839
0.615083 0.615229 0.615488 0.615469 0.615306 0.614993
0.614491 0.614075 0.613641 0.613129 0.612439 0.611829
0.611432 0.611167 0.611092 0.611239 0.611272 0.611012
0.610726 0.610736 0.610910 0.611014 0.610954 0.610532
0.610055 0.609727 0.609655 0.609584 0.609458 0.609493
0.609422 0.609294 0.609123 0.608331 0.607260 0.606454
0.605730 0.604998 0.604287 0.603220 0.602073 0.601106
0.600099 0.599240 0.598125 0.597000 0.596284 0.595712
0.594759 0.593621 0.592583 0.591497 0.590815 0.590509
0.590092 0.589462 0.589128 0.589496 0.590137 0.590617
0.590571 0.589729 0.589121 0.609703 0.609966 0.610382
0.610652 0.610961 0.611381 0.611718 0.612206 0.612815
0.613410 0.613966 0.614180 0.614570 0.615120 0.615469
0.615977 0.616608 0.617228 0.617642 0.618207 0.619189
0.620050 0.620631 0.620964 0.621135 0.621351 0.621473
0.621857 0.622494 0.622874 0.622892 0.622705 0.622682
0.622737 0.622419 0.621975 0.621739 0.621809 0.621968
0.621786 0.621489 0.621008 0.620581 0.620609 0.620400
0.619949 0.619787 0.619448 0.618953 0.618556 0.618201
0.617785 0.617169 0.616520 0.615657 0.615038 0.614964
0.614735 0.614147 0.613395 0.612697 0.611831 0.611048
0.610547 0.609942 0.609539 0.609390 0.608985 0.608186
0.607338 0.606499 0.605935 0.605560 0.604969 0.604409
0.603978 0.603582 0.603722 0.604187 0.604346 0.604543
0.604990 0.605774 0.606513 0.606930 0.607004 0.607160
0.607599 0.608210 0.608836 0.608978 0.609063 0.609162
0.609102 0.609475 0.609836 0.610063 0.610288 0.610474
0.610961 0.611470 0.611973 0.612192 0.612189 0.612520
0.613148 0.613617 0.613983 0.614320 0.614473 0.614662
0.614636 0.614421 0.614166 0.613795 0.613374 0.612934
0.612342 0.611614 0.611138 0.610906 0.610715 0.610645
0.610719 0.610688 0.610693 0.610674 0.610692 0.611130
0.611452 0.611376 0.610852 0.610212 0.609665 0.609336
0.609231 0.608969 0.608621 0.608326 0.608202 0.608090
0.607284 0.605995 0.604989 0.604477 0.603936 0.603079
0.602067 0.601086 0.599981 0.598838 0.598132 0.597223
0.596123 0.595109 0.594293 0.593320 0.592052 0.590753
0.589548 0.588718 0.588212 0.587815 0.587319 0.587218
0.587710 0.588129 0.588286 0.588059 0.586871 0.585969
0.609200 0.609355 0.609633 0.610111 0.610570 0.610790
0.611168 0.611927 0.612548 0.612962 0.613610 0.614054
0.614376 0.614865 0.615296 0.615800 0.616437 0.617135
0.617734 0.618430 0.619436 0.620407 0.621129 0.621516
0.621601 0.621810 0.622087 0.622448 0.622884 0.623076
0.623164 0.623238 0.623141 0.622965 0.622658 0.622181
0.621930 0.622052 0.622226 0.622033 0.621468 0.620675
0.620191 0.620119 0.620004 0.619996 0.619873 0.619171
0.618483 0.618238 0.617971 0.617472 0.616814 0.616054
0.615112 0.614738 0.614843 0.614662 0.614203 0.613431
0.612767 0.612035 0.611104 0.610312 0.609470 0.608783
0.608565 0.608100 0.607295 0.606419 0.605408 0.604685
0.604365 0.603993 0.603531 0.603041 0.602562 0.602749
0.603134 0.603345 0.603808 0.604478 0.605230 0.605885
0.606388 0.606519 0.606838 0.607397 0.607713 0.607966
0.608081 0.608188 0.608091 0.607943 0.608596 0.609006
0.609362 0.609809 0.609836 0.610173 0.610672 0.611005
0.611178 0.611282 0.611468 0.612074 0.612709 0.613263
0.613548 0.613519 0.613667 0.613779 0.613565 0.613323
0.613104 0.612747 0.612369 0.611810 0.611056 0.610588
0.610421 0.610382 0.610435 0.610483 0.610322 0.610314
0.610485 0.610764 0.611267 0.611554 0.611483 0.610993
0.610391 0.609675 0.609100 0.608840 0.608453 0.607930
0.607428 0.607026 0.606671 0.605921 0.604610 0.603634
0.603333 0.602710 0.601622 0.600562 0.599628 0.598589
0.597624 0.596958 0.596244 0.595221 0.593904 0.592877
0.591803 0.590412 0.589060 0.587813 0.586671 0.585800
0.585267 0.584881 0.584858 0.585123 0.585222 0.584847
0.584287 0.583244 0.582446 0.608717 0.608786 0.609147
0.609801 0.610425 0.610783 0.610949 0.611586 0.612361
0.612758 0.613325 0.613760 0.614052 0.614774 0.615412
0.615897 0.616400 0.617047 0.617729 0.618557 0.619681
0.620780 0.621449 0.621692 0.621926 0.622295 0.622774
0.623047 0.623200 0.623286 0.623406 0.623479 0.623330
0.623103 0.622714 0.622373 0.622263 0.622222 0.622303
0.622043 0.621278 0.620429 0.620037 0.619967 0.619864
0.619917 0.619556 0.618796 0.618269 0.617902 0.617447
0.616960 0.616413 0.615622 0.614725 0.614340 0.614437
0.614313 0.613944 0.613286 0.612623 0.612090 0.611160
0.610191 0.609164 0.608253 0.607832 0.607329 0.606749
0.605825 0.604723 0.604092 0.603815 0.603523 0.603042
0.602451 0.601973 0.601950 0.602259 0.602683 0.603359
0.604073 0.604652 0.605351 0.606032 0.606404 0.606761
0.607091 0.607258 0.607254 0.607529 0.607777 0.607471
0.607161 0.607472 0.607941 0.608368 0.608852 0.608968
0.609197 0.609649 0.609883 0.610126 0.610299 0.610449
0.611059 0.611669 0.612240 0.612548 0.612582 0.612696
0.612733 0.612679 0.612521 0.612237 0.611980 0.611808
0.611274 0.610498 0.610152 0.610060 0.610085 0.610254
0.610355 0.610177 0.610147 0.610322 0.610569 0.610935
0.611045 0.610947 0.610696 0.610258 0.609657 0.608886
0.608176 0.607680 0.607122 0.606394 0.605805 0.605308
0.604613 0.603475 0.602588 0.602084 0.601140 0.600094
0.599165 0.598160 0.597056 0.596142 0.595474 0.594790
0.593865 0.592632 0.591327 0.590103 0.588962 0.587789
0.586403 0.584764 0.583357 0.582310 0.581595 0.581315
0.581182 0.580856 0.580169 0.579416 0.578386 0.577713
0.608449 0.608514 0.608851 0.609441 0.610059 0.610693
0.610970 0.611495 0.612304 0.612680 0.613044 0.613354
0.613746 0.614581 0.615257 0.615805 0.616345 0.616962
0.617914 0.618804 0.619779 0.620961 0.621777 0.622113
0.622402 0.622731 0.623069 0.623281 0.623443 0.623745
0.623852 0.623568 0.623516 0.623565 0.623160 0.622862
0.622883 0.622700 0.622372 0.621970 0.621355 0.620578
0.620150 0.620150 0.620110 0.619827 0.619151 0.618484
0.618052 0.617536 0.616932 0.616519 0.616143 0.615485
0.614680 0.614136 0.613849 0.613486 0.613255 0.612974
0.612536 0.611933 0.610873 0.609856 0.608856 0.607899
0.607301 0.606914 0.606486 0.605655 0.604689 0.604076
0.603725 0.603277 0.602597 0.601906 0.601539 0.601435
0.601697 0.602097 0.602608 0.603310 0.603984 0.604705
0.605478 0.606029 0.606185 0.606433 0.606683 0.606739
0.607062 0.607389 0.607349 0.607123 0.607049 0.607311
0.607512 0.607689 0.607851 0.608050 0.608471 0.608838
0.609224 0.609354 0.609460 0.609959 0.610453 0.610938
0.611369 0.611651 0.611687 0.611540 0.611593 0.611640
0.611408 0.611251 0.611212 0.610755 0.610117 0.609905
0.609909 0.609940 0.610017 0.610147 0.610113 0.610173
0.610321 0.610338 0.610467 0.610492 0.610385 0.610248
0.609788 0.609150 0.608305 0.607434 0.606967 0.606462
0.605683 0.605044 0.604391 0.603490 0.602478 0.601422
0.600512 0.599525 0.598455 0.597601 0.596771 0.595693
0.594723 0.593744 0.592738 0.591996 0.591090 0.589766
0.588530 0.587518 0.586149 0.584269 0.582183 0.580384
0.578630 0.577158 0.576628 0.576337 0.575531 0.574762
0.573907 0.572542 0.571846 0.607939 0.608123 0.608414
0.608904 0.609593 0.610334 0.610878 0.611426 0.612076
0.612420 0.612654 0.613017 0.613676 0.614473 0.615171
0.615734 0.616302 0.617078 0.618145 0.618889 0.619615
0.620778 0.621816 0.622635 0.623013 0.623044 0.623142
0.623460 0.623775 0.624131 0.624190 0.623822 0.623675
0.623692 0.623505 0.623145 0.623123 0.623047 0.622483
0.621848 0.621414 0.620777 0.620328 0.620289 0.620144
0.619657 0.618824 0.618207 0.617747 0.617213 0.616692
0.616309 0.616049 0.615535 0.614662 0.613900 0.613325
0.612932 0.612759 0.612557 0.612207 0.611400 0.610368
0.609593 0.608745 0.607776 0.607065 0.606620 0.606129
0.605338 0.604509 0.603819 0.603380 0.603000 0.602064
0.601217 0.601032 0.601116 0.601083 0.601118 0.601528
0.602214 0.603068 0.603939 0.604801 0.605193 0.605219
0.605661 0.606003 0.606256 0.606626 0.606903 0.607037
0.606907 0.606816 0.606904 0.606947 0.606877 0.606973
0.607181 0.607344 0.607751 0.608299 0.608445 0.608560
0.608892 0.609364 0.609835 0.610327 0.610686 0.610575
0.610366 0.610507 0.610685 0.610631 0.610584 0.610475
0.610149 0.609721 0.609637 0.609783 0.609916 0.609841
0.609762 0.609916 0.610134 0.610233 0.610171 0.610148
0.609961 0.609852 0.609683 0.609077 0.608494 0.607745
0.607013 0.606685 0.606138 0.605269 0.604544 0.603702
0.602770 0.601797 0.600518 0.599375 0.598172 0.596977
0.596198 0.595468 0.594473 0.593370 0.592056 0.590786
0.589769 0.588733 0.587670 0.586577 0.585268 0.583466
0.581433 0.579252 0.577110 0.574827 0.572579 0.571399
0.570756 0.569575 0.568565 0.567636 0.566343 0.565756
0.607581 0.607876 0.608269 0.608718 0.609349 0.609930
0.610414 0.610959 0.611641 0.612122 0.612478 0.612963
0.613801 0.614793 0.615558 0.616228 0.616745 0.617430
0.618278 0.618893 0.619724 0.620868 0.622044 0.623060
0.623472 0.623456 0.623480 0.623784 0.624043 0.624053
0.624115 0.624054 0.623737 0.623537 0.623458 0.623191
0.623167 0.623064 0.622522 0.621820 0.621372 0.621003
0.620532 0.620268 0.620073 0.619554 0.618708 0.617945
0.617372 0.616816 0.616302 0.616079 0.615980 0.615433
0.614612 0.613898 0.613361 0.613076 0.612701 0.612323
0.611903 0.610989 0.610165 0.609671 0.608742 0.607667
0.606903 0.606162 0.605569 0.604790 0.603847 0.603195
0.602719 0.602247 0.601113 0.600192 0.600082 0.600141
0.600071 0.600138 0.600704 0.601481 0.602317 0.603217
0.603755 0.603942 0.604167 0.604543 0.605050 0.605666
0.606154 0.606327 0.606459 0.606541 0.606532 0.606532
0.606530 0.606368 0.606252 0.606429 0.606489 0.606709
0.607251 0.607558 0.607728 0.607985 0.608505 0.609003
0.609489 0.609770 0.609502 0.609282 0.609530 0.609711
0.609724 0.609681 0.609533 0.609439 0.609174 0.609154
0.609470 0.609737 0.609677 0.609529 0.609719 0.609916
0.609986 0.609933 0.609753 0.609433 0.609490 0.609360
0.608771 0.608267 0.607650 0.607104 0.606646 0.606058
0.605260 0.604444 0.603449 0.602617 0.601556 0.600030
0.598473 0.596917 0.595594 0.594751 0.594166 0.593388
0.592061 0.590380 0.588959 0.587557 0.586235 0.584973
0.583615 0.582378 0.580796 0.578784 0.576396 0.573672
0.570965 0.568092 0.565833 0.564537 0.563242 0.561906
0.560869 0.559851 0.559299 0.607638 0.607858 0.608247
0.608751 0.609143 0.609578 0.610185 0.610721 0.611343
0.611979 0.612594 0.613219 0.613968 0.615019 0.615863
0.616588 0.617219 0.617693 0.618411 0.619243 0.620056
0.621029 0.622350 0.623415 0.623764 0.623879 0.624071
0.624318 0.624386 0.624089 0.623975 0.623981 0.623819
0.623583 0.623451 0.623360 0.623277 0.623064 0.622585
0.621994 0.621527 0.621183 0.620696 0.620324 0.620012
0.619423 0.618666 0.617823 0.617153 0.616642 0.616216
0.616062 0.615926 0.615430 0.614865 0.614355 0.613824
0.613474 0.612991 0.612544 0.612137 0.611187 0.610356
0.609733 0.608571 0.607402 0.606715 0.605859 0.604932
0.604026 0.603101 0.602395 0.601739 0.601094 0.600064
0.599276 0.599000 0.598944 0.599260 0.599552 0.600132
0.600916 0.601716 0.602409 0.602522 0.602755 0.603204
0.603581 0.604187 0.604968 0.605510 0.605760 0.605886
0.605923 0.605952 0.605960 0.605848 0.605581 0.605439
0.605529 0.605649 0.605755 0.606046 0.606401 0.606664
0.607007 0.607522 0.608017 0.608509 0.608843 0.608582
0.608396 0.608684 0.608822 0.608808 0.608757 0.608659
0.608665 0.608582 0.608723 0.609131 0.609410 0.609414
0.609398 0.609661 0.609719 0.609681 0.609651 0.609354
0.608952 0.608888 0.608743 0.608295 0.607976 0.607623
0.607071 0.606515 0.606041 0.605447 0.604516 0.603354
0.602445 0.601089 0.599297 0.597664 0.596005 0.594221
0.592997 0.592634 0.592307 0.591086 0.589077 0.587125
0.585452 0.583922 0.582164 0.580436 0.579259 0.578050
0.575904 0.572983 0.569750 0.566260 0.562785 0.559906
0.557926 0.556540 0.555028 0.553628 0.552193 0.551278
0.607442 0.607792 0.608185 0.608619 0.609091 0.609536
0.610250 0.610811 0.611264 0.611782 0.612460 0.613351
0.614234 0.615128 0.615924 0.616861 0.617602 0.617953
0.618668 0.619520 0.620311 0.621289 0.622412 0.623460
0.623909 0.624153 0.624492 0.624678 0.624736 0.624462
0.624180 0.623995 0.623911 0.623717 0.623630 0.623628
0.623385 0.623094 0.622674 0.622198 0.621734 0.621305
0.620805 0.620304 0.619850 0.619186 0.618468 0.617752
0.617045 0.616620 0.616339 0.616125 0.615934 0.615518
0.615073 0.614715 0.614257 0.613898 0.613312 0.612584
0.612083 0.611242 0.610356 0.609545 0.608332 0.607329
0.606703 0.605778 0.604594 0.603392 0.602523 0.601683
0.600923 0.600331 0.599352 0.598693 0.598434 0.598348
0.598641 0.599043 0.599799 0.600753 0.601522 0.601801
0.601761 0.602042 0.602588 0.603173 0.603622 0.604155
0.604633 0.604947 0.605140 0.605208 0.605289 0.605338
0.605210 0.604768 0.604629 0.604610 0.604595 0.604679
0.604763 0.605024 0.605506 0.605989 0.606255 0.606699
0.607211 0.607594 0.607531 0.607388 0.607596 0.607688
0.607694 0.607857 0.607921 0.607936 0.608050 0.608400
0.608928 0.609162 0.609092 0.609081 0.609423 0.609549
0.609459 0.609323 0.608962 0.608529 0.608287 0.608047
0.607648 0.607475 0.607118 0.606471 0.606121 0.605737
0.605050 0.604191 0.603093 0.601955 0.600306 0.598374
0.596834 0.595132 0.593144 0.591726 0.591347 0.591075
0.589790 0.587613 0.585145 0.583299 0.581612 0.579352
0.577384 0.575933 0.574541 0.572520 0.569468 0.565541
0.561285 0.557372 0.553973 0.551353 0.549308 0.547571
0.545961 0.543878 0.542671 0.607098 0.607578 0.608182
0.608518 0.609023 0.609603 0.610150 0.610770 0.611408
0.611863 0.612433 0.613290 0.614234 0.615143 0.616084
0.617244 0.618047 0.618320 0.618726 0.619420 0.620557
0.621758 0.622459 0.623234 0.623921 0.624260 0.624501
0.624660 0.624791 0.624750 0.624541 0.624261 0.624126
0.624088 0.624055 0.623907 0.623601 0.623270 0.622847
0.622303 0.621834 0.621455 0.620782 0.619931 0.619448
0.619018 0.618408 0.617640 0.616809 0.616494 0.616328
0.616022 0.615867 0.615696 0.615459 0.615096 0.614488
0.614077 0.613410 0.612624 0.612069 0.611305 0.610417
0.609401 0.608283 0.607467 0.606715 0.605585 0.604366
0.603161 0.602144 0.601203 0.600378 0.599800 0.598919
0.598301 0.598198 0.598016 0.598158 0.598777 0.599754
0.600821 0.601468 0.601474 0.601454 0.601631 0.602070
0.602676 0.602981 0.603276 0.603754 0.604160 0.604431
0.604730 0.604802 0.604691 0.604614 0.604160 0.603813
0.603644 0.603471 0.603495 0.603606 0.603903 0.604478
0.604934 0.604913 0.605198 0.605761 0.606163 0.606381
0.606326 0.606318 0.606407 0.606561 0.606946 0.607144
0.607255 0.607548 0.607909 0.608465 0.608819 0.608812
0.608859 0.609128 0.609284 0.609284 0.609111 0.608622
0.608116 0.607908 0.607768 0.607415 0.606994 0.606443
0.605926 0.605647 0.605212 0.604320 0.603480 0.602706
0.601402 0.599390 0.597451 0.595956 0.594311 0.592617
0.591167 0.590389 0.589753 0.588138 0.586029 0.583582
0.581353 0.579369 0.576847 0.574562 0.572852 0.571142
0.569081 0.566264 0.561863 0.556806 0.552384 0.548497
0.545292 0.542420 0.540352 0.538996 0.536575 0.534947
0.606951 0.607294 0.607971 0.608361 0.608745 0.609449
0.609899 0.610421 0.611327 0.612060 0.612750 0.613539
0.614254 0.615220 0.616388 0.617484 0.618323 0.618687
0.618864 0.619489 0.620877 0.622168 0.622873 0.623558
0.624172 0.624477 0.624679 0.624877 0.624976 0.625076
0.625069 0.624838 0.624729 0.624667 0.624450 0.624121
0.623819 0.623556 0.623119 0.622648 0.622124 0.621478
0.620717 0.619764 0.619169 0.618764 0.618103 0.617329
0.616653 0.616397 0.616226 0.616052 0.616124 0.616134
0.615788 0.615274 0.614553 0.613947 0.613393 0.612791
0.612219 0.611444 0.610626 0.609560 0.608534 0.607562
0.606490 0.605461 0.604308 0.603156 0.602097 0.601041
0.600090 0.599453 0.598818 0.598258 0.598138 0.598048
0.598336 0.599012 0.599695 0.600414 0.600757 0.600818
0.601168 0.601434 0.601531 0.601855 0.602076 0.602307
0.602879 0.603510 0.603861 0.603976 0.604031 0.603967
0.603798 0.603250 0.602723 0.602451 0.602298 0.602557
0.602926 0.603334 0.603678 0.603901 0.603902 0.604007
0.604363 0.604755 0.605233 0.605478 0.605412 0.605473
0.605818 0.606291 0.606510 0.606792 0.607164 0.607428
0.607994 0.608367 0.608533 0.608743 0.608885 0.608999
0.609051 0.608882 0.608430 0.607922 0.607663 0.607538
0.607076 0.606612 0.606225 0.605666 0.605135 0.604436
0.603441 0.602579 0.601766 0.600476 0.598732 0.596956
0.595443 0.594001 0.592452 0.590820 0.589508 0.588459
0.586739 0.584505 0.582013 0.579550 0.577391 0.574997
0.572392 0.570174 0.568149 0.565758 0.562571 0.557968
0.552441 0.547542 0.543546 0.539674 0.536282 0.533946
0.532820 0.530744 0.528909 0.606460 0.606835 0.607439
0.607767 0.608071 0.608756 0.609524 0.610214 0.611150
0.612064 0.612936 0.613935 0.614783 0.615615 0.616676
0.617679 0.618436 0.618985 0.619332 0.619953 0.621052
0.622167 0.623110 0.623906 0.624381 0.624697 0.625127
0.625346 0.625316 0.625463 0.625606 0.625363 0.625137
0.624958 0.624637 0.624338 0.624083 0.623833 0.623347
0.622888 0.622276 0.621501 0.620786 0.619818 0.619010
0.618398 0.617687 0.617124 0.616908 0.616731 0.616447
0.616218 0.616230 0.616192 0.615751 0.615153 0.614511
0.613937 0.613236 0.612465 0.611958 0.611387 0.610670
0.609661 0.608677 0.607575 0.606336 0.605437 0.604468
0.603338 0.602253 0.601177 0.600337 0.599644 0.598954
0.598312 0.598036 0.598308 0.598802 0.599306 0.599489
0.599649 0.599827 0.600105 0.600776 0.601218 0.601096
0.601160 0.601314 0.601475 0.602000 0.602721 0.603266
0.603284 0.603321 0.603379 0.602885 0.602067 0.601501
0.601290 0.601395 0.601907 0.602447 0.602835 0.602985
0.603049 0.603110 0.603210 0.603428 0.603713 0.604248
0.604814 0.605005 0.605038 0.605366 0.605830 0.606097
0.606555 0.606934 0.607143 0.607737 0.608172 0.608413
0.608498 0.608467 0.608626 0.608841 0.608745 0.608421
0.608061 0.607595 0.607146 0.606689 0.606447 0.606205
0.605486 0.604677 0.603774 0.602536 0.601425 0.600541
0.599574 0.598434 0.596870 0.595222 0.593971 0.592219
0.590195 0.588565 0.587139 0.585548 0.583065 0.580335
0.578154 0.576058 0.573609 0.570712 0.567860 0.565265
0.562153 0.558003 0.553064 0.547577 0.542335 0.538112
0.533918 0.530213 0.527832 0.526550 0.524045 0.521832
0.605518 0.606024 0.606764 0.607115 0.607356 0.608013
0.609044 0.609968 0.610916 0.612006 0.613125 0.614320
0.615326 0.616031 0.616899 0.617825 0.618732 0.619331
0.619869 0.620606 0.621237 0.622124 0.623088 0.623893
0.624472 0.624922 0.625370 0.625539 0.625506 0.625652
0.625800 0.625591 0.625249 0.624994 0.624844 0.624623
0.624345 0.624040 0.623542 0.622940 0.622232 0.621515
0.620716 0.619654 0.618779 0.618188 0.617678 0.617383
0.617284 0.617056 0.616691 0.616226 0.615959 0.615806
0.615487 0.614966 0.614343 0.613780 0.612969 0.612171
0.611740 0.611420 0.610758 0.609771 0.608722 0.607603
0.606410 0.605321 0.604347 0.603410 0.602390 0.601405
0.600610 0.599892 0.599178 0.598275 0.597801 0.598236
0.598852 0.599181 0.599111 0.598920 0.599169 0.599918
0.600684 0.600960 0.600769 0.600596 0.600708 0.600828
0.601310 0.602174 0.602628 0.602735 0.602559 0.602214
0.601544 0.600660 0.600277 0.600370 0.600665 0.601156
0.601654 0.601972 0.602299 0.602598 0.602632 0.602672
0.602914 0.603197 0.603588 0.604056 0.604461 0.604624
0.604784 0.605184 0.605585 0.606179 0.606662 0.606907
0.607365 0.607851 0.608150 0.608244 0.608260 0.608423
0.608717 0.608530 0.608175 0.607977 0.607455 0.606887
0.606448 0.606208 0.605851 0.605027 0.604168 0.603180
0.601743 0.600405 0.599538 0.598704 0.597685 0.596403
0.594808 0.593338 0.591406 0.589313 0.587717 0.586071
0.584372 0.582144 0.579490 0.577280 0.575145 0.572515
0.569643 0.566393 0.563003 0.559081 0.553809 0.548279
0.542752 0.536858 0.531912 0.527866 0.524503 0.522433
0.520133 0.515011 0.511437 0.604660 0.605142 0.605845
0.606377 0.606911 0.607777 0.608937 0.609965 0.611060
0.612123 0.613171 0.614375 0.615331 0.616264 0.617201
0.618011 0.619000 0.619602 0.620242 0.621050 0.621684
0.622581 0.623396 0.623998 0.624490 0.624901 0.625219
0.625564 0.625692 0.625712 0.625847 0.625796 0.625511
0.625054 0.624892 0.624775 0.624459 0.624060 0.623546
0.622982 0.622243 0.621284 0.620352 0.619535 0.618782
0.618165 0.617812 0.617696 0.617607 0.617311 0.616799
0.616335 0.616018 0.615659 0.615239 0.614782 0.614148
0.613321 0.612671 0.612109 0.611566 0.611327 0.610754
0.609761 0.608783 0.607591 0.606414 0.605503 0.604456
0.603437 0.602487 0.601457 0.600486 0.599608 0.598847
0.598164 0.597998 0.598342 0.598598 0.598710 0.598760
0.598665 0.598768 0.599628 0.600569 0.600655 0.600360
0.600152 0.600146 0.600274 0.600800 0.601663 0.601997
0.601768 0.601273 0.600607 0.599924 0.599283 0.599030
0.599204 0.599566 0.600100 0.600556 0.600894 0.601407
0.601953 0.602145 0.602209 0.602428 0.602787 0.603030
0.603268 0.603716 0.604025 0.604194 0.604544 0.605036
0.605684 0.606283 0.606653 0.607160 0.607736 0.608027
0.608111 0.608219 0.608337 0.608385 0.608066 0.607760
0.607695 0.607342 0.606888 0.606308 0.605742 0.605151
0.604413 0.603667 0.602605 0.601298 0.600072 0.599002
0.597955 0.596919 0.595607 0.593902 0.592214 0.590218
0.588206 0.586737 0.585181 0.583367 0.581209 0.578694
0.576437 0.574354 0.571834 0.569219 0.565998 0.561848
0.556761 0.550460 0.544616 0.538972 0.532698 0.527307
0.523436 0.520893 0.518540 0.513562 0.504054 0.498103
0.604517 0.604838 0.605338 0.605907 0.606753 0.607824
0.608941 0.610039 0.611283 0.612136 0.612841 0.613880
0.614856 0.616007 0.617243 0.618156 0.619000 0.619630
0.620430 0.621460 0.622211 0.622945 0.623603 0.624025
0.624283 0.624669 0.625098 0.625618 0.625866 0.625896
0.626009 0.625984 0.625723 0.625270 0.625059 0.624883
0.624342 0.623727 0.623353 0.622907 0.622194 0.621170
0.620197 0.619554 0.618855 0.618308 0.618152 0.618018
0.617813 0.617494 0.616912 0.616471 0.616281 0.615746
0.615011 0.614444 0.613898 0.613118 0.612491 0.611970
0.611443 0.611076 0.610527 0.609808 0.608883 0.607577
0.606471 0.605754 0.604813 0.603775 0.602724 0.601472
0.600272 0.599493 0.598979 0.598464 0.598312 0.598506
0.598323 0.598081 0.597982 0.597800 0.597941 0.598769
0.599706 0.599837 0.599607 0.599531 0.599511 0.599778
0.600338 0.601000 0.601113 0.600501 0.599866 0.599086
0.598281 0.597764 0.597504 0.597620 0.598036 0.598675
0.599202 0.599648 0.600247 0.600824 0.601299 0.601599
0.601832 0.602182 0.602382 0.602630 0.603168 0.603595
0.603867 0.604101 0.604503 0.605128 0.605874 0.606496
0.607087 0.607701 0.608008 0.608041 0.608118 0.608117
0.607902 0.607749 0.607626 0.607460 0.607190 0.606863
0.606373 0.605654 0.604877 0.604254 0.603378 0.602172
0.601011 0.599742 0.598556 0.597409 0.596100 0.594318
0.592522 0.590793 0.588995 0.587361 0.585794 0.584401
0.582716 0.580299 0.577489 0.575028 0.572939 0.570707
0.568493 0.565241 0.560428 0.554567 0.548085 0.542217
0.536138 0.529824 0.524702 0.521246 0.518469 0.514267
0.506219 0.492585 0.484330 0.604749 0.604960 0.605507
0.606158 0.606850 0.607726 0.608893 0.610016 0.611039
0.611887 0.612465 0.613267 0.614432 0.615647 0.616843
0.618027 0.618997 0.619689 0.620518 0.621621 0.622501
0.623052 0.623585 0.623884 0.624068 0.624610 0.625143
0.625634 0.626006 0.626235 0.626257 0.626021 0.625709
0.625483 0.625231 0.624826 0.624132 0.623446 0.623197
0.622640 0.621742 0.620926 0.620150 0.619466 0.618722
0.618198 0.618210 0.618159 0.617690 0.617285 0.616879
0.616470 0.616333 0.615718 0.614716 0.614082 0.613741
0.613166 0.612533 0.611922 0.611327 0.610946 0.610532
0.610076 0.609199 0.607863 0.606686 0.605831 0.604986
0.604105 0.602956 0.601638 0.600546 0.599950 0.599663
0.599023 0.598538 0.598425 0.597951 0.597356 0.596790
0.596368 0.596706 0.597501 0.598210 0.598484 0.598465
0.598550 0.598742 0.599082 0.599517 0.599915 0.599720
0.599080 0.598423 0.597417 0.596491 0.596097 0.595773
0.595677 0.596192 0.596993 0.597695 0.598457 0.599219
0.599739 0.600404 0.600978 0.601347 0.601767 0.601987
0.602247 0.602787 0.603102 0.603391 0.603751 0.604105
0.604759 0.605563 0.606170 0.606704 0.607225 0.607582
0.607903 0.608059 0.607885 0.607498 0.607399 0.607387
0.607148 0.607041 0.607114 0.606783 0.606037 0.605209
0.604270 0.603185 0.601969 0.600589 0.599083 0.598002
0.596759 0.595076 0.593007 0.591110 0.589403 0.588032
0.586831 0.585256 0.583711 0.581671 0.579022 0.576075
0.573225 0.570819 0.568633 0.566604 0.563214 0.557843
0.551947 0.545891 0.539867 0.533276 0.526598 0.521734
0.518725 0.515088 0.508953 0.498563 0.482520 0.473135
0.604877 0.605030 0.605587 0.606415 0.607089 0.607769
0.608933 0.610048 0.610867 0.611722 0.612352 0.613134
0.614476 0.615725 0.616735 0.617918 0.619025 0.619861
0.620608 0.621602 0.622529 0.623051 0.623522 0.623802
0.624081 0.624659 0.625092 0.625556 0.626135 0.626441
0.626336 0.625936 0.625683 0.625601 0.625199 0.624700
0.624213 0.623730 0.623184 0.622178 0.621185 0.620594
0.620045 0.619306 0.618480 0.618012 0.617923 0.617754
0.617413 0.617102 0.616747 0.616279 0.615927 0.615298
0.614308 0.613678 0.613516 0.613085 0.612562 0.612070
0.611405 0.611105 0.610721 0.609866 0.609019 0.608019
0.606837 0.605868 0.605071 0.604409 0.603163 0.601823
0.600963 0.600169 0.599751 0.599262 0.598587 0.598079
0.597520 0.596733 0.595889 0.595485 0.595607 0.595953
0.596547 0.596980 0.597175 0.597375 0.597569 0.597873
0.598317 0.598689 0.598583 0.597961 0.597173 0.596012
0.594892 0.594450 0.594040 0.593831 0.594427 0.595325
0.596263 0.597346 0.598293 0.599010 0.599736 0.600400
0.601031 0.601466 0.601677 0.602082 0.602491 0.602606
0.602908 0.603406 0.603867 0.604636 0.605323 0.605805
0.606378 0.606772 0.607147 0.607626 0.607821 0.607727
0.607390 0.607049 0.606996 0.607073 0.607251 0.607424
0.607215 0.606577 0.605553 0.604225 0.603016 0.601884
0.600348 0.598668 0.597494 0.596148 0.594372 0.592232
0.590183 0.588640 0.587242 0.585864 0.584475 0.582643
0.580305 0.577838 0.575020 0.571915 0.569032 0.566527
0.564097 0.560432 0.554965 0.548972 0.543321 0.537478
0.530430 0.522925 0.517121 0.513740 0.510178 0.503441
0.491440 0.472696 0.461530 0.604711 0.604994 0.605706
0.606438 0.607172 0.608011 0.608949 0.609972 0.610770
0.611528 0.612343 0.613314 0.614626 0.615812 0.616838
0.618016 0.619120 0.619927 0.620678 0.621665 0.622476
0.622987 0.623458 0.623852 0.624229 0.624633 0.624950
0.625466 0.626131 0.626481 0.626483 0.626259 0.626031
0.625787 0.625356 0.624976 0.624543 0.623967 0.623207
0.622057 0.621096 0.620604 0.620093 0.619436 0.618689
0.618121 0.617806 0.617372 0.617077 0.616848 0.616412
0.615872 0.615410 0.614729 0.613738 0.613166 0.612955
0.612712 0.612526 0.612085 0.611347 0.610977 0.610455
0.609422 0.608572 0.607696 0.606777 0.605866 0.605020
0.604496 0.603312 0.601822 0.600745 0.599821 0.599208
0.598620 0.597738 0.597026 0.596712 0.596012 0.594990
0.594470 0.594340 0.594329 0.594734 0.595182 0.595539
0.595765 0.595756 0.596122 0.596644 0.597030 0.597158
0.596727 0.596033 0.594866 0.593424 0.592486 0.592054
0.592118 0.592749 0.593754 0.595038 0.596272 0.597280
0.598221 0.599192 0.600187 0.600840 0.601013 0.601356
0.602007 0.602396 0.602509 0.602797 0.603181 0.603680
0.604475 0.605052 0.605623 0.606248 0.606536 0.606809
0.607197 0.607516 0.607537 0.607312 0.606954 0.606844
0.607106 0.607342 0.607426 0.607220 0.606695 0.605604
0.604247 0.603009 0.601811 0.600329 0.598621 0.597115
0.595567 0.593793 0.591725 0.589727 0.588093 0.586507
0.584743 0.583272 0.581327 0.579089 0.577150 0.574259
0.570681 0.567428 0.564312 0.560935 0.556853 0.551790
0.546127 0.540486 0.534354 0.526738 0.518134 0.510464
0.505576 0.501776 0.495045 0.481831 0.457887 0.442558
0.604346 0.604836 0.605652 0.606265 0.606967 0.607676
0.608520 0.609650 0.610523 0.611219 0.612131 0.613276
0.614494 0.615631 0.616776 0.617999 0.619076 0.619920
0.620824 0.621758 0.622420 0.622859 0.623303 0.623860
0.624300 0.624613 0.625010 0.625697 0.626313 0.626577
0.626749 0.626781 0.626464 0.625922 0.625450 0.625005
0.624372 0.623685 0.623108 0.622186 0.621334 0.620898
0.620299 0.619781 0.619208 0.618415 0.617947 0.617551
0.617092 0.616687 0.616324 0.615878 0.615257 0.614397
0.613485 0.612955 0.612541 0.612394 0.612378 0.611884
0.611064 0.610313 0.609624 0.608971 0.608358 0.607531
0.606600 0.605721 0.604888 0.604100 0.602835 0.601239
0.599920 0.598939 0.598311 0.597504 0.596432 0.595750
0.595371 0.594674 0.593627 0.592815 0.592598 0.592601
0.592734 0.592958 0.593217 0.593443 0.593706 0.594141
0.594524 0.594878 0.595015 0.594790 0.594151 0.593014
0.591529 0.590369 0.590006 0.590316 0.591116 0.592283
0.593655 0.594892 0.595990 0.597211 0.598682 0.600041
0.600562 0.600776 0.601353 0.601841 0.602230 0.602554
0.602828 0.603099 0.603601 0.604318 0.604831 0.605480
0.606075 0.606373 0.606621 0.606964 0.607360 0.607284
0.607040 0.607045 0.607146 0.607207 0.607281 0.607316
0.607030 0.606513 0.605594 0.604498 0.603339 0.602081
0.600569 0.598655 0.596869 0.595067 0.593203 0.591316
0.589439 0.587557 0.585851 0.584050 0.581993 0.579907
0.577802 0.575785 0.572850 0.569027 0.565489 0.561567
0.557056 0.552750 0.548099 0.542418 0.536166 0.529239
0.520942 0.511026 0.500921 0.493234 0.487200 0.479217
0.463814 0.429892 0.406410 0.604227 0.604908 0.605456
0.606044 0.606713 0.607216 0.608070 0.609302 0.610310
0.611011 0.611849 0.612994 0.614283 0.615502 0.616750
0.617982 0.619065 0.620048 0.620865 0.621701 0.622373
0.622730 0.623157 0.623741 0.624224 0.624638 0.625176
0.625969 0.626535 0.626706 0.626802 0.626849 0.626618
0.626018 0.625345 0.624560 0.623823 0.623359 0.622880
0.622154 0.621496 0.621019 0.620496 0.619931 0.619462
0.619005 0.618477 0.618018 0.617531 0.617019 0.616688
0.616155 0.615274 0.614414 0.613708 0.613105 0.612610
0.612412 0.612133 0.611528 0.610780 0.609855 0.609060
0.608504 0.607924 0.607283 0.606251 0.605240 0.604341
0.603250 0.601858 0.600227 0.598726 0.597501 0.596758
0.595966 0.594865 0.594187 0.593610 0.592496 0.591406
0.590631 0.590232 0.590059 0.590087 0.590360 0.590583
0.590706 0.591205 0.591888 0.592276 0.592459 0.592351
0.592249 0.591719 0.590693 0.589687 0.588666 0.588156
0.588667 0.589683 0.590770 0.592081 0.593361 0.594716
0.596238 0.597805 0.599191 0.599830 0.600395 0.601057
0.601408 0.601972 0.602565 0.602774 0.602916 0.603329
0.603945 0.604476 0.605044 0.605759 0.606200 0.606509
0.606923 0.607243 0.607153 0.606982 0.607207 0.607507
0.607443 0.607393 0.607382 0.607124 0.606673 0.605890
0.604923 0.603673 0.602254 0.600661 0.598690 0.596722
0.594705 0.592762 0.590902 0.589122 0.587273 0.585362
0.583163 0.580667 0.578540 0.576251 0.573659 0.570710
0.566896 0.562822 0.558593 0.553806 0.549053 0.543593
0.536985 0.530107 0.522596 0.513504 0.501938 0.489090
0.477440 0.466875 0.454812 0.432434 0.383456 0.350003
0.000000 0.605184 0.605444 0.606046 0.606595 0.607127
0.608108 0.609300 0.610284 0.610972 0.611704 0.612768
0.614189 0.615479 0.616724 0.617972 0.619116 0.620176
0.620782 0.621533 0.622308 0.622715 0.623163 0.623629
0.624083 0.624581 0.625216 0.626031 0.626561 0.626786
0.626813 0.626774 0.626614 0.626083 0.625322 0.624341
0.623613 0.623294 0.622747 0.622063 0.621438 0.620913
0.620573 0.619951 0.619526 0.619365 0.618795 0.618224
0.617765 0.617345 0.617001 0.616228 0.615224 0.614521
0.613909 0.613247 0.612742 0.612413 0.611931 0.611251
0.610552 0.609753 0.609037 0.608387 0.607603 0.606935
0.605990 0.604939 0.603889 0.602644 0.601279 0.599651
0.597993 0.596619 0.595609 0.594851 0.593856 0.593138
0.592553 0.591164 0.590030 0.589408 0.588861 0.588410
0.588428 0.588925 0.589229 0.589331 0.589784 0.590657
0.591101 0.590993 0.590734 0.590762 0.590449 0.589557
0.588912 0.587998 0.587265 0.587882 0.588986 0.589923
0.591332 0.592715 0.594154 0.595682 0.597100 0.598534
0.599304 0.599979 0.600641 0.601142 0.601964 0.602601
0.602688 0.602773 0.603098 0.603665 0.604222 0.604659
0.605539 0.606168 0.606424 0.606835 0.607152 0.607142
0.607040 0.607261 0.607567 0.607479 0.607399 0.607544
0.607339 0.606849 0.606119 0.605144 0.603817 0.602276
0.600634 0.598789 0.596772 0.594606 0.592628 0.590744
0.589027 0.587310 0.585307 0.582567 0.579986 0.577852
0.575342 0.572564 0.569567 0.565672 0.561195 0.557018
0.552473 0.547438 0.541034 0.533774 0.526697 0.518938
0.509418 0.496973 0.482902 0.468988 0.455527 0.440749
0.412951 0.355451 0.317484
