-996 121 100.000000 100.000000
0.000000 17000.000000 0.000000 12000.000000
171 0.000000 0.000000 0.000000
0 0 0 0 0 0 0
1.000000 0.398507 0.397948 0.396817 0.395828 0.394915
0.393835 0.392886 0.392228 0.391888 0.391579 0.390789
0.389926 0.389144 0.388528 0.388266 0.388046 0.387969
0.387986 0.388161 0.388490 0.388447 0.387828 0.387033
0.386746 0.386904 0.386992 0.387330 0.387712 0.388132
0.388673 0.389497 0.390674 0.392003 0.393796 0.395568
0.397119 0.398622 0.400351 0.401911 0.403142 0.404989
0.407088 0.409435 0.411835 0.413989 0.417162 0.422005
0.427229 0.431999 0.437324 0.443774 0.451600 0.460116
0.467022 0.470870 0.472054 0.471787 0.469105 0.464500
0.459821 0.455338 0.452666 0.449962 0.445685 0.440111
0.433180 0.427516 0.423297 0.419340 0.416028 0.413028
0.410627 0.408432 0.405710 0.403150 0.401384 0.399616
0.397949 0.396927 0.396019 0.395141 0.394137 0.393261
0.392471 0.391801 0.391186 0.390473 0.390020 0.389321
0.388352 0.387794 0.387763 0.387552 0.387068 0.386937
0.386883 0.386584 0.386239 0.386117 0.385870 0.385439
0.385057 0.384783 0.384435 0.384098 0.384269 0.384547
0.384353 0.383994 0.383915 0.383806 0.383641 0.383444
0.383059 0.382719 0.382700 0.382826 0.382757 0.382649
0.382928 0.383549 0.384007 0.384098 0.384037 0.384073
0.383946 0.383781 0.384485 0.385496 0.386170 0.387047
0.387612 0.388038 0.389032 0.389751 0.389961 0.390171
0.390289 0.390286 0.390508 0.391022 0.391425 0.391555
0.391860 0.392494 0.392778 0.393418 0.394732 0.395450
0.395709 0.396205 0.396574 0.396342 0.396250 0.396135
0.396109 0.396312 0.395952 0.395530 0.395119 0.394481
0.393788 0.393572 0.393830 0.393804 0.393393 0.393177
0.392992 0.392772 1.000000 0.399225 0.398496 0.397538
0.396426 0.395419 0.394414 0.393354 0.392414 0.391890
0.391615 0.391204 0.390414 0.389582 0.388924 0.388397
0.388065 0.387866 0.387902 0.388060 0.388314 0.388452
0.388340 0.387723 0.387003 0.386734 0.386782 0.387001
0.387377 0.387790 0.388165 0.388473 0.389233 0.390421
0.391525 0.393145 0.394918 0.396509 0.398060 0.399867
0.401598 0.402997 0.404784 0.406845 0.409079 0.411345
0.413678 0.416736 0.421046 0.425965 0.430811 0.435994
0.442010 0.448935 0.456249 0.462253 0.465288 0.465396
0.464492 0.462478 0.458593 0.454560 0.451351 0.449311
0.446964 0.443082 0.437982 0.431867 0.426446 0.422186
0.418256 0.414831 0.411902 0.409549 0.407574 0.405146
0.402739 0.401069 0.399356 0.397833 0.396805 0.395911
0.395012 0.393968 0.393068 0.392291 0.391728 0.391162
0.390390 0.389838 0.389051 0.388229 0.387956 0.387843
0.387527 0.387182 0.386987 0.386814 0.386633 0.386417
0.386187 0.385760 0.385253 0.384969 0.384861 0.384653
0.384331 0.384345 0.384609 0.384499 0.384250 0.384223
0.383988 0.383676 0.383420 0.383090 0.382769 0.382737
0.382863 0.382748 0.382866 0.383308 0.383913 0.384332
0.384323 0.384269 0.384301 0.384249 0.384193 0.384897
0.385712 0.386437 0.387275 0.387698 0.388289 0.389185
0.389847 0.389974 0.390103 0.390429 0.390352 0.390280
0.390823 0.391443 0.391688 0.392112 0.392639 0.392826
0.393468 0.394551 0.395271 0.395710 0.396289 0.396738
0.396638 0.396578 0.396482 0.396502 0.396665 0.396259
0.395741 0.395286 0.394713 0.394228 0.394081 0.394224
0.394119 0.393765 0.393522 0.393280 0.393011 0.392784
0.398652 0.397823 0.396448 0.395490 0.394562 0.393469
0.392477 0.391687 0.391135 0.390672 0.390127 0.389527
0.389083 0.388692 0.388205 0.387843 0.387709 0.387793
0.388011 0.388175 0.388066 0.388013 0.387637 0.387226
0.387004 0.386763 0.386955 0.387285 0.387652 0.388043
0.388385 0.389065 0.390079 0.391065 0.392429 0.393983
0.395387 0.396845 0.398822 0.400853 0.402414 0.404062
0.406105 0.408263 0.410291 0.412693 0.415489 0.419062
0.423443 0.427687 0.432454 0.438115 0.443517 0.448998
0.453732 0.455523 0.454419 0.452448 0.451033 0.448276
0.445659 0.444522 0.442776 0.440619 0.437781 0.434180
0.429334 0.424154 0.419668 0.415693 0.412643 0.409966
0.407733 0.406166 0.404131 0.401940 0.400400 0.399002
0.397659 0.396611 0.395759 0.394800 0.393729 0.392859
0.392249 0.391627 0.390898 0.390193 0.389565 0.388631
0.387916 0.387860 0.387604 0.387201 0.387129 0.386916
0.386632 0.386709 0.386793 0.386472 0.385776 0.385105
0.384890 0.384812 0.384739 0.384744 0.384707 0.384779
0.384649 0.384513 0.384513 0.384102 0.383696 0.383402
0.383163 0.382966 0.382826 0.382868 0.382869 0.383178
0.383662 0.384181 0.384453 0.384506 0.384713 0.384779
0.384673 0.384625 0.385207 0.385957 0.386801 0.387602
0.388017 0.388848 0.389608 0.390053 0.390268 0.390356
0.390782 0.390796 0.390388 0.390739 0.391528 0.391854
0.392337 0.392973 0.392962 0.393230 0.394167 0.394954
0.395676 0.396343 0.396714 0.396922 0.397106 0.397147
0.397228 0.397216 0.396781 0.396241 0.395608 0.395079
0.394927 0.394881 0.394815 0.394705 0.394574 0.394223
0.393787 0.393485 0.393330 0.397624 0.396875 0.395522
0.394566 0.393672 0.392566 0.391778 0.391125 0.390304
0.389583 0.389130 0.388815 0.388633 0.388446 0.388069
0.387780 0.387698 0.387689 0.387710 0.387562 0.387520
0.387759 0.387704 0.387610 0.387330 0.386884 0.386934
0.387089 0.387224 0.387743 0.388561 0.389142 0.389884
0.391063 0.392231 0.393257 0.394296 0.395738 0.397644
0.399721 0.401332 0.402997 0.405138 0.407199 0.409008
0.410947 0.413204 0.416152 0.419871 0.423343 0.427865
0.433303 0.437581 0.441916 0.445966 0.447428 0.446173
0.443609 0.441477 0.439037 0.437826 0.437745 0.436133
0.434062 0.432461 0.430409 0.426289 0.421332 0.416856
0.413049 0.410646 0.408642 0.406523 0.404964 0.403039
0.401121 0.399787 0.398693 0.397482 0.396397 0.395586
0.394691 0.393744 0.393018 0.392466 0.391547 0.390595
0.389973 0.389307 0.388370 0.387667 0.387373 0.387062
0.386760 0.386680 0.386606 0.386528 0.386645 0.386756
0.386394 0.385768 0.385198 0.384771 0.384549 0.384529
0.384731 0.384887 0.384957 0.384834 0.384639 0.384475
0.384087 0.383770 0.383493 0.383216 0.383116 0.383028
0.383015 0.383217 0.383461 0.383721 0.384075 0.384288
0.384569 0.384863 0.384916 0.384905 0.384972 0.385426
0.386166 0.386957 0.387646 0.388344 0.389226 0.390003
0.390440 0.390585 0.390738 0.391161 0.391412 0.391132
0.391104 0.391642 0.391877 0.392088 0.392565 0.392685
0.393069 0.394105 0.394888 0.395622 0.396319 0.396650
0.397098 0.397460 0.397640 0.397845 0.397831 0.397249
0.396564 0.395976 0.395550 0.395429 0.395308 0.395229
0.395229 0.395142 0.394682 0.394309 0.394259 0.394221
0.396775 0.396076 0.394691 0.393591 0.392509 0.391442
0.390890 0.390297 0.389435 0.388756 0.388442 0.388315
0.388180 0.388019 0.387821 0.387517 0.387370 0.387441
0.387452 0.387262 0.387410 0.387697 0.387632 0.387527
0.387180 0.386954 0.387170 0.387185 0.387182 0.387770
0.388619 0.389142 0.389805 0.390974 0.391941 0.392622
0.393553 0.394924 0.396493 0.398417 0.400068 0.401669
0.403797 0.405756 0.407322 0.408559 0.410149 0.412589
0.415596 0.418824 0.423001 0.427641 0.431442 0.435105
0.438214 0.439488 0.438478 0.436071 0.433300 0.430741
0.429974 0.430015 0.429620 0.428794 0.427942 0.426430
0.422934 0.418584 0.414901 0.411859 0.409471 0.407521
0.405506 0.403845 0.401837 0.400160 0.399219 0.398341
0.397318 0.396421 0.395714 0.394786 0.393850 0.393027
0.392302 0.391421 0.390446 0.389698 0.389108 0.388304
0.387495 0.386922 0.386499 0.386314 0.386320 0.386453
0.386509 0.386437 0.386401 0.386134 0.385670 0.385140
0.384655 0.384549 0.384575 0.384693 0.384951 0.385015
0.384965 0.384794 0.384496 0.384257 0.383989 0.383754
0.383444 0.383212 0.383135 0.383231 0.383595 0.383802
0.383902 0.384146 0.384335 0.384563 0.384751 0.384860
0.385129 0.385560 0.386043 0.386504 0.387255 0.387977
0.388849 0.389674 0.390317 0.390759 0.390765 0.391089
0.391638 0.391798 0.391652 0.391475 0.391705 0.391940
0.392003 0.392156 0.392432 0.393324 0.394500 0.395223
0.395789 0.396430 0.396919 0.397542 0.398012 0.398187
0.398309 0.398264 0.397575 0.396737 0.396264 0.395903
0.395638 0.395405 0.395429 0.395610 0.395580 0.395227
0.395032 0.395012 0.394914 0.395719 0.394856 0.393334
0.392238 0.391220 0.390162 0.389490 0.389037 0.388472
0.387979 0.387763 0.387963 0.388067 0.387849 0.387663
0.387172 0.386888 0.387089 0.387228 0.387185 0.387129
0.387143 0.387196 0.387157 0.386903 0.386897 0.387164
0.387266 0.387424 0.387867 0.388506 0.389123 0.389826
0.390798 0.391517 0.392150 0.393020 0.394140 0.395556
0.397327 0.399019 0.400647 0.402501 0.404114 0.405352
0.406217 0.407571 0.409747 0.412264 0.415346 0.418847
0.422169 0.425616 0.429264 0.431671 0.432250 0.431055
0.429032 0.426637 0.424338 0.423177 0.422960 0.423896
0.424476 0.423787 0.422373 0.419662 0.416377 0.413764
0.411249 0.408390 0.406004 0.404375 0.402782 0.400902
0.399483 0.398682 0.398109 0.397340 0.396593 0.396064
0.395052 0.393945 0.393092 0.392209 0.391305 0.390345
0.389530 0.388880 0.388133 0.387313 0.386650 0.386117
0.385814 0.386034 0.386309 0.386268 0.386196 0.386117
0.385928 0.385669 0.385255 0.384861 0.384790 0.384809
0.384840 0.384996 0.384942 0.384891 0.384852 0.384608
0.384403 0.384199 0.384061 0.383719 0.383393 0.383240
0.383284 0.383743 0.383890 0.383856 0.384080 0.384211
0.384510 0.384964 0.385326 0.385727 0.386188 0.386625
0.386886 0.387535 0.388520 0.389407 0.390268 0.390915
0.391200 0.391390 0.391703 0.392079 0.392098 0.392078
0.391956 0.391865 0.392195 0.392448 0.392497 0.392708
0.393847 0.395121 0.395798 0.396388 0.396822 0.397305
0.397910 0.398420 0.398586 0.398326 0.398101 0.397597
0.396818 0.396286 0.395763 0.395406 0.395363 0.395418
0.395716 0.395891 0.395756 0.395718 0.395791 0.395808
0.394318 0.393358 0.391871 0.390816 0.389841 0.389006
0.388449 0.387998 0.387612 0.387397 0.387398 0.387743
0.387839 0.387741 0.387713 0.387289 0.386947 0.386970
0.387026 0.386915 0.386659 0.386577 0.386786 0.386962
0.386857 0.386710 0.386893 0.387325 0.387592 0.387789
0.388350 0.389097 0.389819 0.390528 0.390895 0.391275
0.392146 0.393487 0.395006 0.396677 0.398269 0.399721
0.401334 0.402729 0.403687 0.404586 0.405751 0.407582
0.409829 0.412498 0.415361 0.417797 0.420671 0.423634
0.425436 0.425663 0.424439 0.422992 0.421268 0.419539
0.418211 0.417658 0.418823 0.420144 0.419952 0.418658
0.416640 0.414350 0.412364 0.410019 0.407148 0.404791
0.403371 0.401668 0.399973 0.398918 0.398083 0.397620
0.397118 0.396548 0.396173 0.395277 0.394113 0.393326
0.392404 0.391312 0.390153 0.389128 0.388542 0.387897
0.387149 0.386526 0.386034 0.385826 0.385949 0.386010
0.385924 0.386071 0.386076 0.385765 0.385623 0.385408
0.385042 0.384911 0.384994 0.384933 0.384853 0.384829
0.384847 0.384900 0.384741 0.384501 0.384316 0.384166
0.383822 0.383660 0.383605 0.383524 0.383870 0.383919
0.383681 0.383786 0.384074 0.384606 0.385264 0.385876
0.386363 0.386526 0.386797 0.387196 0.387764 0.388780
0.389705 0.390633 0.391314 0.391613 0.391933 0.392081
0.392124 0.392162 0.392310 0.392340 0.392219 0.392511
0.392776 0.392656 0.393083 0.394486 0.395577 0.396107
0.396759 0.397159 0.397624 0.397910 0.398162 0.398302
0.397953 0.397723 0.397341 0.396624 0.396078 0.395623
0.395267 0.395249 0.395348 0.395636 0.395806 0.395787
0.396015 0.396300 0.396370 0.392944 0.392074 0.390744
0.389796 0.388742 0.388128 0.387901 0.387460 0.387059
0.387021 0.387364 0.387534 0.387366 0.387380 0.387517
0.387375 0.387109 0.387022 0.386961 0.386679 0.386399
0.386452 0.386637 0.386731 0.386682 0.386601 0.386931
0.387323 0.387512 0.387708 0.388121 0.388852 0.389543
0.390109 0.390441 0.390731 0.391572 0.392864 0.394328
0.395957 0.397353 0.398460 0.399898 0.401404 0.402529
0.403402 0.404332 0.406092 0.408308 0.410370 0.412304
0.414027 0.416191 0.417969 0.419142 0.419938 0.419285
0.418148 0.416961 0.415637 0.414569 0.414305 0.415311
0.416774 0.416910 0.415692 0.414309 0.412754 0.411141
0.409167 0.406667 0.404520 0.402990 0.401200 0.399655
0.398743 0.397936 0.397350 0.397036 0.396831 0.396176
0.395115 0.394078 0.393268 0.392414 0.391284 0.390051
0.388983 0.388359 0.387810 0.387135 0.386503 0.385895
0.385814 0.385894 0.385695 0.385673 0.385938 0.386060
0.385894 0.385653 0.385295 0.385035 0.384878 0.384999
0.384991 0.384814 0.384790 0.384784 0.384817 0.384752
0.384520 0.384246 0.384040 0.383925 0.384018 0.383917
0.383797 0.383994 0.383979 0.383754 0.383772 0.384147
0.384715 0.385363 0.386008 0.386428 0.386437 0.386756
0.387484 0.388292 0.389295 0.390239 0.391018 0.391509
0.391880 0.392278 0.392297 0.392045 0.392001 0.392105
0.392324 0.392551 0.392983 0.393105 0.393008 0.393732
0.394843 0.395568 0.395950 0.396482 0.397009 0.397331
0.397461 0.397652 0.397707 0.397420 0.397158 0.396848
0.396374 0.395811 0.395442 0.395153 0.394926 0.395096
0.395464 0.395621 0.395706 0.395955 0.396268 0.396433
0.391846 0.391125 0.389792 0.388943 0.388226 0.387800
0.387566 0.386917 0.386442 0.386619 0.387178 0.387255
0.387079 0.387157 0.387233 0.387194 0.387029 0.386903
0.386865 0.386668 0.386286 0.386152 0.386221 0.386229
0.386234 0.386355 0.386700 0.386920 0.387227 0.387463
0.387693 0.388440 0.388865 0.389266 0.389987 0.390605
0.391238 0.392149 0.393418 0.394905 0.396309 0.397395
0.398731 0.400120 0.401426 0.402431 0.403428 0.405064
0.406976 0.408227 0.409251 0.410455 0.411608 0.412901
0.414155 0.415093 0.414576 0.413612 0.413016 0.412272
0.411623 0.411947 0.413130 0.414024 0.414022 0.413102
0.412196 0.411319 0.410097 0.408557 0.406698 0.404928
0.403289 0.401474 0.399928 0.398775 0.398082 0.397529
0.396937 0.396566 0.395785 0.394603 0.393484 0.392653
0.391975 0.391085 0.390268 0.389466 0.388434 0.387881
0.387488 0.386765 0.386000 0.385689 0.385720 0.385528
0.385545 0.385683 0.385867 0.386013 0.385665 0.385245
0.385073 0.384930 0.384781 0.384732 0.384798 0.384858
0.384730 0.384643 0.384731 0.384530 0.384086 0.383909
0.384065 0.384261 0.384091 0.383900 0.383980 0.384044
0.384099 0.384119 0.384291 0.384736 0.385288 0.385849
0.386322 0.386719 0.387216 0.387902 0.388772 0.389749
0.390659 0.391194 0.391611 0.392158 0.392467 0.392177
0.391815 0.391829 0.391989 0.392404 0.392862 0.393417
0.393666 0.393767 0.394397 0.395025 0.395547 0.395932
0.396178 0.396550 0.396718 0.396744 0.396900 0.396980
0.396709 0.396422 0.396300 0.396145 0.395743 0.395259
0.394937 0.394835 0.394955 0.395236 0.395369 0.395418
0.395786 0.396220 0.396434 0.391207 0.390555 0.389247
0.388313 0.387750 0.387429 0.387102 0.386484 0.386122
0.386249 0.386661 0.386871 0.386869 0.387025 0.387276
0.387237 0.386992 0.386861 0.386799 0.386691 0.386435
0.385999 0.385801 0.385953 0.385919 0.385979 0.386294
0.386720 0.387272 0.387369 0.387355 0.388070 0.388325
0.388451 0.389351 0.390267 0.390928 0.391760 0.392902
0.394249 0.395547 0.396464 0.397799 0.399073 0.400268
0.401534 0.402497 0.403565 0.404870 0.405561 0.406319
0.407473 0.407918 0.408982 0.410316 0.410805 0.410375
0.409791 0.409679 0.409541 0.409569 0.410173 0.410839
0.411077 0.411045 0.410659 0.409969 0.409448 0.408867
0.407892 0.406800 0.405492 0.403994 0.402072 0.400108
0.398553 0.397646 0.396961 0.396153 0.395549 0.395051
0.394229 0.393047 0.392000 0.391345 0.390782 0.390139
0.389514 0.388587 0.388030 0.387649 0.386859 0.386246
0.385999 0.385787 0.385527 0.385653 0.385730 0.385856
0.385892 0.385421 0.385117 0.385106 0.385089 0.384694
0.384494 0.384686 0.384799 0.384772 0.384612 0.384754
0.384725 0.384195 0.384009 0.384234 0.384581 0.384514
0.384098 0.383945 0.383971 0.384190 0.384441 0.384490
0.384732 0.385260 0.385867 0.386540 0.387226 0.387613
0.388023 0.388720 0.389597 0.390548 0.391114 0.391514
0.391868 0.391957 0.391752 0.391661 0.391765 0.391891
0.392460 0.393185 0.393730 0.394088 0.394340 0.394780
0.395219 0.395819 0.396237 0.396106 0.396252 0.396423
0.396316 0.396256 0.396233 0.396071 0.395822 0.395821
0.395754 0.395496 0.395080 0.394727 0.394784 0.394822
0.394906 0.394931 0.395137 0.395748 0.396177 0.396328
0.390762 0.390156 0.388998 0.387998 0.387302 0.386911
0.386550 0.386285 0.386059 0.385820 0.385969 0.386405
0.386655 0.386907 0.387240 0.387189 0.386988 0.386817
0.386646 0.386690 0.386705 0.386323 0.386053 0.386228
0.386216 0.386295 0.386514 0.386674 0.387086 0.387210
0.387281 0.387746 0.387899 0.388149 0.388904 0.389761
0.390562 0.391372 0.392454 0.393766 0.394901 0.395692
0.396890 0.398045 0.399226 0.400610 0.401448 0.402134
0.402871 0.403475 0.404198 0.405066 0.405576 0.406324
0.407176 0.407539 0.407351 0.407035 0.407010 0.407092
0.407889 0.408599 0.408556 0.408304 0.408250 0.408174
0.407882 0.407823 0.407667 0.407126 0.406366 0.405396
0.404044 0.402266 0.400308 0.398750 0.397573 0.396517
0.395608 0.394749 0.394199 0.393847 0.393044 0.391881
0.391083 0.390442 0.389635 0.389038 0.388501 0.387962
0.387314 0.386795 0.386482 0.386272 0.386047 0.385654
0.385633 0.385792 0.385827 0.385662 0.385268 0.384999
0.385017 0.385007 0.384739 0.384665 0.384740 0.384670
0.384660 0.384577 0.384676 0.384793 0.384555 0.384387
0.384583 0.385031 0.384925 0.384468 0.384175 0.384045
0.384273 0.384640 0.384792 0.384894 0.385398 0.386151
0.386751 0.387352 0.387768 0.388055 0.388692 0.389547
0.390316 0.390963 0.391409 0.391454 0.391477 0.391660
0.391798 0.391791 0.392034 0.392589 0.393190 0.393747
0.394212 0.394584 0.395095 0.395547 0.395964 0.396154
0.396006 0.396025 0.396002 0.396042 0.395952 0.395647
0.395463 0.395251 0.395224 0.395176 0.395060 0.394876
0.394675 0.394715 0.394689 0.394813 0.394872 0.395165
0.395670 0.395916 0.396040 0.390239 0.389709 0.388720
0.387773 0.387006 0.386560 0.386244 0.386035 0.385758
0.385432 0.385512 0.385965 0.386351 0.386764 0.386941
0.386935 0.386844 0.386577 0.386561 0.386768 0.386983
0.386931 0.386794 0.386850 0.386929 0.387013 0.386981
0.386793 0.386859 0.387080 0.387377 0.387683 0.387749
0.388081 0.388700 0.389209 0.389928 0.390933 0.391862
0.392769 0.393970 0.395036 0.396059 0.396983 0.397989
0.399542 0.400678 0.401209 0.401494 0.401986 0.402542
0.403033 0.403765 0.404450 0.404932 0.405173 0.405163
0.405112 0.404881 0.405112 0.406200 0.406743 0.406412
0.406059 0.405962 0.405812 0.406103 0.406513 0.406517
0.406117 0.405371 0.404634 0.403385 0.401910 0.400233
0.398771 0.397749 0.396621 0.395315 0.394292 0.393798
0.393427 0.392728 0.391702 0.390841 0.390104 0.389284
0.388587 0.388283 0.387795 0.387033 0.386782 0.386671
0.386235 0.385957 0.385773 0.385693 0.385715 0.385737
0.385627 0.385307 0.384978 0.384918 0.384918 0.384862
0.384883 0.384883 0.384744 0.384583 0.384524 0.384716
0.384952 0.385009 0.384955 0.385033 0.385272 0.385161
0.384886 0.384706 0.384583 0.384547 0.384842 0.385182
0.385224 0.385624 0.386367 0.386766 0.387306 0.387833
0.388070 0.388689 0.389456 0.390239 0.391012 0.391353
0.391240 0.391377 0.391744 0.391947 0.392194 0.392606
0.393025 0.393312 0.393765 0.394419 0.394802 0.395088
0.395495 0.395688 0.395693 0.395642 0.395475 0.395360
0.395577 0.395545 0.395197 0.394893 0.394594 0.394702
0.394896 0.394841 0.394813 0.394792 0.394794 0.394796
0.395013 0.395177 0.395227 0.395550 0.395830 0.395919
0.390145 0.389603 0.388491 0.387516 0.386706 0.386112
0.385774 0.385448 0.385258 0.385122 0.385234 0.385612
0.385982 0.386421 0.386618 0.386676 0.386621 0.386539
0.386555 0.386740 0.387136 0.387327 0.387307 0.387333
0.387312 0.387295 0.387354 0.387201 0.386995 0.387113
0.387384 0.387606 0.387720 0.388002 0.388553 0.388852
0.389345 0.390351 0.391280 0.392007 0.393049 0.394096
0.395091 0.396012 0.396761 0.398086 0.399551 0.400258
0.400706 0.401172 0.401325 0.401727 0.402468 0.403109
0.403588 0.403630 0.403376 0.403040 0.402786 0.403304
0.404158 0.404537 0.404429 0.404418 0.404248 0.404192
0.404847 0.405241 0.405207 0.405043 0.404586 0.404009
0.402987 0.401459 0.400038 0.398692 0.397428 0.396326
0.394952 0.393859 0.393601 0.393325 0.392505 0.391373
0.390412 0.389842 0.389230 0.388631 0.388136 0.387477
0.386824 0.386488 0.386419 0.386114 0.385730 0.385673
0.385841 0.385731 0.385546 0.385284 0.384970 0.384878
0.384904 0.384940 0.385051 0.385109 0.384928 0.384774
0.384918 0.385083 0.385254 0.385453 0.385446 0.385318
0.385257 0.385333 0.385267 0.385112 0.385035 0.385011
0.384921 0.385113 0.385397 0.385573 0.385993 0.386434
0.386773 0.387215 0.387600 0.387936 0.388493 0.389199
0.390158 0.391039 0.391186 0.390923 0.391203 0.391744
0.392291 0.392912 0.393152 0.393416 0.393767 0.394050
0.394603 0.395016 0.395062 0.395116 0.395312 0.395461
0.395408 0.395254 0.395039 0.395112 0.395122 0.394940
0.394566 0.394113 0.394151 0.394402 0.394570 0.394644
0.394679 0.394751 0.394923 0.395226 0.395365 0.395297
0.395499 0.395977 0.396240 0.390019 0.389385 0.388138
0.387187 0.386384 0.385596 0.385113 0.384749 0.384570
0.384606 0.384841 0.385165 0.385520 0.385779 0.385964
0.386232 0.386355 0.386351 0.386375 0.386722 0.387180
0.387456 0.387541 0.387561 0.387521 0.387463 0.387643
0.387525 0.387079 0.387056 0.387352 0.387416 0.387466
0.387861 0.388337 0.388654 0.389086 0.389836 0.390675
0.391407 0.392156 0.393085 0.394139 0.395131 0.396058
0.397025 0.398474 0.399560 0.400104 0.400458 0.400593
0.401223 0.401810 0.402148 0.402486 0.402156 0.401340
0.400859 0.400978 0.401558 0.402073 0.402274 0.402332
0.402704 0.402928 0.403270 0.403720 0.403721 0.403786
0.403878 0.403672 0.403303 0.402648 0.401293 0.400018
0.398710 0.397142 0.396178 0.395072 0.393761 0.393181
0.393004 0.392455 0.391307 0.390263 0.389683 0.389096
0.388535 0.387794 0.387078 0.386620 0.386240 0.386160
0.385955 0.385590 0.385397 0.385532 0.385438 0.384901
0.384555 0.384386 0.384421 0.384603 0.384712 0.384947
0.385145 0.385015 0.384816 0.385177 0.385683 0.385912
0.385908 0.385646 0.385375 0.385277 0.385426 0.385297
0.385185 0.385293 0.385458 0.385679 0.385674 0.385691
0.385934 0.386221 0.386379 0.386636 0.386978 0.387359
0.387847 0.388427 0.389217 0.390043 0.390717 0.390757
0.390602 0.390987 0.391535 0.392390 0.393135 0.393479
0.393810 0.394108 0.394329 0.394687 0.394973 0.395132
0.395085 0.395138 0.395359 0.395497 0.395502 0.395057
0.394914 0.394901 0.394650 0.394242 0.393789 0.393508
0.393576 0.394123 0.394538 0.394721 0.394820 0.394999
0.395339 0.395452 0.395315 0.395338 0.395937 0.396393
0.389837 0.389040 0.387771 0.386874 0.385959 0.385105
0.384596 0.384305 0.384071 0.384127 0.384415 0.384632
0.384867 0.384954 0.385055 0.385447 0.385803 0.385883
0.386076 0.386665 0.387162 0.387566 0.387623 0.387575
0.387778 0.387682 0.387725 0.387788 0.387296 0.387044
0.387312 0.387312 0.387233 0.387548 0.387931 0.388257
0.388822 0.389514 0.389988 0.390713 0.391646 0.392507
0.393371 0.394226 0.395334 0.396347 0.397454 0.398650
0.399204 0.399585 0.400171 0.400560 0.400723 0.400983
0.401247 0.400712 0.399688 0.399280 0.399583 0.399933
0.400197 0.400385 0.400481 0.400994 0.401639 0.402122
0.402207 0.402092 0.402392 0.402642 0.402498 0.402389
0.402003 0.401160 0.399901 0.398298 0.397028 0.396220
0.395214 0.394039 0.393244 0.392839 0.392404 0.391446
0.390426 0.389585 0.388753 0.388092 0.387388 0.386714
0.386362 0.386056 0.385794 0.385500 0.385209 0.385004
0.384901 0.384724 0.384166 0.383888 0.383846 0.383892
0.384072 0.384085 0.384369 0.384807 0.384960 0.384871
0.385140 0.385762 0.386271 0.386396 0.386013 0.385609
0.385535 0.385729 0.385640 0.385497 0.385670 0.386068
0.386457 0.386421 0.386284 0.386357 0.386358 0.386401
0.386570 0.386765 0.387136 0.387616 0.388301 0.389258
0.389961 0.390376 0.390465 0.390376 0.390740 0.391321
0.392154 0.392945 0.393632 0.394196 0.394373 0.394562
0.394814 0.395023 0.395292 0.395325 0.395344 0.395450
0.395518 0.395464 0.395090 0.394954 0.394876 0.394358
0.393735 0.393561 0.393390 0.393201 0.393725 0.394391
0.394695 0.394739 0.394749 0.395038 0.395220 0.395077
0.395117 0.395645 0.395998 0.389559 0.388819 0.387490
0.386578 0.385775 0.385047 0.384549 0.384072 0.383773
0.383774 0.383842 0.383950 0.384214 0.384318 0.384484
0.384866 0.385204 0.385418 0.385855 0.386583 0.387024
0.387407 0.387452 0.387453 0.387742 0.387738 0.387728
0.387846 0.387544 0.387096 0.387156 0.387094 0.386784
0.386957 0.387345 0.387580 0.388195 0.388875 0.389323
0.390195 0.391204 0.391843 0.392492 0.393088 0.394015
0.395065 0.395898 0.397061 0.397978 0.398688 0.399365
0.399634 0.399607 0.399854 0.400060 0.399538 0.398732
0.398271 0.398410 0.398533 0.398552 0.398798 0.399252
0.399745 0.400269 0.400749 0.400920 0.400930 0.401083
0.401463 0.401521 0.401493 0.401169 0.400533 0.399531
0.398023 0.396926 0.396055 0.395164 0.394291 0.393562
0.393033 0.392387 0.391415 0.390327 0.389341 0.388425
0.387716 0.387109 0.386528 0.386193 0.385821 0.385436
0.385225 0.385038 0.384822 0.384429 0.383980 0.383710
0.383445 0.383385 0.383563 0.383577 0.383550 0.383910
0.384468 0.384666 0.384842 0.385371 0.385938 0.386357
0.386584 0.386394 0.385981 0.385978 0.386109 0.386009
0.385933 0.385991 0.386375 0.386765 0.386776 0.386648
0.386539 0.386364 0.386357 0.386365 0.386420 0.386894
0.387362 0.388121 0.389148 0.389687 0.390043 0.390286
0.390100 0.390321 0.391254 0.392149 0.392905 0.393739
0.394311 0.394387 0.394471 0.394777 0.395135 0.395368
0.395394 0.395528 0.395540 0.395396 0.395240 0.395015
0.394866 0.394749 0.394321 0.393639 0.393442 0.393296
0.393087 0.393421 0.393875 0.394060 0.394092 0.394133
0.394503 0.394789 0.394674 0.394684 0.395116 0.395454
0.388932 0.388460 0.387281 0.386324 0.385632 0.384902
0.384383 0.383945 0.383584 0.383310 0.383229 0.383431
0.383759 0.384053 0.384412 0.384701 0.384811 0.385021
0.385705 0.386438 0.386776 0.387082 0.387210 0.387163
0.387363 0.387558 0.387458 0.387505 0.387361 0.386990
0.387016 0.386927 0.386603 0.386618 0.386873 0.387189
0.387678 0.388312 0.388944 0.389556 0.390223 0.390809
0.391454 0.391876 0.392544 0.393485 0.394630 0.395969
0.397009 0.397952 0.398669 0.399117 0.399165 0.399181
0.399062 0.398567 0.397882 0.397269 0.397241 0.397359
0.397298 0.397453 0.397863 0.398377 0.399050 0.399716
0.399984 0.400041 0.400128 0.400346 0.400383 0.400376
0.400351 0.399922 0.399142 0.398048 0.397017 0.396166
0.395155 0.394370 0.393840 0.393214 0.392426 0.391238
0.389980 0.388976 0.388099 0.387434 0.386822 0.386422
0.386222 0.385825 0.385438 0.385255 0.385004 0.384616
0.384090 0.383578 0.383451 0.383317 0.383203 0.383336
0.383365 0.383421 0.383746 0.384211 0.384561 0.385052
0.385744 0.386047 0.386191 0.386380 0.386445 0.386259
0.386167 0.386151 0.386121 0.386270 0.386364 0.386523
0.386680 0.386711 0.386732 0.386678 0.386400 0.386139
0.386108 0.386235 0.386703 0.387125 0.387831 0.388689
0.389082 0.389382 0.389733 0.389911 0.390193 0.391103
0.392082 0.392950 0.393784 0.394132 0.394055 0.394232
0.394683 0.394976 0.395076 0.395010 0.395010 0.395218
0.395297 0.395254 0.395212 0.394934 0.394547 0.394203
0.393781 0.393480 0.393183 0.392967 0.393106 0.393377
0.393483 0.393469 0.393560 0.393791 0.394047 0.394246
0.394230 0.394480 0.394851 0.388624 0.388128 0.387129
0.386238 0.385536 0.384884 0.384305 0.383984 0.383650
0.383166 0.382890 0.383062 0.383335 0.383680 0.384164
0.384410 0.384586 0.384915 0.385461 0.386013 0.386304
0.386494 0.386733 0.386819 0.387170 0.387505 0.387357
0.387280 0.387100 0.386985 0.387179 0.387147 0.386828
0.386662 0.386746 0.387048 0.387391 0.388022 0.388682
0.388946 0.389262 0.389633 0.390195 0.390711 0.391490
0.392369 0.393663 0.395473 0.396491 0.397237 0.398006
0.398412 0.398670 0.398671 0.398415 0.397947 0.397252
0.396670 0.396537 0.396642 0.396435 0.396261 0.396278
0.396711 0.397895 0.398841 0.399118 0.399398 0.399559
0.399606 0.399538 0.399423 0.399457 0.399296 0.398733
0.397969 0.397356 0.396506 0.395134 0.394259 0.393843
0.393203 0.392199 0.390837 0.389695 0.388701 0.387821
0.387217 0.386596 0.386330 0.386071 0.385730 0.385519
0.385222 0.384807 0.384221 0.383773 0.383504 0.383309
0.383233 0.383153 0.383098 0.383156 0.383222 0.383593
0.384132 0.384649 0.385240 0.385640 0.385836 0.385937
0.386238 0.386446 0.386190 0.385946 0.385936 0.386208
0.386569 0.386663 0.386574 0.386672 0.386846 0.386912
0.386907 0.386685 0.386316 0.386208 0.386399 0.386677
0.387030 0.387627 0.388066 0.388345 0.388567 0.389027
0.389743 0.390365 0.391140 0.391872 0.392770 0.393398
0.393449 0.393596 0.394030 0.394539 0.394774 0.394737
0.394423 0.394430 0.395061 0.395365 0.395377 0.395420
0.395124 0.394521 0.393999 0.393656 0.393451 0.393178
0.392853 0.392872 0.393176 0.393245 0.393163 0.393158
0.393104 0.393297 0.393735 0.393797 0.393960 0.394288
0.388489 0.388051 0.387257 0.386503 0.385817 0.385266
0.384727 0.384391 0.383995 0.383438 0.382929 0.382663
0.382688 0.382975 0.383537 0.383971 0.384344 0.384758
0.385098 0.385522 0.385845 0.385971 0.386341 0.386807
0.387219 0.387510 0.387388 0.387270 0.387239 0.387246
0.387376 0.387310 0.387055 0.386890 0.386857 0.386862
0.387145 0.387903 0.388494 0.388603 0.388648 0.388811
0.389322 0.389976 0.390902 0.391803 0.392896 0.394507
0.395519 0.396140 0.396716 0.397111 0.397578 0.397914
0.397875 0.397356 0.396698 0.396420 0.396405 0.396332
0.395875 0.395395 0.395376 0.395814 0.396732 0.397557
0.398098 0.398697 0.399110 0.399227 0.399094 0.398789
0.398662 0.398614 0.398243 0.397713 0.397241 0.396188
0.394781 0.394004 0.393427 0.392697 0.391621 0.390324
0.389367 0.388532 0.387833 0.387103 0.386456 0.386246
0.385876 0.385635 0.385628 0.385066 0.384441 0.384015
0.383591 0.383328 0.383104 0.383006 0.382995 0.382989
0.382939 0.382910 0.383302 0.383911 0.384471 0.385061
0.385369 0.385552 0.385626 0.385929 0.386103 0.385684
0.385625 0.385846 0.386122 0.386332 0.386433 0.386586
0.386906 0.387061 0.387065 0.387069 0.386944 0.386816
0.386651 0.386709 0.386929 0.387205 0.387534 0.387534
0.387725 0.388138 0.388734 0.389506 0.390248 0.391132
0.391737 0.392376 0.392815 0.392889 0.393262 0.393851
0.394363 0.394503 0.394341 0.394133 0.394332 0.394943
0.395277 0.395423 0.395381 0.394943 0.394273 0.393709
0.393505 0.393337 0.393110 0.392835 0.392747 0.393023
0.393004 0.392800 0.392642 0.392439 0.392602 0.393082
0.393387 0.393760 0.394074 0.388182 0.387985 0.387469
0.386827 0.386092 0.385461 0.384966 0.384572 0.384192
0.383628 0.382986 0.382474 0.382275 0.382365 0.382836
0.383518 0.383861 0.384103 0.384531 0.385066 0.385566
0.385944 0.386256 0.386647 0.387019 0.387324 0.387304
0.387217 0.387421 0.387428 0.387324 0.387298 0.387233
0.387072 0.386960 0.386923 0.387168 0.387765 0.388146
0.388264 0.388354 0.388515 0.388895 0.389446 0.390212
0.391203 0.392344 0.393395 0.394346 0.395055 0.395440
0.395927 0.396511 0.397000 0.397083 0.396527 0.395877
0.395728 0.395914 0.395940 0.395570 0.395115 0.395102
0.395521 0.396040 0.396667 0.397330 0.397929 0.398356
0.398551 0.398657 0.398320 0.398028 0.397963 0.397660
0.397175 0.396530 0.395379 0.394120 0.393593 0.393086
0.392160 0.391026 0.389952 0.389208 0.388442 0.387872
0.387184 0.386396 0.386049 0.385664 0.385454 0.385413
0.384786 0.384085 0.383786 0.383499 0.383205 0.382950
0.382821 0.382803 0.382924 0.382819 0.382735 0.383084
0.383607 0.384101 0.384669 0.385086 0.385149 0.385270
0.385619 0.385616 0.385289 0.385352 0.385515 0.385553
0.385573 0.385889 0.386417 0.386925 0.387108 0.387091
0.387115 0.387113 0.387146 0.387206 0.387231 0.387299
0.387433 0.387330 0.387154 0.387411 0.388021 0.388587
0.389214 0.389876 0.390741 0.391396 0.391886 0.392484
0.392658 0.392931 0.393541 0.393985 0.394035 0.393776
0.393622 0.394024 0.394741 0.395234 0.395521 0.395474
0.394854 0.394069 0.393570 0.393481 0.393426 0.393242
0.392921 0.392728 0.392856 0.392728 0.392383 0.391920
0.391616 0.391894 0.392403 0.393094 0.393839 0.394116
0.387926 0.387907 0.387563 0.386983 0.386261 0.385566
0.384895 0.384356 0.384081 0.383729 0.383156 0.382522
0.382274 0.382259 0.382541 0.383059 0.383302 0.383548
0.384071 0.384672 0.385276 0.385793 0.386086 0.386406
0.386648 0.386857 0.386983 0.387062 0.387260 0.387243
0.387209 0.387130 0.387044 0.387063 0.387127 0.387221
0.387361 0.387567 0.387735 0.387909 0.388135 0.388314
0.388485 0.388872 0.389511 0.390432 0.391442 0.392301
0.393262 0.393965 0.394484 0.395292 0.395923 0.396097
0.396085 0.395898 0.395432 0.395233 0.395357 0.395529
0.395295 0.394762 0.394630 0.394942 0.395586 0.396206
0.396810 0.397245 0.397269 0.397464 0.397873 0.397734
0.397421 0.397271 0.396951 0.396343 0.395547 0.394548
0.393610 0.393093 0.392581 0.391628 0.390389 0.389526
0.389144 0.388490 0.387709 0.386914 0.386136 0.385890
0.385514 0.385101 0.384923 0.384417 0.383701 0.383321
0.383246 0.382957 0.382592 0.382447 0.382469 0.382425
0.382317 0.382462 0.382791 0.383164 0.383619 0.384269
0.384704 0.384701 0.384888 0.385206 0.385138 0.384927
0.384789 0.384721 0.384775 0.385003 0.385517 0.385982
0.386450 0.386908 0.386921 0.386932 0.387232 0.387385
0.387550 0.387547 0.387378 0.387387 0.387192 0.387145
0.387368 0.387739 0.388358 0.389077 0.389793 0.390525
0.390976 0.391407 0.392003 0.392243 0.392494 0.392971
0.393351 0.393394 0.393220 0.393219 0.393752 0.394523
0.395177 0.395525 0.395411 0.394889 0.394088 0.393450
0.393356 0.393369 0.393252 0.393142 0.393005 0.392820
0.392549 0.392095 0.391429 0.391164 0.391544 0.392121
0.392938 0.393918 0.394325 0.387717 0.387577 0.387263
0.386816 0.386213 0.385641 0.384894 0.384312 0.384038
0.383712 0.383378 0.382758 0.382390 0.382549 0.382753
0.382920 0.383070 0.383397 0.383990 0.384507 0.385098
0.385585 0.385870 0.386284 0.386439 0.386436 0.386525
0.386786 0.386973 0.386948 0.386983 0.386958 0.386958
0.387200 0.387439 0.387564 0.387403 0.387234 0.387461
0.387666 0.387900 0.388082 0.388170 0.388501 0.389144
0.389920 0.390556 0.391228 0.392165 0.392986 0.393841
0.394868 0.395401 0.395427 0.395330 0.395441 0.395514
0.395398 0.395231 0.395133 0.394909 0.394440 0.394307
0.394631 0.395250 0.395736 0.396236 0.396494 0.396212
0.396361 0.396704 0.396706 0.396670 0.396584 0.396206
0.395442 0.394598 0.393799 0.392884 0.392101 0.391572
0.390829 0.389843 0.389183 0.388909 0.388581 0.387829
0.386878 0.386256 0.385808 0.385244 0.384715 0.384420
0.384072 0.383417 0.382923 0.382730 0.382475 0.382164
0.382033 0.381953 0.381763 0.381745 0.381913 0.382075
0.382464 0.383082 0.383750 0.384171 0.384211 0.384369
0.384516 0.384530 0.384433 0.384214 0.384079 0.384127
0.384496 0.385069 0.385511 0.385830 0.386405 0.386639
0.386612 0.386945 0.387356 0.387546 0.387465 0.387326
0.387179 0.387023 0.387123 0.387277 0.387365 0.387884
0.388794 0.389809 0.390476 0.390754 0.391029 0.391438
0.391863 0.392116 0.392296 0.392703 0.393010 0.393011
0.393289 0.393762 0.394178 0.394855 0.395281 0.395098
0.394672 0.394050 0.393403 0.393133 0.393049 0.393010
0.393172 0.393215 0.392868 0.392559 0.392156 0.391598
0.391420 0.391649 0.392239 0.392936 0.393830 0.394356
0.387742 0.387391 0.386846 0.386324 0.385861 0.385473
0.384908 0.384299 0.383846 0.383537 0.383380 0.383093
0.382753 0.382847 0.382938 0.382987 0.383092 0.383368
0.384011 0.384682 0.385278 0.385684 0.386022 0.386389
0.386548 0.386511 0.386466 0.386741 0.387048 0.387009
0.386888 0.386986 0.387266 0.387547 0.387720 0.387640
0.387273 0.386974 0.387178 0.387392 0.387513 0.387812
0.388035 0.388201 0.388755 0.389577 0.390118 0.390508
0.391181 0.392121 0.393280 0.394427 0.395043 0.395229
0.395169 0.395367 0.395721 0.395607 0.395122 0.394769
0.394725 0.394707 0.394643 0.394788 0.395181 0.395469
0.395726 0.395784 0.395591 0.395636 0.395671 0.395589
0.395692 0.395692 0.395261 0.394498 0.393740 0.393141
0.392280 0.391293 0.390661 0.390047 0.389323 0.388767
0.388407 0.388273 0.387760 0.386980 0.386453 0.385658
0.384877 0.384407 0.384098 0.383727 0.383133 0.382558
0.382223 0.382069 0.381828 0.381729 0.381551 0.381225
0.381235 0.381282 0.381306 0.381780 0.382532 0.383114
0.383453 0.383528 0.383608 0.383692 0.383803 0.383836
0.383622 0.383565 0.383705 0.383927 0.384307 0.384852
0.385334 0.385923 0.386430 0.386486 0.386636 0.387162
0.387272 0.387121 0.387032 0.386776 0.386697 0.386882
0.387161 0.387481 0.387823 0.388458 0.389416 0.390005
0.390374 0.390675 0.390981 0.391443 0.391788 0.391967
0.392399 0.392796 0.392897 0.393250 0.393667 0.394039
0.394658 0.395005 0.394880 0.394589 0.394082 0.393528
0.393063 0.392830 0.392881 0.392957 0.392865 0.392569
0.392401 0.392237 0.392016 0.391938 0.391903 0.392049
0.392578 0.393412 0.393837 0.387600 0.387251 0.386459
0.385889 0.385694 0.385368 0.384822 0.384287 0.383782
0.383546 0.383385 0.383136 0.383088 0.383100 0.383108
0.383265 0.383424 0.383590 0.384051 0.384707 0.385321
0.385875 0.386438 0.386715 0.386715 0.386719 0.386816
0.387083 0.387247 0.387078 0.386984 0.387177 0.387408
0.387521 0.387595 0.387392 0.387182 0.387089 0.387158
0.387364 0.387439 0.387712 0.387958 0.388055 0.388211
0.388832 0.389509 0.389959 0.390488 0.391273 0.392579
0.393898 0.394790 0.395265 0.395444 0.395607 0.395710
0.395522 0.395058 0.394709 0.394657 0.394766 0.394839
0.394957 0.395117 0.395122 0.395145 0.395073 0.394874
0.394801 0.394738 0.394626 0.394632 0.394428 0.393814
0.393243 0.392810 0.392459 0.391833 0.390672 0.389834
0.389273 0.388618 0.388066 0.387726 0.387599 0.387342
0.386837 0.386121 0.385453 0.384938 0.384443 0.384023
0.383508 0.382859 0.382249 0.381915 0.381745 0.381495
0.381356 0.381128 0.380715 0.380598 0.380553 0.380653
0.381253 0.381920 0.382359 0.382681 0.382796 0.382738
0.382830 0.383000 0.383038 0.382947 0.382867 0.382877
0.383086 0.383468 0.384080 0.384880 0.385614 0.386120
0.386262 0.386388 0.386691 0.386754 0.386629 0.386329
0.386124 0.386190 0.386558 0.387152 0.387592 0.387892
0.388288 0.388818 0.389103 0.389415 0.389920 0.390465
0.391190 0.391799 0.392001 0.392265 0.392552 0.392801
0.393252 0.393630 0.393988 0.394496 0.394833 0.394753
0.394477 0.393962 0.393412 0.393055 0.392877 0.392879
0.392744 0.392487 0.392235 0.392066 0.391953 0.391870
0.391887 0.391899 0.391816 0.392197 0.393111 0.393561
0.387616 0.387190 0.386396 0.385923 0.385729 0.385421
0.384823 0.384397 0.384103 0.383885 0.383681 0.383375
0.383335 0.383384 0.383474 0.383598 0.383706 0.383888
0.384276 0.384755 0.385281 0.386017 0.386600 0.386750
0.386806 0.386931 0.387195 0.387324 0.387234 0.387227
0.387163 0.387261 0.387481 0.387548 0.387418 0.387313
0.387422 0.387359 0.387399 0.387673 0.387794 0.387742
0.387700 0.387698 0.387635 0.388059 0.388930 0.389698
0.390180 0.390922 0.392148 0.393465 0.394565 0.395265
0.395742 0.395591 0.395433 0.395664 0.395480 0.394864
0.394562 0.394516 0.394522 0.394731 0.394841 0.394805
0.394777 0.394552 0.394074 0.393837 0.393845 0.393869
0.393680 0.393041 0.392307 0.391878 0.391671 0.391485
0.390971 0.389892 0.389011 0.388427 0.387766 0.387351
0.387215 0.387132 0.387034 0.386678 0.385776 0.385089
0.384854 0.384406 0.383663 0.383082 0.382549 0.381937
0.381616 0.381432 0.381189 0.380914 0.380519 0.380142
0.380009 0.380019 0.380161 0.380484 0.380940 0.381405
0.381783 0.381905 0.381855 0.381934 0.382075 0.382111
0.382166 0.382068 0.381934 0.382300 0.382774 0.383306
0.384317 0.385209 0.385447 0.385546 0.385845 0.386041
0.386104 0.386101 0.385837 0.385759 0.385965 0.386476
0.387097 0.387265 0.387390 0.387678 0.387973 0.388205
0.388602 0.389215 0.390118 0.391148 0.391783 0.391905
0.392041 0.392486 0.392955 0.393248 0.393532 0.393842
0.394133 0.394376 0.394270 0.393946 0.393542 0.393224
0.392947 0.392757 0.392756 0.392571 0.392156 0.391872
0.391725 0.391643 0.391553 0.391540 0.391753 0.391813
0.392191 0.393130 0.393612 0.387927 0.387424 0.386674
0.386217 0.385754 0.385353 0.384926 0.384609 0.384519
0.384363 0.384076 0.383843 0.383774 0.383708 0.383643
0.383583 0.383718 0.384149 0.384605 0.384985 0.385361
0.385980 0.386493 0.386693 0.386949 0.387139 0.387249
0.387346 0.387357 0.387398 0.387263 0.387214 0.387541
0.387686 0.387428 0.387296 0.387472 0.387503 0.387631
0.387972 0.387959 0.387605 0.387375 0.387401 0.387555
0.387919 0.388596 0.389217 0.389871 0.390893 0.391976
0.393037 0.394178 0.395122 0.395755 0.395570 0.395348
0.395630 0.395588 0.395019 0.394462 0.394157 0.394048
0.394254 0.394350 0.394335 0.394309 0.394066 0.393512
0.393067 0.393067 0.393031 0.392576 0.391878 0.391307
0.390840 0.390538 0.390359 0.389811 0.389002 0.388262
0.387631 0.386924 0.386592 0.386742 0.386762 0.386498
0.386013 0.385287 0.384607 0.384306 0.383937 0.383051
0.382392 0.382039 0.381472 0.381033 0.380836 0.380720
0.380392 0.379850 0.379474 0.379360 0.379596 0.379704
0.379573 0.379851 0.380423 0.380813 0.380853 0.380803
0.380887 0.381102 0.381225 0.381222 0.381252 0.381384
0.381811 0.382263 0.382790 0.383774 0.384525 0.384589
0.384779 0.385274 0.385500 0.385516 0.385376 0.385297
0.385405 0.385766 0.386360 0.386786 0.386967 0.387034
0.387150 0.387292 0.387639 0.388458 0.389200 0.390126
0.391211 0.391725 0.391915 0.392003 0.392437 0.392947
0.393012 0.393300 0.393571 0.393631 0.393922 0.393891
0.393461 0.393051 0.392897 0.392691 0.392458 0.392528
0.392398 0.391923 0.391617 0.391512 0.391451 0.391454
0.391536 0.391680 0.391683 0.392041 0.392907 0.393358
0.388084 0.387648 0.386986 0.386426 0.385876 0.385503
0.385195 0.384956 0.384955 0.384894 0.384487 0.384204
0.384221 0.383971 0.383678 0.383669 0.383766 0.384188
0.384737 0.385001 0.385188 0.385701 0.386278 0.386699
0.387078 0.387364 0.387321 0.387281 0.387328 0.387229
0.387250 0.387413 0.387532 0.387479 0.387273 0.387223
0.387391 0.387517 0.387774 0.388072 0.387984 0.387541
0.387128 0.387168 0.387623 0.388125 0.388552 0.389043
0.389943 0.390977 0.391836 0.392575 0.393690 0.394987
0.395507 0.395247 0.395155 0.395173 0.395075 0.394880
0.394145 0.393689 0.393839 0.394082 0.394066 0.393866
0.393609 0.393293 0.392921 0.392505 0.392332 0.392069
0.391555 0.391130 0.390728 0.390238 0.389830 0.389419
0.388711 0.388064 0.387385 0.386746 0.386409 0.386315
0.386367 0.386206 0.385788 0.385238 0.384725 0.384209
0.383825 0.383282 0.382391 0.381680 0.381294 0.380841
0.380285 0.380007 0.380013 0.379787 0.379219 0.378781
0.378670 0.378868 0.379062 0.379028 0.379216 0.379689
0.379901 0.379865 0.379765 0.379812 0.380187 0.380481
0.380513 0.380677 0.380999 0.381391 0.381977 0.382637
0.383380 0.383905 0.383968 0.384076 0.384612 0.384994
0.384976 0.384734 0.384760 0.384920 0.385193 0.385878
0.386388 0.386647 0.386772 0.387029 0.387343 0.387693
0.388333 0.389133 0.390122 0.391111 0.391592 0.391922
0.392214 0.392618 0.392999 0.393059 0.393377 0.393527
0.393482 0.393808 0.393801 0.393291 0.392748 0.392480
0.392315 0.392126 0.392239 0.392248 0.392082 0.391817
0.391537 0.391327 0.391293 0.391546 0.391676 0.391726
0.391987 0.392620 0.393046 0.388537 0.388138 0.387514
0.386806 0.386259 0.386116 0.385778 0.385311 0.385304
0.385457 0.385079 0.384559 0.384481 0.384463 0.384291
0.384018 0.383923 0.384272 0.384605 0.384663 0.384913
0.385546 0.386204 0.386753 0.387244 0.387656 0.387548
0.387329 0.387215 0.387090 0.387225 0.387433 0.387461
0.387333 0.387174 0.387226 0.387568 0.387689 0.387686
0.387882 0.387898 0.387515 0.387060 0.386949 0.387365
0.388099 0.388739 0.389456 0.390134 0.390747 0.391565
0.392374 0.393484 0.394586 0.394935 0.394787 0.394953
0.394947 0.394654 0.394424 0.393714 0.393432 0.393725
0.393894 0.393928 0.393734 0.393282 0.392818 0.392456
0.392040 0.391748 0.391423 0.391065 0.390725 0.390182
0.389672 0.389123 0.388460 0.387847 0.387380 0.386824
0.386325 0.386401 0.386515 0.386265 0.385916 0.385331
0.384671 0.384223 0.383714 0.383192 0.382500 0.381634
0.380857 0.380358 0.379973 0.379501 0.379266 0.379160
0.378963 0.378633 0.378195 0.377994 0.378115 0.378343
0.378514 0.378724 0.379095 0.379163 0.379014 0.378910
0.378975 0.379437 0.379874 0.380139 0.380347 0.380740
0.381227 0.381667 0.382307 0.382894 0.383252 0.383355
0.383491 0.384087 0.384570 0.384563 0.384470 0.384638
0.384758 0.384997 0.385661 0.386206 0.386451 0.386632
0.386994 0.387498 0.387883 0.388112 0.388874 0.390044
0.390906 0.391331 0.391880 0.392598 0.393174 0.393591
0.393666 0.393769 0.393848 0.393796 0.393784 0.393574
0.393184 0.392713 0.392328 0.392120 0.391998 0.392117
0.392272 0.392202 0.391937 0.391641 0.391262 0.391124
0.391428 0.391657 0.391847 0.392184 0.392765 0.393132
0.388863 0.388557 0.387938 0.387365 0.387107 0.386927
0.386437 0.385954 0.385877 0.385929 0.385645 0.385159
0.384970 0.384945 0.384800 0.384334 0.384141 0.384430
0.384589 0.384574 0.384910 0.385672 0.386301 0.386729
0.387161 0.387596 0.387591 0.387424 0.387360 0.387355
0.387407 0.387463 0.387558 0.387410 0.387214 0.387388
0.387617 0.387587 0.387447 0.387544 0.387539 0.387318
0.387265 0.387383 0.387550 0.388030 0.388811 0.389551
0.389889 0.390254 0.391156 0.392112 0.393077 0.393867
0.394238 0.394373 0.394669 0.394829 0.394519 0.393991
0.393434 0.393292 0.393305 0.393470 0.393828 0.393739
0.393218 0.392577 0.391996 0.391559 0.391198 0.390767
0.390525 0.390069 0.389324 0.388944 0.388543 0.387868
0.387121 0.386567 0.386480 0.386363 0.386288 0.386284
0.385828 0.385431 0.384998 0.384405 0.383922 0.383241
0.382319 0.381485 0.380808 0.380049 0.379535 0.379228
0.378786 0.378538 0.378402 0.378109 0.377854 0.377606
0.377433 0.377579 0.377825 0.378001 0.378214 0.378491
0.378460 0.378254 0.378232 0.378356 0.378696 0.379253
0.379794 0.379937 0.380244 0.380843 0.381209 0.381755
0.382247 0.382481 0.382708 0.383016 0.383556 0.384018
0.384189 0.384185 0.384517 0.384807 0.384979 0.385633
0.386181 0.386375 0.386597 0.387026 0.387524 0.387908
0.388290 0.389053 0.390018 0.390835 0.391418 0.392056
0.392941 0.393671 0.394092 0.394200 0.394189 0.394097
0.393845 0.393616 0.393362 0.393179 0.392914 0.392442
0.392219 0.392182 0.392211 0.392170 0.391939 0.391845
0.391578 0.391108 0.391043 0.391356 0.391600 0.391775
0.392195 0.392719 0.392958 0.389023 0.388813 0.388332
0.387928 0.387803 0.387530 0.387014 0.386596 0.386390
0.386295 0.386146 0.385914 0.385622 0.385190 0.384894
0.384597 0.384409 0.384602 0.384809 0.384890 0.385124
0.385645 0.386242 0.386700 0.387015 0.387353 0.387370
0.387196 0.387345 0.387669 0.387683 0.387572 0.387641
0.387444 0.387177 0.387609 0.387762 0.387523 0.387396
0.387304 0.387151 0.387028 0.387240 0.387546 0.387818
0.388121 0.388772 0.389463 0.389704 0.389893 0.390518
0.391438 0.392332 0.393142 0.393617 0.393717 0.394028
0.394402 0.394143 0.393621 0.393307 0.393213 0.393242
0.393483 0.393868 0.393729 0.393109 0.392278 0.391541
0.391142 0.390731 0.390231 0.389879 0.389223 0.388462
0.388212 0.388155 0.387722 0.386714 0.385828 0.385733
0.385646 0.385377 0.385315 0.384964 0.384586 0.384453
0.384203 0.383601 0.382772 0.381632 0.380587 0.379992
0.379265 0.378754 0.378599 0.378214 0.377847 0.377692
0.377485 0.377212 0.377021 0.376999 0.377095 0.377291
0.377529 0.377724 0.377804 0.377803 0.377747 0.377809
0.377997 0.378189 0.378647 0.379201 0.379378 0.379683
0.380240 0.380724 0.381265 0.381652 0.381840 0.382110
0.382368 0.382674 0.383189 0.383533 0.383734 0.384156
0.384412 0.384686 0.385446 0.386014 0.386277 0.386591
0.387051 0.387459 0.387796 0.388408 0.389112 0.389717
0.390509 0.391318 0.392102 0.393091 0.393884 0.394293
0.394404 0.394371 0.394200 0.393821 0.393457 0.393264
0.393246 0.393110 0.392704 0.392425 0.392181 0.392051
0.391856 0.391569 0.391479 0.391180 0.390914 0.390933
0.391142 0.391238 0.391447 0.391928 0.392205 0.392266
0.388973 0.388845 0.388621 0.388347 0.388078 0.387808
0.387326 0.386886 0.386767 0.386696 0.386522 0.386250
0.385849 0.385385 0.385097 0.384902 0.384806 0.384937
0.384979 0.384989 0.385250 0.385533 0.386095 0.386693
0.386835 0.387008 0.387094 0.387014 0.387291 0.387631
0.387542 0.387378 0.387343 0.387318 0.387267 0.387600
0.387893 0.387548 0.387176 0.386925 0.386770 0.386865
0.387014 0.387250 0.387662 0.388082 0.388593 0.389230
0.389631 0.389835 0.390284 0.391024 0.391818 0.392602
0.393065 0.393174 0.393422 0.393765 0.393594 0.393236
0.393021 0.393009 0.393345 0.393550 0.393667 0.393488
0.392853 0.392159 0.391456 0.390844 0.390262 0.389745
0.389290 0.388625 0.387897 0.387582 0.387491 0.387244
0.386500 0.385428 0.385064 0.384934 0.384629 0.384505
0.384320 0.384074 0.383818 0.383562 0.382953 0.382089
0.381070 0.379980 0.379241 0.378551 0.378046 0.377928
0.377627 0.377164 0.376962 0.376898 0.376730 0.376444
0.376380 0.376556 0.376742 0.376995 0.377138 0.377140
0.377238 0.377391 0.377491 0.377700 0.377949 0.378224
0.378599 0.378768 0.379068 0.379592 0.380077 0.380629
0.381006 0.381155 0.381433 0.381693 0.382003 0.382466
0.382907 0.383385 0.383720 0.383893 0.384527 0.385338
0.385897 0.386483 0.386887 0.387207 0.387400 0.387705
0.388359 0.388931 0.389396 0.390189 0.391149 0.392077
0.393131 0.393948 0.394372 0.394438 0.394412 0.394386
0.394064 0.393533 0.393236 0.393203 0.393039 0.392712
0.392505 0.392170 0.391790 0.391618 0.391385 0.391083
0.390867 0.390788 0.390717 0.390699 0.390716 0.390987
0.391474 0.391637 0.391595 0.388760 0.388802 0.388775
0.388562 0.388325 0.388027 0.387576 0.387231 0.387019
0.386875 0.386678 0.386375 0.385944 0.385643 0.385569
0.385444 0.385311 0.385221 0.385144 0.385104 0.385418
0.385708 0.386005 0.386318 0.386371 0.386503 0.386749
0.387143 0.387465 0.387381 0.386976 0.386815 0.386951
0.387109 0.387186 0.387278 0.387495 0.387192 0.386866
0.386841 0.386863 0.387024 0.387026 0.387139 0.387415
0.387825 0.388446 0.388986 0.389443 0.389858 0.390371
0.391075 0.391726 0.392211 0.392539 0.392734 0.392888
0.393133 0.393086 0.392774 0.392570 0.392545 0.392924
0.393120 0.393139 0.393036 0.392564 0.392076 0.391508
0.390840 0.390008 0.389342 0.388777 0.388073 0.387364
0.386978 0.386720 0.386480 0.386204 0.385353 0.384722
0.384588 0.384415 0.384181 0.383911 0.383572 0.383141
0.382698 0.382103 0.381248 0.380313 0.379390 0.378464
0.377795 0.377362 0.377142 0.376982 0.376582 0.376285
0.376181 0.376061 0.375940 0.376007 0.376221 0.376467
0.376525 0.376533 0.376704 0.376868 0.377162 0.377276
0.377334 0.377587 0.377775 0.378012 0.378245 0.378495
0.378898 0.379418 0.380033 0.380347 0.380428 0.380741
0.381170 0.381670 0.382142 0.382744 0.383352 0.383551
0.383743 0.384443 0.385172 0.385658 0.386248 0.386742
0.387152 0.387463 0.387727 0.388249 0.388826 0.389318
0.390116 0.391105 0.391917 0.392895 0.393658 0.393954
0.394114 0.394283 0.394379 0.394152 0.393680 0.393285
0.393164 0.392980 0.392623 0.392388 0.392138 0.391771
0.391492 0.391218 0.390935 0.390725 0.390712 0.390643
0.390459 0.390463 0.390691 0.391009 0.391116 0.391085
0.389070 0.389103 0.389045 0.388850 0.388707 0.388382
0.387887 0.387523 0.387155 0.386951 0.386683 0.386374
0.386158 0.386048 0.386136 0.385960 0.385607 0.385458
0.385420 0.385385 0.385616 0.385865 0.385961 0.385974
0.385995 0.386098 0.386390 0.387066 0.387453 0.387145
0.386694 0.386648 0.386729 0.386778 0.386960 0.387055
0.387126 0.386986 0.386758 0.386986 0.387050 0.386986
0.387000 0.386956 0.387146 0.387442 0.388118 0.388790
0.389226 0.389663 0.390065 0.390725 0.391345 0.391640
0.391980 0.392233 0.392237 0.392308 0.392304 0.392087
0.391947 0.392013 0.392346 0.392501 0.392526 0.392543
0.392259 0.391730 0.391210 0.390607 0.389766 0.389104
0.388344 0.387598 0.386908 0.386273 0.385989 0.385958
0.385968 0.385458 0.384646 0.384227 0.384069 0.383717
0.383386 0.383061 0.382593 0.381977 0.381249 0.380380
0.379369 0.378629 0.377841 0.377147 0.376704 0.376336
0.376233 0.376104 0.375802 0.375614 0.375541 0.375525
0.375678 0.375866 0.376129 0.376115 0.375965 0.376111
0.376501 0.376926 0.376996 0.376981 0.377164 0.377360
0.377498 0.377703 0.378058 0.378514 0.378970 0.379529
0.379936 0.380085 0.380317 0.380661 0.381225 0.381820
0.382392 0.382952 0.383216 0.383432 0.384068 0.384762
0.385273 0.385894 0.386517 0.387025 0.387536 0.387744
0.388018 0.388628 0.389190 0.390121 0.391121 0.391841
0.392561 0.393102 0.393308 0.393455 0.393738 0.393936
0.393929 0.393723 0.393417 0.393291 0.393086 0.392696
0.392392 0.392109 0.391730 0.391357 0.391173 0.391007
0.390776 0.390712 0.390675 0.390549 0.390481 0.390515
0.390470 0.390486 0.390580 0.389772 0.389698 0.389439
0.389114 0.388948 0.388599 0.388176 0.387813 0.387317
0.386946 0.386564 0.386385 0.386448 0.386444 0.386450
0.386117 0.385670 0.385550 0.385534 0.385671 0.385838
0.385817 0.385776 0.385813 0.385869 0.385878 0.386002
0.386538 0.387104 0.387172 0.387129 0.387086 0.386753
0.386764 0.387025 0.387061 0.387103 0.387035 0.386882
0.387029 0.386900 0.386794 0.386932 0.386825 0.387089
0.387363 0.387860 0.388566 0.388946 0.389304 0.389645
0.390137 0.390557 0.390725 0.391078 0.391439 0.391456
0.391504 0.391634 0.391441 0.391330 0.391572 0.391751
0.391844 0.391966 0.391966 0.391809 0.391248 0.390499
0.389862 0.389240 0.388543 0.387861 0.387328 0.386452
0.385648 0.385486 0.385507 0.385480 0.385121 0.384529
0.384132 0.383779 0.383276 0.382932 0.382699 0.382244
0.381393 0.380486 0.379631 0.378684 0.377997 0.377347
0.376684 0.376214 0.375795 0.375496 0.375439 0.375378
0.375267 0.375152 0.375027 0.375144 0.375444 0.375653
0.375622 0.375507 0.375570 0.375885 0.376303 0.376408
0.376393 0.376641 0.377102 0.377292 0.377364 0.377783
0.378237 0.378505 0.378949 0.379566 0.379914 0.380113
0.380369 0.380838 0.381405 0.381889 0.382251 0.382611
0.383069 0.383715 0.384427 0.385158 0.385962 0.386636
0.387106 0.387558 0.387816 0.388058 0.388578 0.389044
0.389917 0.390977 0.391646 0.392193 0.392662 0.392873
0.392944 0.393055 0.393159 0.393366 0.393527 0.393400
0.393321 0.393014 0.392478 0.392177 0.391918 0.391534
0.391295 0.391225 0.390997 0.390726 0.390631 0.390602
0.390370 0.390108 0.390029 0.390016 0.390087 0.390150
0.390021 0.389957 0.389715 0.389394 0.389120 0.388749
0.388406 0.388057 0.387562 0.387105 0.386664 0.386577
0.386768 0.386782 0.386669 0.386402 0.386038 0.385816
0.385824 0.385998 0.386045 0.385797 0.385560 0.385608
0.385689 0.385680 0.385902 0.386525 0.387069 0.387195
0.387361 0.387351 0.387082 0.387111 0.387066 0.387125
0.387265 0.387128 0.386940 0.386802 0.386692 0.386796
0.386876 0.386824 0.387200 0.387517 0.387743 0.388147
0.388424 0.388688 0.389045 0.389334 0.389485 0.389683
0.390054 0.390404 0.390556 0.390686 0.390939 0.390974
0.390760 0.390751 0.390832 0.390917 0.391075 0.391118
0.391087 0.390585 0.389716 0.389089 0.388658 0.388095
0.387545 0.386947 0.386048 0.385344 0.385218 0.385158
0.384964 0.384661 0.384318 0.383974 0.383504 0.383054
0.382620 0.382223 0.381704 0.380830 0.379873 0.379073
0.378359 0.377627 0.376959 0.376422 0.375917 0.375403
0.375059 0.374949 0.374878 0.374839 0.374751 0.374711
0.374813 0.374996 0.375127 0.375050 0.375067 0.375195
0.375329 0.375608 0.375796 0.375928 0.376207 0.376743
0.377092 0.377231 0.377598 0.377994 0.378269 0.378647
0.379191 0.379640 0.379968 0.380292 0.380655 0.381133
0.381566 0.381718 0.382016 0.382635 0.383374 0.384164
0.384917 0.385671 0.386424 0.387056 0.387579 0.387862
0.388081 0.388542 0.389083 0.389730 0.390545 0.391200
0.391738 0.392318 0.392665 0.392716 0.392701 0.392631
0.392749 0.393078 0.393159 0.393066 0.392699 0.392178
0.391770 0.391454 0.391236 0.391126 0.390880 0.390459
0.390283 0.390305 0.390178 0.389774 0.389448 0.389427
0.389552 0.389761 0.389877 0.389972 0.389885 0.389724
0.389513 0.389191 0.388823 0.388391 0.388062 0.387739
0.387243 0.386745 0.386736 0.387073 0.387051 0.386897
0.386776 0.386609 0.386488 0.386336 0.386210 0.386056
0.385730 0.385545 0.385589 0.385453 0.385464 0.385959
0.386600 0.387068 0.387104 0.387199 0.387408 0.387365
0.387422 0.387373 0.387386 0.387441 0.387207 0.386916
0.386608 0.386523 0.386749 0.386869 0.386923 0.387234
0.387523 0.387688 0.387852 0.387870 0.387837 0.387928
0.388147 0.388408 0.388767 0.389275 0.389580 0.389701
0.389873 0.390118 0.390217 0.390008 0.389874 0.389996
0.390060 0.390076 0.390094 0.390086 0.389752 0.389239
0.388841 0.388251 0.387691 0.387306 0.386644 0.385919
0.385340 0.384985 0.384863 0.384658 0.384410 0.384232
0.383866 0.383302 0.382791 0.382259 0.381729 0.381164
0.380508 0.379612 0.378820 0.378268 0.377518 0.376822
0.376341 0.375840 0.375352 0.375016 0.374704 0.374472
0.374385 0.374226 0.374275 0.374431 0.374449 0.374571
0.374627 0.374699 0.374799 0.374951 0.375292 0.375634
0.375902 0.376167 0.376521 0.376871 0.377085 0.377298
0.377680 0.378110 0.378572 0.378993 0.379438 0.379832
0.380121 0.380483 0.380835 0.381013 0.381124 0.381489
0.382113 0.382933 0.383814 0.384573 0.385197 0.385976
0.386892 0.387566 0.387850 0.388098 0.388592 0.389272
0.389862 0.390260 0.390814 0.391281 0.391913 0.392512
0.392577 0.392491 0.392315 0.392183 0.392302 0.392479
0.392468 0.392160 0.391740 0.391385 0.391078 0.390913
0.390801 0.390418 0.389982 0.389929 0.389888 0.389579
0.389246 0.389088 0.389090 0.389065 0.389127 0.389228
0.389718 0.389659 0.389475 0.389190 0.388900 0.388587
0.388225 0.387875 0.387482 0.387022 0.386660 0.386747
0.387101 0.387187 0.387220 0.387155 0.387020 0.386959
0.386665 0.386190 0.385891 0.385662 0.385473 0.385479
0.385442 0.385623 0.385845 0.386120 0.386677 0.386928
0.387024 0.387182 0.387116 0.387280 0.387385 0.387280
0.387321 0.387241 0.387127 0.386953 0.386726 0.386686
0.386824 0.386952 0.387138 0.387386 0.387618 0.387697
0.387296 0.386789 0.386671 0.386909 0.387296 0.387799
0.388249 0.388581 0.388888 0.388992 0.389031 0.389077
0.389115 0.389145 0.389335 0.389511 0.389470 0.389298
0.389254 0.389213 0.389015 0.388745 0.388052 0.387339
0.387081 0.386585 0.385871 0.385341 0.384886 0.384586
0.384392 0.384244 0.384150 0.383824 0.383166 0.382590
0.381925 0.381217 0.380715 0.380189 0.379362 0.378566
0.378048 0.377360 0.376649 0.376201 0.375779 0.375395
0.374985 0.374483 0.374195 0.374007 0.373704 0.373700
0.373939 0.374005 0.374203 0.374451 0.374536 0.374584
0.374722 0.375113 0.375542 0.375883 0.376223 0.376468
0.376754 0.377009 0.377078 0.377318 0.377813 0.378346
0.378717 0.379144 0.379490 0.379759 0.380055 0.380314
0.380498 0.380709 0.381213 0.381772 0.382521 0.383405
0.384218 0.384833 0.385572 0.386558 0.387315 0.387801
0.388166 0.388651 0.389331 0.389875 0.390211 0.390579
0.391034 0.391641 0.391936 0.391917 0.391835 0.391606
0.391349 0.391238 0.391462 0.391676 0.391605 0.391288
0.390964 0.390677 0.390390 0.390277 0.390004 0.389678
0.389592 0.389474 0.389253 0.388987 0.388800 0.388765
0.388822 0.388782 0.388711 0.389485 0.389469 0.389283
0.388953 0.388622 0.388236 0.387915 0.387598 0.387202
0.386826 0.386672 0.386774 0.386944 0.387245 0.387586
0.387608 0.387385 0.387138 0.386764 0.386181 0.385869
0.385820 0.385587 0.385419 0.385465 0.385743 0.385788
0.385948 0.386528 0.386659 0.386640 0.386661 0.386605
0.386793 0.386844 0.386835 0.387011 0.387069 0.387046
0.387049 0.386852 0.386588 0.386585 0.386763 0.386969
0.387052 0.387099 0.386980 0.386378 0.385744 0.385526
0.385710 0.386148 0.386700 0.387137 0.387547 0.387944
0.387945 0.387848 0.387926 0.388054 0.388125 0.388261
0.388591 0.388768 0.388694 0.388694 0.388700 0.388567
0.388312 0.387771 0.387127 0.386859 0.386475 0.385659
0.385085 0.384708 0.384286 0.383970 0.383808 0.383884
0.383758 0.383135 0.382493 0.381712 0.380892 0.380432
0.379808 0.378900 0.378140 0.377664 0.377095 0.376417
0.375929 0.375470 0.375069 0.374561 0.374074 0.373886
0.373785 0.373561 0.373465 0.373678 0.373830 0.373993
0.374226 0.374423 0.374574 0.374683 0.374990 0.375369
0.375696 0.375959 0.376139 0.376391 0.376649 0.376825
0.377113 0.377518 0.377929 0.378282 0.378673 0.378938
0.379182 0.379400 0.379697 0.380076 0.380311 0.380835
0.381380 0.382023 0.382883 0.383620 0.384312 0.385109
0.385992 0.386832 0.387551 0.387998 0.388432 0.389074
0.389566 0.389919 0.390279 0.390798 0.391183 0.391025
0.390898 0.390916 0.390707 0.390496 0.390332 0.390523
0.390870 0.390952 0.390857 0.390535 0.390202 0.389873
0.389609 0.389344 0.389105 0.389039 0.389043 0.388981
0.388769 0.388636 0.388510 0.388548 0.388541 0.388386
0.389430 0.389429 0.389271 0.388935 0.388560 0.388125
0.387715 0.387529 0.387398 0.387130 0.387024 0.387142
0.387107 0.387293 0.387643 0.387710 0.387674 0.387293
0.386719 0.386266 0.386028 0.386033 0.385878 0.385610
0.385567 0.385800 0.385960 0.386230 0.386789 0.386843
0.386535 0.386278 0.386078 0.386110 0.386325 0.386482
0.386608 0.386635 0.386584 0.386663 0.386563 0.386304
0.386169 0.386219 0.386349 0.386325 0.386273 0.386110
0.385470 0.384843 0.384585 0.384769 0.385246 0.385757
0.386341 0.386814 0.387164 0.387206 0.386966 0.386800
0.386870 0.387025 0.387137 0.387625 0.388021 0.388043
0.388046 0.388051 0.388025 0.387797 0.387365 0.386929
0.386644 0.386266 0.385605 0.384968 0.384433 0.383917
0.383614 0.383374 0.383330 0.383362 0.382901 0.382210
0.381526 0.380793 0.380323 0.379628 0.378675 0.377865
0.377295 0.376841 0.376172 0.375632 0.375152 0.374706
0.374219 0.373763 0.373629 0.373592 0.373454 0.373368
0.373498 0.373662 0.373786 0.373978 0.374252 0.374431
0.374548 0.374844 0.375178 0.375320 0.375430 0.375697
0.375962 0.376218 0.376472 0.376738 0.377098 0.377515
0.377919 0.378254 0.378491 0.378706 0.378945 0.379293
0.379679 0.380003 0.380456 0.380927 0.381449 0.382146
0.382857 0.383688 0.384476 0.385241 0.386231 0.387133
0.387696 0.388048 0.388653 0.389166 0.389349 0.389653
0.390133 0.390347 0.390262 0.390139 0.390087 0.390029
0.389796 0.389577 0.389767 0.390123 0.390191 0.390225
0.390079 0.389764 0.389529 0.389116 0.388751 0.388563
0.388440 0.388519 0.388573 0.388415 0.388327 0.388164
0.388070 0.388108 0.388045 0.389133 0.389110 0.389007
0.388772 0.388466 0.388130 0.387770 0.387670 0.387696
0.387589 0.387522 0.387637 0.387534 0.387441 0.387684
0.387728 0.387646 0.387277 0.386752 0.386592 0.386466
0.386256 0.386072 0.385963 0.385944 0.385973 0.386113
0.386415 0.386793 0.386857 0.386585 0.386272 0.385941
0.385818 0.385896 0.386031 0.386289 0.386322 0.386173
0.386144 0.386167 0.386014 0.385848 0.385661 0.385619
0.385702 0.385534 0.385253 0.384588 0.384096 0.384073
0.384227 0.384647 0.385120 0.385712 0.386134 0.386290
0.386393 0.386126 0.385893 0.386012 0.386209 0.386375
0.386781 0.387203 0.387254 0.387285 0.387451 0.387548
0.387282 0.386862 0.386627 0.386438 0.386051 0.385540
0.384917 0.384273 0.383938 0.383733 0.383257 0.382875
0.382778 0.382442 0.381879 0.381124 0.380393 0.379939
0.379282 0.378494 0.377677 0.376952 0.376479 0.375922
0.375459 0.375019 0.374561 0.374210 0.373814 0.373517
0.373316 0.373239 0.373258 0.373244 0.373289 0.373542
0.373827 0.374092 0.374248 0.374305 0.374523 0.374722
0.374711 0.374811 0.375147 0.375490 0.375881 0.376231
0.376428 0.376728 0.377184 0.377595 0.377885 0.378135
0.378287 0.378613 0.379153 0.379501 0.379831 0.380153
0.380493 0.380926 0.381482 0.382223 0.383110 0.383887
0.384736 0.385810 0.386672 0.387234 0.387631 0.388203
0.388779 0.389035 0.389210 0.389596 0.389915 0.389773
0.389476 0.389500 0.389535 0.389207 0.388971 0.389143
0.389401 0.389395 0.389373 0.389471 0.389181 0.388853
0.388494 0.388060 0.387874 0.387749 0.387827 0.387985
0.388006 0.387832 0.387625 0.387589 0.387699 0.387781
0.388890 0.388796 0.388576 0.388388 0.388190 0.387893
0.387721 0.387712 0.387704 0.387708 0.387800 0.387878
0.387867 0.387794 0.387859 0.387847 0.387600 0.387286
0.386927 0.386911 0.386850 0.386501 0.386236 0.386111
0.386050 0.385965 0.386186 0.386562 0.386688 0.386508
0.386297 0.386104 0.385983 0.385959 0.385765 0.385841
0.386148 0.386106 0.385803 0.385679 0.385800 0.385705
0.385483 0.385262 0.385263 0.385324 0.385028 0.384574
0.383913 0.383569 0.383643 0.383914 0.384314 0.384586
0.385088 0.385488 0.385519 0.385612 0.385592 0.385533
0.385548 0.385621 0.385694 0.385869 0.386154 0.386282
0.386432 0.386704 0.386851 0.386661 0.386232 0.386007
0.385999 0.385687 0.385217 0.384734 0.384152 0.383924
0.383577 0.382904 0.382565 0.382364 0.382035 0.381575
0.380811 0.380046 0.379480 0.378831 0.378196 0.377467
0.376754 0.376257 0.375801 0.375378 0.374993 0.374586
0.374274 0.373927 0.373540 0.373194 0.373064 0.373067
0.372994 0.373090 0.373415 0.373718 0.373975 0.374127
0.374067 0.374187 0.374353 0.374334 0.374418 0.374617
0.374890 0.375375 0.375882 0.376243 0.376503 0.376858
0.377227 0.377520 0.377764 0.377951 0.378362 0.378823
0.379042 0.379328 0.379700 0.380110 0.380592 0.381090
0.381763 0.382637 0.383554 0.384469 0.385296 0.385979
0.386615 0.387229 0.387726 0.388192 0.388550 0.388760
0.389176 0.389555 0.389312 0.388919 0.388969 0.389012
0.388815 0.388679 0.388761 0.388704 0.388556 0.388488
0.388593 0.388380 0.388003 0.387750 0.387368 0.387144
0.386968 0.386931 0.387001 0.387226 0.387281 0.387134
0.387180 0.387239 0.387245 0.389028 0.388811 0.388338
0.388128 0.388010 0.387642 0.387473 0.387555 0.387531
0.387516 0.387723 0.388008 0.388224 0.388217 0.388119
0.388060 0.387819 0.387544 0.387278 0.387095 0.386913
0.386661 0.386332 0.385974 0.385826 0.385902 0.386200
0.386443 0.386357 0.385977 0.385798 0.385752 0.385796
0.385874 0.385826 0.385869 0.385855 0.385726 0.385406
0.385303 0.385529 0.385451 0.385114 0.384887 0.384758
0.384619 0.384362 0.383900 0.383314 0.383161 0.383376
0.383513 0.383623 0.383852 0.384357 0.384713 0.384928
0.385245 0.385366 0.385306 0.385232 0.385202 0.385173
0.385223 0.385403 0.385582 0.385634 0.385871 0.386123
0.385913 0.385550 0.385372 0.385330 0.385040 0.384664
0.384235 0.383731 0.383552 0.383114 0.382443 0.382195
0.382018 0.381773 0.381339 0.380632 0.379944 0.379279
0.378601 0.377986 0.377167 0.376443 0.376085 0.375756
0.375397 0.375033 0.374667 0.374346 0.374085 0.373825
0.373400 0.373065 0.372910 0.372866 0.372971 0.373239
0.373593 0.373761 0.373914 0.373938 0.374020 0.374228
0.374276 0.374284 0.374348 0.374551 0.374858 0.375342
0.375937 0.376315 0.376563 0.376903 0.377178 0.377404
0.377749 0.378090 0.378287 0.378492 0.378841 0.379256
0.379857 0.380449 0.380855 0.381428 0.382282 0.383290
0.384118 0.384738 0.385334 0.385929 0.386554 0.387012
0.387454 0.387919 0.388161 0.388379 0.388592 0.388537
0.388361 0.388399 0.388437 0.388295 0.388236 0.388236
0.387995 0.387738 0.387683 0.387715 0.387612 0.387337
0.386959 0.386690 0.386524 0.386332 0.386249 0.386150
0.386342 0.386658 0.386742 0.386747 0.386683 0.386626
0.389384 0.389041 0.388435 0.388164 0.388012 0.387603
0.387317 0.387422 0.387437 0.387340 0.387587 0.388056
0.388262 0.388283 0.388320 0.388256 0.387996 0.387797
0.387627 0.387249 0.387008 0.386888 0.386457 0.385981
0.385806 0.385847 0.385932 0.386024 0.385906 0.385489
0.385511 0.385710 0.385737 0.385789 0.385664 0.385486
0.385402 0.385283 0.384975 0.384982 0.385204 0.385120
0.384778 0.384303 0.383912 0.383749 0.383574 0.383112
0.382725 0.382705 0.382865 0.382882 0.382938 0.383258
0.383767 0.384263 0.384679 0.385088 0.385068 0.384879
0.384947 0.384894 0.384590 0.384574 0.384808 0.384968
0.385121 0.385360 0.385499 0.385309 0.385056 0.384869
0.384680 0.384269 0.383872 0.383445 0.383103 0.383025
0.382677 0.382146 0.381931 0.381730 0.381418 0.381038
0.380303 0.379590 0.379025 0.378373 0.377647 0.376857
0.376244 0.375946 0.375731 0.375441 0.375089 0.374749
0.374391 0.374099 0.373889 0.373575 0.373211 0.372975
0.372888 0.372800 0.372979 0.373322 0.373501 0.373773
0.373931 0.374032 0.374164 0.374225 0.374191 0.374246
0.374472 0.374674 0.375066 0.375602 0.376078 0.376357
0.376678 0.376942 0.377077 0.377447 0.377741 0.377838
0.378233 0.378824 0.379212 0.379719 0.380310 0.380754
0.381324 0.382027 0.382916 0.383730 0.384366 0.384899
0.385232 0.385607 0.386155 0.386805 0.387376 0.387636
0.387606 0.387606 0.387612 0.387583 0.387771 0.387784
0.387593 0.387648 0.387546 0.387324 0.387156 0.387047
0.386944 0.386723 0.386519 0.386179 0.386036 0.385971
0.385809 0.385792 0.385807 0.385906 0.386021 0.386149
0.386262 0.386169 0.386054 0.389556 0.389180 0.388479
0.388073 0.387917 0.387588 0.387238 0.387284 0.387416
0.387355 0.387473 0.387639 0.387639 0.388055 0.388455
0.388227 0.387935 0.387829 0.387627 0.387319 0.387212
0.387089 0.386596 0.386119 0.385893 0.385790 0.385705
0.385786 0.385706 0.385342 0.385408 0.385665 0.385747
0.385637 0.385279 0.384868 0.384862 0.384908 0.384690
0.384741 0.384792 0.384647 0.384329 0.383816 0.383476
0.383280 0.383085 0.382791 0.382556 0.382310 0.382032
0.382171 0.382592 0.383010 0.383406 0.383963 0.384539
0.384773 0.384643 0.384548 0.384703 0.384671 0.384249
0.384128 0.384361 0.384550 0.384803 0.385030 0.384959
0.384734 0.384534 0.384204 0.383895 0.383555 0.383264
0.382871 0.382583 0.382495 0.382240 0.381891 0.381591
0.381227 0.380799 0.380448 0.379849 0.379234 0.378669
0.378072 0.377452 0.376803 0.376224 0.375856 0.375652
0.375328 0.375086 0.374786 0.374361 0.374023 0.373798
0.373590 0.373270 0.373057 0.372874 0.372677 0.372847
0.373092 0.373269 0.373502 0.373658 0.373898 0.373977
0.374000 0.374058 0.374257 0.374564 0.374865 0.375194
0.375479 0.375902 0.376246 0.376459 0.376589 0.376742
0.377120 0.377553 0.377781 0.378183 0.378855 0.379277
0.379623 0.380068 0.380585 0.381159 0.381730 0.382566
0.383314 0.383872 0.384316 0.384547 0.384907 0.385452
0.386065 0.386613 0.386858 0.386881 0.386953 0.386865
0.386724 0.386812 0.386832 0.386748 0.386905 0.386977
0.386896 0.386808 0.386527 0.386139 0.385758 0.385510
0.385500 0.385621 0.385555 0.385365 0.385381 0.385502
0.385453 0.385422 0.385551 0.385683 0.385535 0.385336
0.389804 0.389393 0.388591 0.388070 0.387751 0.387399
0.387052 0.386978 0.387182 0.387286 0.387167 0.387023
0.387125 0.387533 0.387962 0.387941 0.387800 0.387729
0.387568 0.387574 0.387589 0.387239 0.386674 0.386360
0.386231 0.386184 0.385962 0.385780 0.385600 0.385310
0.385243 0.385262 0.385495 0.385377 0.384941 0.384639
0.384524 0.384620 0.384419 0.384285 0.384325 0.384248
0.384091 0.383877 0.383567 0.383117 0.382933 0.382713
0.382396 0.382088 0.381733 0.381848 0.382273 0.382661
0.383109 0.383554 0.383964 0.384236 0.384255 0.384306
0.384403 0.384302 0.384090 0.383969 0.384032 0.384242
0.384346 0.384281 0.384152 0.383885 0.383635 0.383314
0.383035 0.382809 0.382563 0.382316 0.382157 0.382106
0.381961 0.381641 0.381150 0.380775 0.380390 0.380004
0.379606 0.379125 0.378580 0.378002 0.377498 0.376954
0.376291 0.375819 0.375572 0.375195 0.374949 0.374716
0.374373 0.374099 0.373855 0.373560 0.373288 0.373130
0.372808 0.372648 0.372985 0.373211 0.373173 0.373188
0.373440 0.373825 0.373929 0.373898 0.374008 0.374294
0.374680 0.375126 0.375491 0.375659 0.375915 0.376207
0.376353 0.376405 0.376601 0.377005 0.377497 0.377915
0.378193 0.378609 0.379007 0.379246 0.379562 0.380102
0.380713 0.381422 0.382294 0.382904 0.383246 0.383587
0.383995 0.384436 0.384805 0.385231 0.385709 0.385939
0.386152 0.386405 0.386245 0.385943 0.385921 0.385915
0.385961 0.386220 0.386452 0.386532 0.386391 0.385977
0.385509 0.385188 0.384935 0.384966 0.385065 0.384981
0.384995 0.385179 0.385192 0.385025 0.385114 0.385155
0.385032 0.384932 0.384862 0.390449 0.389951 0.389060
0.388462 0.387829 0.387199 0.386801 0.386727 0.386957
0.387212 0.387126 0.386905 0.387000 0.387103 0.387361
0.387580 0.387521 0.387581 0.387741 0.387965 0.387954
0.387370 0.386776 0.386656 0.386659 0.386660 0.386332
0.386013 0.385871 0.385492 0.385290 0.385067 0.385051
0.384976 0.384677 0.384656 0.384476 0.384432 0.384246
0.383977 0.383924 0.383962 0.384124 0.384075 0.383618
0.383070 0.382938 0.382709 0.382287 0.381950 0.381786
0.381866 0.382018 0.382285 0.382768 0.383172 0.383556
0.383929 0.384070 0.384064 0.384074 0.384018 0.383864
0.383624 0.383474 0.383520 0.383615 0.383559 0.383214
0.382854 0.382569 0.382362 0.382328 0.382210 0.381799
0.381596 0.381657 0.381689 0.381601 0.381321 0.380911
0.380643 0.380335 0.379955 0.379617 0.379057 0.378546
0.377990 0.377528 0.377143 0.376529 0.376036 0.375664
0.375227 0.374887 0.374600 0.374390 0.374205 0.373950
0.373655 0.373395 0.373246 0.372896 0.372781 0.373157
0.373385 0.373268 0.373172 0.373496 0.373833 0.373946
0.374009 0.374115 0.374362 0.374800 0.375271 0.375582
0.375757 0.375988 0.376279 0.376449 0.376497 0.376642
0.377098 0.377543 0.377913 0.378159 0.378407 0.378750
0.378977 0.379290 0.379831 0.380493 0.381264 0.382041
0.382525 0.382788 0.383174 0.383590 0.383866 0.384288
0.384646 0.384914 0.385231 0.385595 0.385895 0.385732
0.385404 0.385288 0.385244 0.385392 0.385676 0.385921
0.386070 0.385931 0.385615 0.385197 0.384921 0.384751
0.384580 0.384507 0.384491 0.384597 0.384850 0.385011
0.384945 0.384917 0.384768 0.384663 0.384648 0.384551
0.390889 0.390401 0.389577 0.388899 0.388123 0.387310
0.386860 0.386833 0.386849 0.387042 0.387227 0.387183
0.387214 0.387207 0.387300 0.387540 0.387536 0.387513
0.387746 0.388025 0.387986 0.387524 0.387120 0.386925
0.386692 0.386572 0.386403 0.386311 0.386269 0.385828
0.385447 0.385193 0.384882 0.384659 0.384518 0.384452
0.384352 0.384341 0.384264 0.384068 0.383857 0.383824
0.384020 0.383902 0.383470 0.383106 0.383049 0.382928
0.382417 0.381965 0.381756 0.381624 0.381777 0.382114
0.382535 0.382929 0.383315 0.383569 0.383622 0.383632
0.383773 0.383775 0.383530 0.383196 0.382967 0.382859
0.382698 0.382547 0.382074 0.381634 0.381334 0.381182
0.381395 0.381575 0.381218 0.380889 0.381062 0.381247
0.381140 0.380958 0.380665 0.380375 0.380187 0.379823
0.379427 0.378931 0.378430 0.377895 0.377545 0.377243
0.376619 0.376203 0.375818 0.375304 0.374909 0.374535
0.374278 0.374157 0.373972 0.373736 0.373522 0.373300
0.373086 0.373006 0.373180 0.373390 0.373394 0.373464
0.373698 0.373805 0.373855 0.374033 0.374211 0.374399
0.374841 0.375230 0.375486 0.375807 0.376160 0.376390
0.376469 0.376627 0.376798 0.377166 0.377584 0.377926
0.378184 0.378369 0.378678 0.379012 0.379306 0.379842
0.380501 0.381079 0.381680 0.382136 0.382472 0.382803
0.383112 0.383326 0.383624 0.383980 0.384337 0.384710
0.385056 0.385292 0.385215 0.384959 0.384775 0.384717
0.384881 0.385135 0.385356 0.385470 0.385337 0.385165
0.384852 0.384543 0.384279 0.384132 0.384229 0.384228
0.384218 0.384444 0.384784 0.384793 0.384661 0.384624
0.384684 0.384660 0.384541 0.391297 0.390873 0.390082
0.389293 0.388504 0.387783 0.387427 0.387299 0.387044
0.387156 0.387471 0.387650 0.387696 0.387445 0.387338
0.387575 0.387578 0.387477 0.387644 0.387910 0.388008
0.387736 0.387341 0.387085 0.386765 0.386601 0.386599
0.386410 0.386114 0.385735 0.385376 0.385146 0.384871
0.384594 0.384324 0.384104 0.384140 0.384300 0.384289
0.384095 0.383837 0.383704 0.383786 0.383689 0.383407
0.383173 0.383144 0.383097 0.382566 0.381941 0.381629
0.381432 0.381655 0.382012 0.382361 0.382772 0.382992
0.383021 0.382929 0.382983 0.383241 0.383173 0.382857
0.382658 0.382467 0.382229 0.381668 0.381154 0.380773
0.380440 0.380210 0.380312 0.380687 0.380856 0.380612
0.380281 0.380484 0.380714 0.380648 0.380534 0.380339
0.380094 0.379796 0.379476 0.379061 0.378606 0.378348
0.378004 0.377674 0.377294 0.376637 0.376153 0.375749
0.375228 0.374802 0.374465 0.374161 0.374011 0.373874
0.373607 0.373439 0.373338 0.373219 0.373168 0.373269
0.373434 0.373652 0.373957 0.374076 0.374014 0.373955
0.374047 0.374224 0.374504 0.374941 0.375235 0.375540
0.376003 0.376365 0.376597 0.376740 0.376929 0.377021
0.377192 0.377570 0.377897 0.378182 0.378371 0.378698
0.379080 0.379348 0.379819 0.380403 0.380906 0.381353
0.381740 0.382123 0.382348 0.382618 0.382868 0.382937
0.383220 0.383777 0.384171 0.384448 0.384703 0.384752
0.384580 0.384455 0.384471 0.384554 0.384729 0.384838
0.384843 0.384749 0.384656 0.384456 0.384079 0.383688
0.383595 0.383744 0.383826 0.383897 0.384094 0.384369
0.384463 0.384336 0.384444 0.384695 0.384796 0.384831
0.391912 0.391475 0.390581 0.389678 0.388876 0.388323
0.388127 0.387950 0.387803 0.387909 0.388014 0.388237
0.388136 0.387647 0.387634 0.387872 0.387708 0.387557
0.387757 0.387914 0.387978 0.387772 0.387298 0.386958
0.386730 0.386707 0.386667 0.386229 0.385713 0.385389
0.385200 0.384925 0.384554 0.384370 0.384328 0.384179
0.384157 0.384347 0.384281 0.384024 0.383805 0.383624
0.383583 0.383570 0.383514 0.383301 0.382940 0.382738
0.382396 0.381747 0.381390 0.381408 0.381688 0.381953
0.382192 0.382496 0.382749 0.382849 0.382655 0.382539
0.382699 0.382704 0.382406 0.382076 0.381714 0.381379
0.380896 0.380357 0.379972 0.379754 0.379666 0.379943
0.380321 0.380299 0.379936 0.379684 0.379887 0.380017
0.380023 0.379995 0.379861 0.379713 0.379459 0.379261
0.378877 0.378418 0.378357 0.378198 0.377833 0.377301
0.376629 0.376057 0.375568 0.375129 0.374720 0.374383
0.374142 0.374059 0.373854 0.373549 0.373396 0.373340
0.373206 0.373200 0.373435 0.373639 0.373943 0.374191
0.374247 0.374255 0.374216 0.374250 0.374410 0.374711
0.375061 0.375384 0.375766 0.376165 0.376544 0.376935
0.377207 0.377310 0.377318 0.377382 0.377602 0.377872
0.378117 0.378380 0.378765 0.379104 0.379517 0.379940
0.380274 0.380671 0.381017 0.381292 0.381696 0.382002
0.382228 0.382569 0.382785 0.382984 0.383399 0.383693
0.383933 0.384198 0.384299 0.384206 0.384116 0.384282
0.384351 0.384381 0.384558 0.384581 0.384509 0.384477
0.384274 0.383798 0.383389 0.383135 0.383129 0.383341
0.383545 0.383794 0.384035 0.384178 0.384041 0.384138
0.384480 0.384743 0.384892 0.392203 0.391857 0.391128
0.390196 0.389395 0.388882 0.388650 0.388488 0.388513
0.388720 0.388737 0.388825 0.388533 0.388068 0.388013
0.388183 0.388142 0.387914 0.387888 0.387902 0.387840
0.387668 0.387208 0.386684 0.386422 0.386477 0.386331
0.385837 0.385417 0.385200 0.385056 0.384710 0.384235
0.384086 0.384337 0.384448 0.384388 0.384388 0.384267
0.384040 0.384019 0.383891 0.383555 0.383393 0.383329
0.383135 0.382703 0.382358 0.382084 0.381574 0.381202
0.381310 0.381619 0.381748 0.381982 0.382200 0.382386
0.382511 0.382294 0.382167 0.382140 0.382091 0.381901
0.381586 0.381138 0.380622 0.380164 0.379784 0.379458
0.379113 0.379018 0.379290 0.379484 0.379442 0.379228
0.379027 0.379149 0.379244 0.379273 0.379350 0.379260
0.379166 0.379132 0.379058 0.378756 0.378417 0.378277
0.378159 0.377809 0.377163 0.376574 0.376036 0.375452
0.374983 0.374647 0.374444 0.374272 0.374130 0.373846
0.373609 0.373578 0.373421 0.373164 0.373206 0.373490
0.373715 0.373984 0.374201 0.374280 0.374390 0.374471
0.374476 0.374588 0.374778 0.375091 0.375479 0.375845
0.376212 0.376693 0.377141 0.377464 0.377622 0.377611
0.377657 0.377696 0.377804 0.377937 0.378239 0.378641
0.378946 0.379536 0.380052 0.380266 0.380451 0.380671
0.380877 0.381210 0.381715 0.382053 0.382382 0.382751
0.382970 0.383234 0.383460 0.383634 0.383747 0.383834
0.383795 0.383804 0.384014 0.384067 0.384146 0.384426
0.384514 0.384411 0.384323 0.384015 0.383555 0.383127
0.382747 0.382791 0.383021 0.383250 0.383644 0.383866
0.383868 0.383779 0.383928 0.384223 0.384537 0.384743
0.392462 0.392215 0.391579 0.390850 0.390214 0.389700
0.389348 0.389108 0.389182 0.389333 0.389423 0.389397
0.388961 0.388586 0.388325 0.388167 0.388242 0.388318
0.388185 0.387995 0.387810 0.387559 0.387120 0.386490
0.386218 0.386222 0.385950 0.385585 0.385298 0.384976
0.384755 0.384557 0.384247 0.384164 0.384423 0.384592
0.384486 0.384349 0.384213 0.384058 0.384170 0.384058
0.383594 0.383292 0.382935 0.382644 0.382540 0.382302
0.382007 0.381590 0.381215 0.381280 0.381489 0.381502
0.381576 0.381741 0.381847 0.381814 0.381656 0.381636
0.381466 0.381328 0.381375 0.381173 0.380631 0.379937
0.379366 0.378996 0.378779 0.378437 0.378233 0.378345
0.378416 0.378422 0.378411 0.378292 0.378334 0.378492
0.378565 0.378668 0.378676 0.378664 0.378725 0.378590
0.378329 0.378147 0.378011 0.377951 0.377644 0.377070
0.376533 0.375967 0.375428 0.374977 0.374625 0.374487
0.374312 0.374107 0.373960 0.373758 0.373663 0.373556
0.373268 0.373202 0.373386 0.373653 0.373976 0.374251
0.374374 0.374441 0.374532 0.374603 0.374744 0.374964
0.375255 0.375572 0.375943 0.376336 0.376756 0.377202
0.377583 0.377817 0.377906 0.377934 0.377914 0.377886
0.377943 0.378273 0.378722 0.379153 0.379743 0.380183
0.380407 0.380519 0.380638 0.380788 0.381043 0.381692
0.382175 0.382379 0.382702 0.382959 0.383142 0.383384
0.383478 0.383514 0.383642 0.383650 0.383662 0.383710
0.383770 0.383910 0.384158 0.384193 0.384070 0.383888
0.383446 0.383088 0.382799 0.382486 0.382549 0.382825
0.383121 0.383460 0.383633 0.383605 0.383555 0.383674
0.383897 0.384236 0.384437 0.392427 0.392264 0.391777
0.391176 0.390691 0.390393 0.390129 0.389961 0.390049
0.390073 0.390049 0.389882 0.389491 0.389003 0.388539
0.388362 0.388525 0.388776 0.388681 0.388425 0.388048
0.387641 0.387237 0.386579 0.386295 0.386218 0.385849
0.385726 0.385492 0.384972 0.384687 0.384500 0.384418
0.384528 0.384691 0.384665 0.384320 0.384014 0.383917
0.383999 0.384073 0.383788 0.383314 0.382902 0.382435
0.382142 0.382231 0.382266 0.382114 0.381905 0.381569
0.381369 0.381361 0.381308 0.381079 0.381007 0.381166
0.381233 0.381191 0.381173 0.380964 0.380792 0.381049
0.380772 0.380017 0.379347 0.378767 0.378166 0.377923
0.377930 0.377696 0.377604 0.377590 0.377506 0.377522
0.377565 0.377724 0.377884 0.377922 0.378063 0.378203
0.378206 0.378199 0.378133 0.377948 0.377891 0.377890
0.377763 0.377546 0.377085 0.376501 0.376000 0.375563
0.375201 0.374808 0.374556 0.374342 0.374221 0.374213
0.374041 0.373871 0.373730 0.373487 0.373399 0.373411
0.373543 0.373873 0.374111 0.374279 0.374431 0.374547
0.374724 0.374962 0.375142 0.375392 0.375780 0.376211
0.376621 0.376929 0.377266 0.377605 0.377880 0.378127
0.378183 0.378197 0.378238 0.378260 0.378562 0.379021
0.379488 0.380047 0.380338 0.380455 0.380581 0.380766
0.381006 0.381299 0.381832 0.382236 0.382437 0.382753
0.383056 0.383244 0.383419 0.383356 0.383264 0.383477
0.383688 0.383640 0.383540 0.383575 0.383621 0.383716
0.383761 0.383664 0.383405 0.383002 0.382661 0.382444
0.382235 0.382276 0.382560 0.382949 0.383171 0.383255
0.383230 0.383185 0.383442 0.383671 0.383905 0.384061
0.392137 0.392071 0.391720 0.391116 0.390768 0.390632
0.390450 0.390534 0.390716 0.390772 0.390605 0.390355
0.390105 0.389440 0.388798 0.388694 0.388880 0.389147
0.389121 0.388883 0.388557 0.388051 0.387434 0.386762
0.386346 0.386182 0.385913 0.385776 0.385516 0.384978
0.384778 0.384637 0.384605 0.384711 0.384653 0.384517
0.384131 0.383679 0.383706 0.383950 0.383961 0.383550
0.382909 0.382392 0.382006 0.381801 0.381779 0.381952
0.382039 0.381968 0.381777 0.381478 0.381211 0.381017
0.380712 0.380510 0.380603 0.380784 0.380884 0.380900
0.380706 0.380452 0.380546 0.380208 0.379494 0.378864
0.378270 0.377666 0.377315 0.377354 0.377185 0.376986
0.376956 0.376916 0.376912 0.376909 0.377041 0.377180
0.377245 0.377449 0.377615 0.377689 0.377703 0.377700
0.377753 0.377800 0.377743 0.377576 0.377435 0.377068
0.376586 0.376256 0.375800 0.375299 0.374889 0.374704
0.374574 0.374461 0.374402 0.374266 0.374186 0.373981
0.373730 0.373652 0.373578 0.373550 0.373760 0.373930
0.374125 0.374483 0.374690 0.374840 0.375084 0.375259
0.375509 0.375918 0.376363 0.376791 0.377086 0.377289
0.377494 0.377783 0.378047 0.378181 0.378347 0.378533
0.378601 0.378804 0.379140 0.379611 0.380066 0.380120
0.380216 0.380476 0.380744 0.381073 0.381392 0.381721
0.382001 0.382328 0.382730 0.382919 0.383127 0.383349
0.383198 0.383086 0.383332 0.383598 0.383541 0.383399
0.383387 0.383338 0.383265 0.383301 0.383314 0.383045
0.382724 0.382360 0.382108 0.382053 0.382098 0.382279
0.382630 0.382814 0.382814 0.382808 0.382821 0.383246
0.383625 0.383768 0.383857 0.391991 0.391879 0.391440
0.390934 0.390653 0.390538 0.390616 0.390915 0.391209
0.391251 0.390794 0.390564 0.390539 0.389854 0.389198
0.389119 0.389123 0.389198 0.389180 0.388814 0.388518
0.388044 0.387333 0.386833 0.386420 0.386088 0.385877
0.385771 0.385506 0.384919 0.384665 0.384655 0.384668
0.384659 0.384467 0.384250 0.384012 0.383705 0.383712
0.383906 0.383832 0.383320 0.382640 0.382117 0.381739
0.381368 0.381196 0.381521 0.381821 0.381701 0.381542
0.381395 0.381071 0.380821 0.380514 0.380305 0.380367
0.380451 0.380550 0.380531 0.380187 0.379923 0.379806
0.379502 0.379021 0.378386 0.377835 0.377406 0.376987
0.376770 0.376555 0.376405 0.376449 0.376470 0.376473
0.376424 0.376411 0.376526 0.376716 0.376857 0.376968
0.377134 0.377289 0.377300 0.377463 0.377663 0.377542
0.377345 0.377176 0.376978 0.376643 0.376292 0.375906
0.375402 0.374977 0.374760 0.374614 0.374563 0.374461
0.374270 0.374309 0.374201 0.373967 0.373855 0.373804
0.373761 0.373829 0.373966 0.374177 0.374579 0.374810
0.374957 0.375188 0.375426 0.375711 0.376015 0.376384
0.376795 0.377103 0.377265 0.377450 0.377725 0.377993
0.378280 0.378517 0.378696 0.378872 0.379029 0.379331
0.379768 0.379989 0.379949 0.380031 0.380362 0.380714
0.381000 0.381243 0.381502 0.381832 0.382296 0.382704
0.382731 0.382814 0.383044 0.383040 0.383173 0.383409
0.383457 0.383297 0.383143 0.383082 0.382967 0.382920
0.382981 0.383079 0.382894 0.382422 0.381969 0.381918
0.382041 0.382104 0.382175 0.382291 0.382418 0.382417
0.382459 0.382561 0.382939 0.383384 0.383581 0.383651
0.391559 0.391518 0.391253 0.390846 0.390638 0.390534
0.390746 0.391236 0.391468 0.391417 0.391003 0.390681
0.390495 0.390114 0.389807 0.389649 0.389397 0.389093
0.388767 0.388433 0.388222 0.387920 0.387359 0.386953
0.386637 0.386148 0.385941 0.385888 0.385446 0.384864
0.384642 0.384628 0.384802 0.384726 0.384323 0.384068
0.383841 0.383642 0.383579 0.383575 0.383448 0.383073
0.382576 0.382035 0.381566 0.381103 0.380943 0.381280
0.381552 0.381350 0.381180 0.381084 0.380845 0.380584
0.380169 0.379976 0.380003 0.379993 0.380028 0.379947
0.379461 0.379122 0.378990 0.378715 0.378402 0.377957
0.377493 0.377061 0.376615 0.376226 0.375945 0.375864
0.375894 0.375944 0.375974 0.376026 0.376081 0.376207
0.376390 0.376448 0.376610 0.376711 0.376860 0.377006
0.377100 0.377286 0.377262 0.377095 0.376934 0.376835
0.376491 0.376129 0.375957 0.375682 0.375333 0.374961
0.374693 0.374604 0.374526 0.374329 0.374340 0.374399
0.374241 0.374116 0.374039 0.373939 0.374014 0.374242
0.374385 0.374610 0.374890 0.375093 0.375319 0.375657
0.376030 0.376249 0.376414 0.376788 0.377129 0.377345
0.377517 0.377637 0.377967 0.378470 0.378779 0.378894
0.379121 0.379333 0.379640 0.380003 0.380158 0.380212
0.380279 0.380453 0.380741 0.380975 0.381141 0.381435
0.381913 0.382502 0.382864 0.382873 0.382848 0.382916
0.382979 0.383067 0.383281 0.383385 0.383164 0.382985
0.382874 0.382812 0.382826 0.382788 0.382864 0.382789
0.382332 0.381887 0.381844 0.381930 0.382074 0.382119
0.381999 0.382051 0.382095 0.382093 0.382151 0.382576
0.383049 0.383227 0.383305 0.391545 0.391497 0.391240
0.390853 0.390728 0.390597 0.390628 0.391058 0.391103
0.391039 0.391111 0.390903 0.390399 0.390200 0.390157
0.389842 0.389354 0.388799 0.388451 0.388272 0.388270
0.388192 0.387593 0.386996 0.386682 0.386278 0.386069
0.385827 0.385250 0.384829 0.384711 0.384712 0.384909
0.384808 0.384397 0.384196 0.383853 0.383455 0.383332
0.383211 0.383032 0.382836 0.382447 0.382005 0.381738
0.381428 0.381163 0.381190 0.381292 0.381099 0.380910
0.380752 0.380569 0.380334 0.379925 0.379699 0.379513
0.379387 0.379343 0.379211 0.378792 0.378351 0.378245
0.378067 0.377817 0.377512 0.377217 0.376849 0.376297
0.375807 0.375540 0.375526 0.375571 0.375669 0.375671
0.375681 0.375800 0.375855 0.376026 0.376250 0.376346
0.376355 0.376367 0.376440 0.376594 0.376748 0.376847
0.376758 0.376545 0.376446 0.376245 0.376058 0.376000
0.375894 0.375629 0.375234 0.374932 0.374810 0.374709
0.374452 0.374397 0.374570 0.374498 0.374323 0.374286
0.374226 0.374325 0.374562 0.374674 0.374802 0.375064
0.375277 0.375553 0.375968 0.376311 0.376514 0.376641
0.376908 0.377236 0.377487 0.377574 0.377686 0.378120
0.378679 0.379041 0.379136 0.379371 0.379737 0.379993
0.380318 0.380585 0.380627 0.380634 0.380648 0.380743
0.380905 0.381044 0.381382 0.382057 0.382684 0.383000
0.383118 0.383070 0.383051 0.383077 0.382936 0.382995
0.383124 0.382980 0.382768 0.382677 0.382786 0.382787
0.382582 0.382432 0.382317 0.382157 0.382074 0.382020
0.381953 0.382035 0.382029 0.381845 0.381890 0.381976
0.381969 0.381974 0.382336 0.382866 0.383184 0.383324
0.391740 0.391604 0.391138 0.390590 0.390316 0.390205
0.390157 0.390229 0.390213 0.390335 0.390630 0.390673
0.390441 0.390246 0.389953 0.389575 0.389079 0.388554
0.388358 0.388241 0.388408 0.388416 0.387807 0.387329
0.386951 0.386588 0.386457 0.385996 0.385343 0.384949
0.384695 0.384564 0.384637 0.384569 0.384348 0.384090
0.383710 0.383246 0.382987 0.382969 0.382819 0.382594
0.382242 0.381944 0.381899 0.381615 0.381283 0.381186
0.381163 0.381066 0.380834 0.380620 0.380394 0.380081
0.379787 0.379468 0.379078 0.378875 0.378640 0.378356
0.378046 0.377738 0.377621 0.377507 0.377318 0.377013
0.376808 0.376554 0.376064 0.375560 0.375213 0.375244
0.375329 0.375388 0.375434 0.375381 0.375448 0.375481
0.375648 0.375902 0.375834 0.375774 0.375710 0.375732
0.376065 0.376302 0.376414 0.376367 0.376111 0.376097
0.376161 0.376045 0.376003 0.375952 0.375735 0.375377
0.375060 0.374921 0.374866 0.374772 0.374677 0.374672
0.374613 0.374482 0.374460 0.374431 0.374511 0.374721
0.374933 0.375075 0.375226 0.375465 0.375803 0.376170
0.376447 0.376717 0.376889 0.377005 0.377247 0.377502
0.377691 0.377921 0.378346 0.378827 0.379154 0.379376
0.379644 0.380020 0.380343 0.380647 0.380868 0.380823
0.380775 0.380740 0.380763 0.380789 0.380944 0.381486
0.382257 0.382859 0.383243 0.383398 0.383285 0.383276
0.383264 0.382982 0.382895 0.382965 0.382717 0.382443
0.382435 0.382605 0.382634 0.382407 0.382010 0.381824
0.381880 0.382108 0.382225 0.382099 0.382077 0.382099
0.382023 0.382136 0.382165 0.382071 0.382140 0.382363
0.382847 0.383327 0.383511 0.391567 0.391480 0.391058
0.390340 0.389826 0.389641 0.389425 0.389283 0.389340
0.389770 0.390226 0.390072 0.389891 0.389787 0.389562
0.389258 0.388764 0.388326 0.388182 0.388325 0.388499
0.388477 0.388044 0.387727 0.387528 0.387103 0.386777
0.386273 0.385578 0.384979 0.384667 0.384528 0.384301
0.384088 0.383975 0.383648 0.383212 0.382954 0.382902
0.382885 0.382745 0.382472 0.382077 0.381873 0.381775
0.381528 0.381238 0.381030 0.380932 0.380886 0.380685
0.380425 0.380100 0.379777 0.379633 0.379283 0.378782
0.378476 0.378029 0.377601 0.377295 0.377085 0.376954
0.376812 0.376737 0.376564 0.376309 0.375997 0.375610
0.375197 0.374841 0.374777 0.374862 0.374958 0.375110
0.375123 0.375062 0.375154 0.375260 0.375274 0.375150
0.375036 0.375117 0.375291 0.375630 0.375859 0.375947
0.376041 0.376023 0.376170 0.376242 0.376034 0.376047
0.376025 0.375792 0.375540 0.375226 0.375024 0.375077
0.375057 0.374809 0.374686 0.374717 0.374641 0.374550
0.374526 0.374578 0.374778 0.374966 0.375050 0.375227
0.375532 0.375910 0.376221 0.376423 0.376687 0.376831
0.376936 0.377178 0.377475 0.377816 0.378064 0.378438
0.378830 0.379205 0.379616 0.379825 0.380103 0.380600
0.380933 0.380909 0.380808 0.380848 0.380876 0.381053
0.381078 0.381078 0.381701 0.382414 0.382929 0.383412
0.383548 0.383369 0.383353 0.383299 0.383007 0.382916
0.382955 0.382653 0.382377 0.382286 0.382290 0.382296
0.382111 0.381897 0.381754 0.381786 0.382005 0.382155
0.382137 0.382116 0.382266 0.382463 0.382612 0.382458
0.382190 0.382282 0.382586 0.382965 0.383293 0.383420
0.391501 0.391401 0.390975 0.390386 0.389750 0.389126
0.388731 0.388614 0.388769 0.389295 0.389712 0.389496
0.389162 0.389019 0.388959 0.388791 0.388309 0.387938
0.388134 0.388495 0.388497 0.388394 0.388129 0.387970
0.387949 0.387527 0.387039 0.386391 0.385626 0.385126
0.384940 0.384716 0.384241 0.383887 0.383810 0.383536
0.382994 0.382803 0.382852 0.382809 0.382745 0.382458
0.382038 0.381818 0.381623 0.381350 0.380937 0.380660
0.380641 0.380605 0.380371 0.380051 0.379727 0.379527
0.379507 0.379114 0.378477 0.377879 0.377308 0.376908
0.376539 0.376271 0.376115 0.376001 0.376001 0.375912
0.375681 0.375426 0.375081 0.374733 0.374483 0.374383
0.374430 0.374477 0.374618 0.374732 0.374695 0.374794
0.374876 0.374724 0.374560 0.374558 0.374750 0.374963
0.375255 0.375547 0.375656 0.375730 0.375944 0.376212
0.376262 0.376100 0.376084 0.376053 0.375878 0.375830
0.375614 0.375434 0.375381 0.375135 0.374871 0.374798
0.374775 0.374697 0.374696 0.374641 0.374630 0.374804
0.374960 0.374985 0.375146 0.375484 0.375827 0.376034
0.376178 0.376355 0.376554 0.376825 0.377133 0.377526
0.377941 0.378254 0.378627 0.378984 0.379330 0.379634
0.379869 0.380221 0.380711 0.381034 0.380944 0.380915
0.381029 0.381127 0.381361 0.381493 0.381409 0.381783
0.382291 0.382707 0.383263 0.383525 0.383417 0.383356
0.383282 0.382933 0.382795 0.382748 0.382452 0.382283
0.382213 0.382077 0.381951 0.381815 0.381851 0.381786
0.381639 0.381881 0.382118 0.382049 0.382063 0.382198
0.382452 0.382734 0.382659 0.382426 0.382501 0.382767
0.382995 0.383201 0.383304 0.391427 0.391278 0.390799
0.390323 0.389639 0.388867 0.388415 0.388297 0.388588
0.388949 0.389049 0.389063 0.388968 0.388599 0.388335
0.388208 0.387843 0.387712 0.388193 0.388517 0.388450
0.388338 0.388228 0.388154 0.387994 0.387739 0.387510
0.386826 0.385996 0.385701 0.385477 0.385003 0.384516
0.384174 0.383842 0.383416 0.382958 0.382727 0.382641
0.382629 0.382567 0.382213 0.381899 0.381635 0.381355
0.381058 0.380653 0.380467 0.380470 0.380272 0.380022
0.379746 0.379540 0.379399 0.379243 0.378801 0.378048
0.377316 0.376713 0.376302 0.375975 0.375744 0.375531
0.375314 0.375186 0.375073 0.375003 0.375004 0.374879
0.374600 0.374236 0.374114 0.374136 0.374098 0.374192
0.374297 0.374297 0.374367 0.374433 0.374275 0.374091
0.374168 0.374423 0.374643 0.375002 0.375363 0.375515
0.375571 0.375807 0.376030 0.376051 0.376055 0.376071
0.376125 0.376156 0.376149 0.376025 0.375875 0.375664
0.375373 0.375226 0.375148 0.374844 0.374664 0.374772
0.374666 0.374591 0.374730 0.374888 0.374920 0.375052
0.375413 0.375706 0.375807 0.375935 0.376155 0.376377
0.376764 0.377219 0.377603 0.377938 0.378336 0.378739
0.379129 0.379457 0.379685 0.380015 0.380478 0.380883
0.381096 0.381131 0.381219 0.381283 0.381316 0.381594
0.381745 0.381682 0.381958 0.382338 0.382743 0.383231
0.383594 0.383783 0.383787 0.383470 0.382970 0.382781
0.382649 0.382291 0.382136 0.382202 0.382122 0.381952
0.381770 0.381818 0.381865 0.381662 0.381853 0.382103
0.381979 0.381980 0.382131 0.382384 0.382653 0.382707
0.382707 0.382718 0.382780 0.382986 0.383252 0.383424
0.391415 0.391241 0.390678 0.390117 0.389363 0.388747
0.388287 0.388052 0.388389 0.388621 0.388662 0.388874
0.388918 0.388447 0.388198 0.388016 0.387786 0.387745
0.388007 0.388177 0.388066 0.388134 0.388199 0.388247
0.388169 0.387963 0.387852 0.387487 0.386852 0.386454
0.386043 0.385446 0.384971 0.384498 0.383793 0.383084
0.382630 0.382498 0.382478 0.382429 0.382288 0.381872
0.381543 0.381299 0.381001 0.380849 0.380710 0.380377
0.380079 0.379908 0.379824 0.379714 0.379591 0.379322
0.378904 0.378364 0.377617 0.376991 0.376401 0.375880
0.375608 0.375452 0.375190 0.374861 0.374657 0.374587
0.374635 0.374688 0.374610 0.374348 0.373988 0.373946
0.374070 0.374063 0.374053 0.374156 0.374146 0.373950
0.373844 0.373798 0.373747 0.373911 0.374205 0.374429
0.374752 0.375054 0.375331 0.375549 0.375757 0.375961
0.376014 0.376030 0.376143 0.376366 0.376498 0.376449
0.376340 0.376192 0.376044 0.375883 0.375761 0.375708
0.375374 0.374960 0.374870 0.374736 0.374551 0.374631
0.374837 0.374904 0.375000 0.375328 0.375648 0.375759
0.375976 0.376317 0.376488 0.376802 0.377303 0.377679
0.377940 0.378225 0.378604 0.379120 0.379568 0.379978
0.380375 0.380791 0.381183 0.381420 0.381608 0.381662
0.381574 0.381475 0.381648 0.381870 0.381980 0.382287
0.382584 0.382877 0.383301 0.383683 0.384030 0.384242
0.383866 0.383346 0.383023 0.382736 0.382493 0.382256
0.382207 0.382129 0.381980 0.381842 0.381840 0.381888
0.381757 0.381866 0.381985 0.381992 0.382116 0.382391
0.382737 0.382814 0.382784 0.382876 0.382829 0.382827
0.383076 0.383502 0.383826 0.391494 0.391244 0.390511
0.389870 0.389258 0.388699 0.388257 0.388023 0.388272
0.388260 0.388274 0.388826 0.388862 0.388437 0.388316
0.388293 0.388254 0.388033 0.388132 0.388260 0.388084
0.388157 0.388314 0.388528 0.388515 0.388264 0.388067
0.387728 0.387318 0.386961 0.386548 0.385951 0.385401
0.384715 0.383823 0.383137 0.382727 0.382510 0.382297
0.382134 0.382011 0.381569 0.381138 0.380934 0.380765
0.380700 0.380543 0.380000 0.379563 0.379566 0.379695
0.379735 0.379611 0.379267 0.378773 0.378152 0.377441
0.376832 0.376152 0.375608 0.375293 0.374994 0.374804
0.374704 0.374566 0.374501 0.374407 0.374259 0.374107
0.373884 0.373811 0.373982 0.374175 0.374139 0.373960
0.374034 0.374127 0.373831 0.373541 0.373526 0.373727
0.373985 0.374121 0.374223 0.374468 0.374792 0.375119
0.375440 0.375730 0.376032 0.376241 0.376332 0.376415
0.376537 0.376583 0.376590 0.376566 0.376485 0.376523
0.376453 0.376286 0.376224 0.375943 0.375436 0.375081
0.374849 0.374625 0.374688 0.374892 0.374978 0.375039
0.375163 0.375519 0.375841 0.376131 0.376370 0.376570
0.376927 0.377353 0.377705 0.377996 0.378200 0.378502
0.379066 0.379633 0.380173 0.380701 0.381218 0.381597
0.381891 0.382175 0.382156 0.381945 0.381832 0.381821
0.382047 0.382319 0.382538 0.382789 0.382989 0.383324
0.383770 0.384135 0.384284 0.384124 0.383803 0.383344
0.382937 0.382809 0.382578 0.382344 0.382249 0.382051
0.381893 0.381919 0.381928 0.381913 0.382052 0.382116
0.382261 0.382546 0.382847 0.383096 0.382971 0.382836
0.382940 0.382914 0.382971 0.383277 0.383856 0.384269
0.391466 0.391182 0.390735 0.390254 0.389771 0.389330
0.388754 0.388378 0.388305 0.388115 0.388168 0.388660
0.388693 0.388533 0.388465 0.388522 0.388722 0.388560
0.388501 0.388776 0.388811 0.388701 0.388646 0.388584
0.388436 0.388286 0.388164 0.387684 0.387228 0.386966
0.386658 0.386214 0.385712 0.385029 0.384217 0.383635
0.383248 0.382836 0.382319 0.381886 0.381510 0.381051
0.380672 0.380543 0.380427 0.380277 0.379949 0.379411
0.379206 0.379249 0.379348 0.379446 0.379381 0.379139
0.378736 0.378194 0.377483 0.376880 0.376241 0.375629
0.375156 0.374791 0.374753 0.374827 0.374811 0.374578
0.374148 0.373880 0.373739 0.373570 0.373556 0.373866
0.374107 0.374029 0.373841 0.373767 0.373854 0.373732
0.373490 0.373448 0.373711 0.373919 0.373878 0.373987
0.374269 0.374579 0.374890 0.375288 0.375746 0.376148
0.376533 0.376800 0.376777 0.376695 0.376694 0.376756
0.376808 0.376816 0.376874 0.376763 0.376599 0.376458
0.376194 0.375835 0.375397 0.375047 0.374822 0.374798
0.374925 0.375059 0.375142 0.375259 0.375633 0.375983
0.376204 0.376317 0.376528 0.376840 0.377217 0.377634
0.378042 0.378363 0.378682 0.379162 0.379669 0.380242
0.380930 0.381646 0.382046 0.382237 0.382484 0.382561
0.382367 0.382241 0.382236 0.382424 0.382618 0.382707
0.383075 0.383369 0.383572 0.384018 0.384336 0.384335
0.384365 0.384251 0.383855 0.383523 0.383192 0.382877
0.382585 0.382456 0.382251 0.382047 0.382126 0.382158
0.382269 0.382471 0.382591 0.382814 0.383087 0.383256
0.383333 0.383080 0.382885 0.383012 0.383111 0.383206
0.383492 0.384109 0.384508 0.391679 0.391536 0.391473
0.391408 0.391031 0.390577 0.389749 0.388875 0.388609
0.388455 0.388264 0.388381 0.388603 0.388689 0.388620
0.388778 0.389162 0.389108 0.388891 0.389101 0.389271
0.389282 0.389167 0.388768 0.388396 0.388144 0.388075
0.387690 0.387193 0.387025 0.386754 0.386344 0.385944
0.385451 0.384770 0.384012 0.383383 0.382811 0.382109
0.381539 0.381033 0.380552 0.380221 0.380069 0.379945
0.379718 0.379446 0.379074 0.378981 0.379008 0.378983
0.379146 0.379072 0.378745 0.378515 0.378105 0.377453
0.376935 0.376460 0.375826 0.375237 0.374943 0.374911
0.374956 0.374993 0.374656 0.374090 0.373848 0.373632
0.373362 0.373353 0.373665 0.373949 0.374004 0.373824
0.373572 0.373542 0.373517 0.373391 0.373285 0.373398
0.373598 0.373726 0.373993 0.374234 0.374394 0.374663
0.375095 0.375652 0.376231 0.376735 0.377049 0.377046
0.376891 0.376873 0.377014 0.377085 0.377100 0.377102
0.377046 0.376916 0.376684 0.376460 0.376125 0.375713
0.375380 0.375139 0.374971 0.374992 0.375267 0.375472
0.375619 0.375913 0.376123 0.376262 0.376390 0.376638
0.376843 0.377076 0.377582 0.378153 0.378622 0.379005
0.379318 0.379668 0.380217 0.381032 0.381881 0.382337
0.382558 0.382754 0.382824 0.382808 0.382705 0.382625
0.382874 0.383093 0.383190 0.383562 0.383899 0.384105
0.384410 0.384626 0.384648 0.384731 0.384598 0.384321
0.384180 0.383672 0.383142 0.382678 0.382474 0.382494
0.382369 0.382277 0.382348 0.382567 0.382899 0.383131
0.383366 0.383640 0.383597 0.383556 0.383485 0.383372
0.383394 0.383588 0.383689 0.383800 0.384393 0.384829
0.392140 0.391978 0.391981 0.392226 0.392061 0.391670
0.390869 0.389760 0.389307 0.388933 0.388303 0.388260
0.388685 0.388857 0.388851 0.389207 0.389673 0.389706
0.389586 0.389570 0.389492 0.389544 0.389388 0.388996
0.388688 0.388236 0.387980 0.387673 0.387371 0.387382
0.387085 0.386568 0.386103 0.385656 0.384970 0.384110
0.383381 0.382626 0.381791 0.381163 0.380666 0.380140
0.379755 0.379606 0.379525 0.379306 0.379112 0.378927
0.378845 0.378863 0.378947 0.378990 0.378643 0.378223
0.378079 0.377872 0.377454 0.377034 0.376634 0.376057
0.375408 0.375020 0.374906 0.374894 0.374955 0.374761
0.374310 0.374139 0.373845 0.373464 0.373506 0.373738
0.373903 0.374025 0.373870 0.373564 0.373465 0.373426
0.373352 0.373232 0.373278 0.373515 0.373754 0.374005
0.374234 0.374427 0.374633 0.375017 0.375603 0.376252
0.376717 0.376975 0.376989 0.376884 0.377028 0.377243
0.377350 0.377371 0.377380 0.377426 0.377286 0.377040
0.376699 0.376231 0.375839 0.375542 0.375369 0.375216
0.375192 0.375559 0.375844 0.375790 0.375978 0.376201
0.376250 0.376485 0.376948 0.377244 0.377291 0.377623
0.378200 0.378668 0.379010 0.379311 0.379736 0.380335
0.381203 0.382025 0.382388 0.382636 0.382933 0.383073
0.383240 0.383219 0.383099 0.383265 0.383552 0.383887
0.384173 0.384442 0.384551 0.384700 0.384958 0.385026
0.384980 0.384824 0.384704 0.384544 0.384064 0.383462
0.382951 0.382770 0.382840 0.382778 0.382681 0.382780
0.382964 0.383378 0.383632 0.383898 0.384251 0.384144
0.384090 0.384106 0.384018 0.384122 0.384400 0.384498
0.384594 0.385106 0.385501 0.392370 0.392146 0.392080
0.392309 0.392230 0.392045 0.391588 0.390701 0.389963
0.389172 0.388419 0.388228 0.388607 0.388999 0.389175
0.389424 0.389791 0.390017 0.390121 0.390030 0.389644
0.389507 0.389206 0.388916 0.388731 0.388416 0.388268
0.387914 0.387556 0.387505 0.387215 0.386623 0.386077
0.385537 0.384895 0.384124 0.383394 0.382526 0.381594
0.380889 0.380443 0.380005 0.379465 0.379313 0.379275
0.379041 0.378837 0.378732 0.378780 0.378848 0.378910
0.378863 0.378435 0.377919 0.377704 0.377625 0.377447
0.377229 0.376902 0.376371 0.375840 0.375404 0.375110
0.374957 0.374955 0.374853 0.374624 0.374452 0.374184
0.373915 0.373833 0.373909 0.373907 0.373861 0.373752
0.373532 0.373424 0.373394 0.373406 0.373350 0.373397
0.373611 0.373794 0.373981 0.374206 0.374459 0.374709
0.375080 0.375637 0.376254 0.376675 0.376898 0.376907
0.376999 0.377375 0.377583 0.377680 0.377705 0.377699
0.377738 0.377554 0.377297 0.376885 0.376349 0.375952
0.375662 0.375563 0.375413 0.375367 0.375683 0.375915
0.375857 0.375942 0.376066 0.376146 0.376575 0.377130
0.377434 0.377579 0.377879 0.378281 0.378643 0.378939
0.379374 0.379906 0.380533 0.381357 0.382066 0.382440
0.382707 0.383010 0.383357 0.383637 0.383556 0.383471
0.383548 0.383886 0.384451 0.384636 0.384767 0.384877
0.384941 0.385092 0.385235 0.385202 0.385008 0.384905
0.384619 0.384229 0.383804 0.383344 0.383189 0.383267
0.383271 0.383297 0.383415 0.383682 0.384090 0.384280
0.384461 0.384689 0.384700 0.384720 0.384661 0.384574
0.384765 0.385187 0.385445 0.385658 0.386224 0.386601
0.392328 0.392115 0.391877 0.391894 0.391950 0.391960
0.391686 0.390952 0.390121 0.389373 0.388723 0.388457
0.388839 0.389229 0.389326 0.389391 0.389537 0.389862
0.390130 0.390090 0.389641 0.389410 0.389323 0.389172
0.388913 0.388751 0.388681 0.388180 0.387601 0.387256
0.386984 0.386469 0.385863 0.385303 0.384685 0.383969
0.383234 0.382364 0.381511 0.380799 0.380331 0.379959
0.379376 0.379161 0.379106 0.378877 0.378716 0.378669
0.378686 0.378705 0.378661 0.378618 0.378286 0.377861
0.377690 0.377578 0.377566 0.377415 0.377059 0.376629
0.376180 0.375741 0.375436 0.375196 0.375019 0.374894
0.374788 0.374629 0.374415 0.374293 0.374157 0.374065
0.373948 0.373792 0.373708 0.373573 0.373439 0.373421
0.373442 0.373373 0.373375 0.373508 0.373779 0.374033
0.374245 0.374503 0.374824 0.375221 0.375673 0.376251
0.376668 0.376911 0.377081 0.377368 0.377611 0.377717
0.377941 0.378012 0.377951 0.377932 0.377788 0.377565
0.377128 0.376544 0.376236 0.376064 0.375864 0.375583
0.375558 0.375818 0.375992 0.376077 0.376160 0.376225
0.376422 0.376832 0.377127 0.377375 0.377749 0.378147
0.378495 0.378782 0.379117 0.379637 0.380096 0.380614
0.381348 0.382107 0.382724 0.383029 0.383096 0.383428
0.383861 0.383948 0.384010 0.384086 0.384379 0.384850
0.384967 0.385044 0.385142 0.385104 0.385151 0.385312
0.385319 0.385015 0.384761 0.384496 0.384319 0.384161
0.383672 0.383430 0.383655 0.383831 0.383892 0.384040
0.384472 0.384888 0.384985 0.385020 0.385049 0.385176
0.385352 0.385256 0.385153 0.385381 0.385817 0.386195
0.386590 0.387239 0.387625 0.392235 0.391995 0.391771
0.391740 0.391813 0.391864 0.391536 0.390923 0.390310
0.389822 0.389357 0.389085 0.389144 0.389257 0.389337
0.389496 0.389625 0.389870 0.390078 0.390021 0.389751
0.389485 0.389438 0.389215 0.388939 0.388886 0.388804
0.388303 0.387649 0.387110 0.386661 0.386226 0.385600
0.384905 0.384264 0.383585 0.382838 0.382025 0.381227
0.380550 0.380069 0.379804 0.379418 0.379062 0.378892
0.378800 0.378721 0.378566 0.378453 0.378478 0.378337
0.378140 0.377891 0.377765 0.377704 0.377560 0.377603
0.377424 0.377064 0.376636 0.376152 0.375793 0.375550
0.375253 0.375020 0.374943 0.374810 0.374648 0.374469
0.374410 0.374371 0.374134 0.373927 0.373831 0.373755
0.373730 0.373543 0.373350 0.373290 0.373158 0.373087
0.373246 0.373656 0.373954 0.374259 0.374671 0.375052
0.375361 0.375769 0.376362 0.376818 0.377092 0.377313
0.377642 0.377769 0.377823 0.378114 0.378228 0.378153
0.378162 0.378095 0.377876 0.377398 0.376810 0.376524
0.376463 0.376241 0.375941 0.376002 0.376178 0.376242
0.376332 0.376491 0.376733 0.376907 0.377049 0.377170
0.377421 0.377897 0.378398 0.378907 0.379202 0.379459
0.379925 0.380321 0.380797 0.381384 0.382074 0.382876
0.383163 0.383060 0.383393 0.383973 0.384417 0.384685
0.384721 0.384910 0.385240 0.385325 0.385389 0.385395
0.385288 0.385320 0.385350 0.385221 0.384956 0.384741
0.384600 0.384536 0.384438 0.384175 0.384051 0.384250
0.384398 0.384542 0.384840 0.385146 0.385450 0.385511
0.385519 0.385580 0.385747 0.386004 0.385952 0.385951
0.386308 0.386564 0.386684 0.387255 0.388146 0.388575
0.392123 0.391864 0.391681 0.391893 0.392009 0.391843
0.391503 0.391141 0.390801 0.390431 0.390167 0.389922
0.389444 0.389266 0.389538 0.389835 0.389980 0.390136
0.390211 0.390080 0.389986 0.389676 0.389507 0.389235
0.389029 0.389080 0.388887 0.388454 0.387857 0.387237
0.386540 0.386036 0.385415 0.384501 0.383756 0.383095
0.382375 0.381551 0.380692 0.380126 0.379758 0.379570
0.379326 0.379000 0.378878 0.378862 0.378792 0.378445
0.378220 0.378306 0.378091 0.377775 0.377618 0.377581
0.377470 0.377310 0.377331 0.377358 0.377115 0.376560
0.376225 0.376066 0.375651 0.375266 0.375133 0.375140
0.375003 0.374740 0.374528 0.374469 0.374433 0.374132
0.373874 0.373800 0.373663 0.373606 0.373490 0.373205
0.373012 0.372902 0.372958 0.373191 0.373628 0.374088
0.374484 0.374931 0.375300 0.375512 0.375853 0.376408
0.376987 0.377384 0.377595 0.377853 0.378031 0.378192
0.378362 0.378423 0.378453 0.378509 0.378430 0.378156
0.377728 0.377262 0.376957 0.376766 0.376622 0.376487
0.376508 0.376651 0.376668 0.376618 0.376701 0.376960
0.377198 0.377367 0.377499 0.377683 0.378189 0.378828
0.379328 0.379679 0.380042 0.380410 0.380625 0.380978
0.381432 0.381987 0.382739 0.383074 0.383221 0.383763
0.384235 0.384622 0.385028 0.385154 0.385393 0.385726
0.385729 0.385730 0.385797 0.385706 0.385577 0.385332
0.385095 0.384997 0.384906 0.384862 0.384812 0.384691
0.384706 0.384898 0.384933 0.385040 0.385352 0.385643
0.385703 0.385764 0.385867 0.385966 0.386040 0.386234
0.386582 0.386593 0.386695 0.387019 0.387207 0.387374
0.387990 0.388907 0.389338 0.392052 0.391782 0.391657
0.391836 0.392029 0.392117 0.391899 0.391524 0.391252
0.391176 0.391073 0.390784 0.390272 0.389931 0.390050
0.390200 0.390084 0.390248 0.390269 0.390004 0.390078
0.389928 0.389678 0.389463 0.389363 0.389397 0.389172
0.388648 0.388075 0.387461 0.386551 0.385832 0.385094
0.384087 0.383276 0.382658 0.381998 0.381158 0.380442
0.379931 0.379481 0.379300 0.379164 0.378969 0.378943
0.378936 0.378771 0.378359 0.378049 0.378048 0.377918
0.377750 0.377683 0.377504 0.377211 0.377096 0.377207
0.377347 0.377131 0.376642 0.376407 0.376211 0.375808
0.375450 0.375331 0.375356 0.375274 0.374999 0.374763
0.374685 0.374491 0.374138 0.373947 0.373840 0.373606
0.373456 0.373421 0.373241 0.373053 0.372988 0.373161
0.373491 0.373972 0.374549 0.374933 0.375264 0.375529
0.375757 0.376018 0.376448 0.377137 0.377623 0.377806
0.378015 0.378272 0.378552 0.378737 0.378823 0.378916
0.378895 0.378765 0.378544 0.378193 0.377806 0.377475
0.377276 0.377208 0.377086 0.377005 0.377031 0.377085
0.377129 0.377116 0.377212 0.377574 0.377916 0.378093
0.378302 0.378683 0.379171 0.379512 0.379909 0.380515
0.380881 0.380944 0.381307 0.381756 0.382183 0.382818
0.383217 0.383555 0.384149 0.384588 0.384906 0.385396
0.385710 0.385945 0.386165 0.386100 0.386088 0.386074
0.385886 0.385670 0.385357 0.385197 0.385199 0.385204
0.385188 0.385133 0.385210 0.385427 0.385579 0.385528
0.385772 0.386188 0.386301 0.386238 0.386366 0.386562
0.386622 0.386624 0.386730 0.386974 0.387018 0.387056
0.387239 0.387667 0.388294 0.388834 0.389348 0.389622
0.392097 0.392037 0.391832 0.391691 0.391804 0.392226
0.392493 0.392235 0.391990 0.391866 0.391556 0.391291
0.390962 0.390558 0.390490 0.390581 0.390504 0.390475
0.390361 0.390195 0.390281 0.390148 0.389833 0.389652
0.389448 0.389342 0.389173 0.388588 0.388084 0.387579
0.386601 0.385588 0.384602 0.383580 0.382892 0.382376
0.381717 0.381015 0.380443 0.379819 0.379259 0.379113
0.379107 0.378973 0.378942 0.378934 0.378635 0.378235
0.377921 0.377661 0.377513 0.377518 0.377554 0.377362
0.376944 0.376817 0.377024 0.377224 0.377127 0.376903
0.376665 0.376307 0.375992 0.375669 0.375591 0.375548
0.375452 0.375279 0.374996 0.374889 0.374627 0.374273
0.374197 0.373988 0.373596 0.373421 0.373394 0.373343
0.373238 0.373178 0.373353 0.373739 0.374240 0.374834
0.375285 0.375553 0.375769 0.375957 0.376203 0.376650
0.377318 0.377831 0.378043 0.378216 0.378518 0.378829
0.379121 0.379300 0.379336 0.379339 0.379246 0.379079
0.378857 0.378574 0.378126 0.377877 0.377781 0.377706
0.377674 0.377436 0.377460 0.377647 0.377569 0.377578
0.377915 0.378267 0.378482 0.378804 0.379160 0.379487
0.379765 0.380164 0.380674 0.381056 0.381353 0.381815
0.382131 0.382444 0.383103 0.383611 0.383899 0.384345
0.384943 0.385452 0.385994 0.386417 0.386594 0.386649
0.386616 0.386559 0.386321 0.386026 0.385666 0.385349
0.385423 0.385505 0.385504 0.385589 0.385647 0.385733
0.385911 0.385992 0.386089 0.386366 0.386641 0.386789
0.386831 0.386971 0.387128 0.387191 0.387301 0.387387
0.387416 0.387473 0.387561 0.387740 0.388241 0.388799
0.389287 0.389788 0.390008 0.392115 0.392211 0.391927
0.391611 0.391713 0.392237 0.392813 0.392731 0.392605
0.392434 0.391975 0.391503 0.391216 0.391031 0.390868
0.390808 0.390854 0.390826 0.390605 0.390391 0.390295
0.390087 0.389711 0.389598 0.389340 0.389013 0.388695
0.388166 0.387804 0.387270 0.386406 0.385397 0.384371
0.383486 0.382838 0.382357 0.381838 0.381139 0.380325
0.379583 0.379024 0.378855 0.378972 0.378785 0.378759
0.378867 0.378518 0.378174 0.377818 0.377477 0.377255
0.377037 0.376963 0.376832 0.376494 0.376470 0.376758
0.377020 0.377211 0.377259 0.376924 0.376467 0.376357
0.376234 0.376017 0.375859 0.375809 0.375582 0.375224
0.375007 0.374777 0.374557 0.374427 0.374120 0.373652
0.373332 0.373300 0.373442 0.373430 0.373383 0.373481
0.373812 0.374329 0.374961 0.375557 0.375881 0.376010
0.376098 0.376343 0.376900 0.377578 0.378056 0.378391
0.378576 0.378785 0.379086 0.379356 0.379556 0.379727
0.379896 0.379938 0.379841 0.379669 0.379464 0.378987
0.378519 0.378271 0.378274 0.378218 0.377837 0.377701
0.377853 0.377837 0.377895 0.378223 0.378554 0.378700
0.378958 0.379475 0.379930 0.380248 0.380504 0.380765
0.381331 0.381881 0.382207 0.382508 0.382929 0.383547
0.384012 0.384310 0.384722 0.385425 0.386065 0.386553
0.387057 0.387308 0.387344 0.387321 0.387155 0.386854
0.386370 0.385819 0.385577 0.385840 0.385953 0.385815
0.385982 0.386114 0.386117 0.386254 0.386465 0.386725
0.386941 0.387086 0.387232 0.387235 0.387271 0.387379
0.387665 0.387919 0.387984 0.387988 0.387948 0.388109
0.388433 0.388824 0.389015 0.389360 0.390009 0.390330
0.391509 0.391561 0.391644 0.391610 0.391845 0.392544
0.392848 0.392719 0.392738 0.392800 0.392555 0.391866
0.391538 0.391402 0.391058 0.390905 0.391037 0.391005
0.390571 0.390204 0.390026 0.389701 0.389241 0.389098
0.388921 0.388569 0.388110 0.387611 0.387254 0.386788
0.386115 0.385233 0.384342 0.383591 0.382927 0.382446
0.381990 0.381249 0.380160 0.379249 0.378862 0.378750
0.378779 0.378462 0.378272 0.378456 0.378421 0.378225
0.377786 0.377420 0.377083 0.376612 0.376369 0.376362
0.376350 0.376424 0.376652 0.376860 0.377128 0.377293
0.377113 0.376820 0.376879 0.376955 0.376590 0.376250
0.376077 0.375794 0.375560 0.375265 0.374979 0.374869
0.374593 0.374224 0.373894 0.373525 0.373473 0.373748
0.373823 0.373729 0.373683 0.373959 0.374553 0.375182
0.375729 0.376097 0.376260 0.376476 0.376892 0.377456
0.378038 0.378375 0.378673 0.378946 0.379084 0.379338
0.379545 0.379735 0.380027 0.380279 0.380533 0.380632
0.380491 0.380205 0.379786 0.379346 0.379057 0.378863
0.378575 0.378262 0.378029 0.378058 0.378210 0.378340
0.378577 0.378863 0.379001 0.379197 0.379712 0.380183
0.380562 0.380805 0.381011 0.381673 0.382199 0.382446
0.383037 0.383616 0.384044 0.384398 0.384887 0.385463
0.386038 0.386686 0.387243 0.387749 0.387948 0.387946
0.387888 0.387692 0.387362 0.386692 0.386082 0.386007
0.386391 0.386562 0.386363 0.386421 0.386602 0.386695
0.386957 0.387198 0.387325 0.387454 0.387666 0.387821
0.387734 0.387880 0.388041 0.388355 0.388554 0.388468
0.388400 0.388192 0.388353 0.388791 0.389219 0.389421
0.389666 0.390177 0.390435 0.390937 0.391059 0.391393
0.391784 0.392319 0.392705 0.392579 0.392519 0.392652
0.392698 0.392573 0.392070 0.391645 0.391396 0.391024
0.390818 0.390964 0.390833 0.390261 0.389817 0.389531
0.389104 0.388652 0.388484 0.388397 0.388072 0.387530
0.387126 0.386749 0.386247 0.385655 0.384986 0.384317
0.383627 0.383018 0.382459 0.381816 0.381225 0.380364
0.379441 0.378981 0.378735 0.378621 0.378448 0.378139
0.378038 0.378157 0.378104 0.377821 0.377376 0.376855
0.376489 0.376324 0.376336 0.376399 0.376423 0.376526
0.376794 0.377141 0.377324 0.377452 0.377385 0.377237
0.377135 0.376906 0.376709 0.376491 0.376165 0.375833
0.375545 0.375249 0.375103 0.374832 0.374451 0.374183
0.373913 0.373852 0.374027 0.374149 0.374141 0.374125
0.374379 0.374920 0.375417 0.375811 0.376238 0.376565
0.376953 0.377467 0.377994 0.378478 0.378722 0.378959
0.379228 0.379396 0.379558 0.379713 0.379957 0.380165
0.380473 0.380916 0.381094 0.381003 0.380737 0.380417
0.380150 0.379966 0.379620 0.379221 0.378990 0.378798
0.378785 0.378806 0.378871 0.379059 0.379175 0.379189
0.379352 0.379804 0.380336 0.380757 0.381048 0.381403
0.381814 0.382209 0.382787 0.383555 0.384140 0.384596
0.384982 0.385538 0.386231 0.386728 0.387305 0.387899
0.388253 0.388307 0.388200 0.388087 0.387961 0.387594
0.387103 0.386680 0.386542 0.386892 0.387182 0.387169
0.387107 0.387149 0.387333 0.387741 0.387830 0.387764
0.388003 0.388250 0.388360 0.388336 0.388479 0.388642
0.388980 0.389254 0.389080 0.388942 0.388819 0.388849
0.389132 0.389519 0.389906 0.390340 0.390710 0.390779
0.390750 0.390659 0.390946 0.391677 0.392372 0.392628
0.392224 0.391956 0.392175 0.392276 0.392244 0.391904
0.391333 0.391032 0.390832 0.390720 0.390568 0.390183
0.389786 0.389410 0.388963 0.388559 0.388204 0.387968
0.387838 0.387581 0.387087 0.386718 0.386200 0.385520
0.385076 0.384694 0.384270 0.383711 0.383045 0.382355
0.381726 0.381185 0.380590 0.379912 0.379285 0.378741
0.378505 0.378426 0.378279 0.378209 0.378158 0.378001
0.377769 0.377426 0.377013 0.376716 0.376621 0.376508
0.376430 0.376415 0.376502 0.376891 0.377332 0.377460
0.377679 0.377712 0.377452 0.377280 0.377113 0.377060
0.376943 0.376543 0.376023 0.375700 0.375433 0.375282
0.375187 0.374923 0.374531 0.374180 0.373971 0.374025
0.374377 0.374594 0.374702 0.375061 0.375469 0.375849
0.376195 0.376631 0.377050 0.377359 0.377727 0.378234
0.378664 0.378794 0.379049 0.379340 0.379510 0.379610
0.379792 0.380186 0.380475 0.380866 0.381344 0.381480
0.381334 0.381123 0.380935 0.380765 0.380655 0.380392
0.379995 0.379709 0.379542 0.379493 0.379372 0.379299
0.379343 0.379374 0.379351 0.379605 0.380163 0.380622
0.381021 0.381368 0.381694 0.381925 0.382372 0.383227
0.383890 0.384373 0.384980 0.385523 0.386000 0.386640
0.387259 0.387887 0.388428 0.388610 0.388605 0.388420
0.388201 0.388084 0.387769 0.387455 0.387300 0.387204
0.387383 0.387663 0.387861 0.387756 0.387611 0.387989
0.388450 0.388389 0.388209 0.388413 0.388715 0.388896
0.388887 0.388946 0.389153 0.389458 0.389815 0.389713
0.389619 0.389670 0.389617 0.389722 0.390019 0.390415
0.390859 0.391169 0.391205 0.390442 0.390355 0.390797
0.391474 0.391896 0.392179 0.391722 0.391265 0.391365
0.391578 0.391645 0.391422 0.391071 0.390710 0.390583
0.390711 0.390453 0.389880 0.389392 0.389003 0.388560
0.388143 0.387841 0.387511 0.387250 0.387051 0.386683
0.386132 0.385411 0.384745 0.384547 0.384396 0.383886
0.383251 0.382634 0.382076 0.381572 0.380944 0.380324
0.379842 0.379432 0.378964 0.378581 0.378395 0.378348
0.378407 0.378305 0.378045 0.377727 0.377470 0.377282
0.377034 0.376822 0.376627 0.376624 0.376696 0.376687
0.377002 0.377482 0.377617 0.377772 0.377938 0.377851
0.377706 0.377465 0.377135 0.376803 0.376443 0.376160
0.375931 0.375762 0.375682 0.375649 0.375442 0.374892
0.374295 0.373999 0.374141 0.374638 0.375108 0.375375
0.375769 0.376102 0.376485 0.376782 0.377078 0.377553
0.377807 0.378065 0.378494 0.378759 0.378825 0.379041
0.379352 0.379561 0.379738 0.379983 0.380359 0.380794
0.381261 0.381699 0.381890 0.381784 0.381553 0.381416
0.381281 0.381058 0.380765 0.380471 0.380337 0.380218
0.380032 0.379932 0.379867 0.379706 0.379639 0.379734
0.380197 0.380831 0.381051 0.381275 0.381639 0.381872
0.382205 0.382793 0.383454 0.383993 0.384523 0.385079
0.385665 0.386369 0.387051 0.387745 0.388505 0.388991
0.389031 0.389000 0.388836 0.388458 0.388346 0.388138
0.387724 0.387550 0.387562 0.387744 0.387926 0.388014
0.387943 0.388041 0.388409 0.388674 0.388820 0.388779
0.388776 0.389038 0.389471 0.389642 0.389679 0.389873
0.390013 0.390189 0.390138 0.390079 0.390153 0.390186
0.390330 0.390617 0.390911 0.391101 0.391349 0.391502
0.389882 0.390279 0.390994 0.391293 0.391435 0.391499
0.391229 0.390977 0.390719 0.390798 0.390849 0.390694
0.390732 0.390465 0.390173 0.390205 0.390131 0.389716
0.388992 0.388290 0.387800 0.387604 0.387404 0.387101
0.386813 0.386453 0.386030 0.385504 0.384924 0.384181
0.383909 0.383856 0.383371 0.382803 0.382366 0.381792
0.381177 0.380624 0.380060 0.379647 0.379417 0.379169
0.378773 0.378549 0.378495 0.378246 0.378095 0.378128
0.377870 0.377538 0.377365 0.377192 0.376974 0.376849
0.376955 0.377124 0.377061 0.377207 0.377577 0.377743
0.377868 0.378133 0.378415 0.378311 0.377989 0.377347
0.376681 0.376438 0.376435 0.376409 0.376343 0.376302
0.376274 0.376014 0.375335 0.374673 0.374410 0.374609
0.375084 0.375679 0.376036 0.376291 0.376687 0.377029
0.377188 0.377466 0.377864 0.378133 0.378377 0.378642
0.378866 0.379080 0.379365 0.379678 0.379958 0.380176
0.380342 0.380537 0.380992 0.381577 0.381881 0.382092
0.382182 0.382000 0.381829 0.381651 0.381381 0.381040
0.380860 0.380953 0.380923 0.380689 0.380495 0.380461
0.380450 0.380253 0.380219 0.380658 0.381142 0.381333
0.381520 0.381817 0.382107 0.382503 0.383097 0.383733
0.384201 0.384750 0.385384 0.386043 0.386860 0.387506
0.388190 0.389039 0.389423 0.389346 0.389284 0.389087
0.388639 0.388516 0.388373 0.387979 0.387888 0.387895
0.387855 0.387954 0.387986 0.388001 0.388341 0.388592
0.388680 0.388979 0.389124 0.389150 0.389367 0.389835
0.390196 0.390290 0.390412 0.390402 0.390429 0.390551
0.390512 0.390352 0.390349 0.390544 0.390792 0.391127
0.391263 0.391433 0.391668 0.389560 0.389854 0.390406
0.390659 0.390675 0.390719 0.390830 0.390859 0.390651
0.390577 0.390588 0.390428 0.390242 0.389967 0.389700
0.389636 0.389578 0.389170 0.388505 0.387796 0.387353
0.387271 0.387050 0.386798 0.386498 0.386020 0.385449
0.384978 0.384536 0.383870 0.383562 0.383380 0.383033
0.382675 0.382390 0.381665 0.380841 0.380412 0.379981
0.379623 0.379373 0.379085 0.378777 0.378746 0.378596
0.378098 0.377926 0.378149 0.377990 0.377664 0.377512
0.377341 0.377183 0.377186 0.377353 0.377419 0.377298
0.377370 0.377638 0.377798 0.378042 0.378393 0.378674
0.378680 0.378355 0.377674 0.377092 0.376924 0.376908
0.376991 0.377016 0.376988 0.376939 0.376603 0.375967
0.375531 0.375313 0.375361 0.375778 0.376241 0.376531
0.376692 0.376972 0.377237 0.377385 0.377723 0.378036
0.378310 0.378596 0.378834 0.379094 0.379374 0.379762
0.380051 0.380288 0.380525 0.380617 0.380709 0.381139
0.381765 0.382130 0.382329 0.382432 0.382360 0.382265
0.382081 0.381754 0.381432 0.381327 0.381378 0.381329
0.381218 0.381063 0.380868 0.380866 0.380754 0.380635
0.380943 0.381279 0.381466 0.381757 0.382125 0.382484
0.382838 0.383292 0.384005 0.384594 0.385140 0.385853
0.386617 0.387403 0.387902 0.388479 0.389250 0.389550
0.389401 0.389218 0.388998 0.388606 0.388459 0.388398
0.388110 0.387982 0.387769 0.387651 0.387917 0.388102
0.388174 0.388317 0.388573 0.388715 0.388829 0.388931
0.389212 0.389706 0.390063 0.390376 0.390538 0.390671
0.390699 0.390777 0.391030 0.390926 0.390635 0.390615
0.390797 0.390909 0.391160 0.391376 0.391597 0.391845
0.389740 0.389928 0.390151 0.390120 0.390115 0.390186
0.390396 0.390649 0.390810 0.390807 0.390676 0.390360
0.389954 0.389520 0.389145 0.389090 0.388912 0.388421
0.388011 0.387603 0.387226 0.387067 0.386782 0.386333
0.385897 0.385515 0.385033 0.384496 0.384146 0.383793
0.383368 0.383057 0.382863 0.382620 0.382301 0.381646
0.380865 0.380430 0.380088 0.379686 0.379342 0.379068
0.378910 0.378890 0.378532 0.378098 0.378104 0.378206
0.378073 0.377893 0.377769 0.377689 0.377677 0.377773
0.377811 0.377598 0.377440 0.377615 0.377918 0.378107
0.378450 0.378785 0.378745 0.378676 0.378287 0.377714
0.377536 0.377528 0.377596 0.377690 0.377780 0.377768
0.377518 0.377153 0.376763 0.376475 0.376268 0.376246
0.376474 0.376773 0.377111 0.377330 0.377335 0.377450
0.377651 0.377881 0.378215 0.378524 0.378835 0.379073
0.379304 0.379557 0.379840 0.380009 0.380193 0.380500
0.380665 0.380846 0.381367 0.382011 0.382464 0.382635
0.382709 0.382782 0.382700 0.382445 0.381938 0.381606
0.381629 0.381552 0.381376 0.381424 0.381475 0.381294
0.381126 0.381121 0.381170 0.381285 0.381543 0.381825
0.382000 0.382259 0.382822 0.383379 0.383751 0.384295
0.385012 0.385717 0.386439 0.387172 0.387938 0.388486
0.388998 0.389432 0.389574 0.389399 0.389112 0.389082
0.388759 0.388407 0.388155 0.387953 0.387743 0.387314
0.387359 0.387706 0.388024 0.388162 0.387968 0.388160
0.388567 0.388756 0.388888 0.389319 0.389980 0.390294
0.390543 0.390749 0.390853 0.391010 0.391245 0.391436
0.391470 0.391418 0.391292 0.391291 0.391289 0.391349
0.391585 0.391906 0.392119 0.390006 0.390294 0.390403
0.390122 0.390135 0.390169 0.390251 0.390560 0.390775
0.390752 0.390666 0.390428 0.389934 0.389163 0.388618
0.388570 0.388336 0.387815 0.387596 0.387381 0.386849
0.386572 0.386434 0.386044 0.385454 0.385069 0.384793
0.384271 0.383974 0.383713 0.383048 0.382632 0.382619
0.382541 0.382160 0.381638 0.381160 0.380701 0.380203
0.379790 0.379362 0.379015 0.379028 0.378942 0.378561
0.378306 0.378338 0.378357 0.378236 0.378131 0.378015
0.377925 0.378006 0.378175 0.378161 0.377979 0.377925
0.378208 0.378413 0.378556 0.378911 0.379085 0.378962
0.378747 0.378324 0.377776 0.377686 0.377993 0.378154
0.378144 0.378349 0.378501 0.378186 0.377720 0.377419
0.377224 0.377120 0.377122 0.377088 0.377217 0.377580
0.377934 0.377986 0.377910 0.378064 0.378287 0.378551
0.378757 0.378995 0.379165 0.379320 0.379589 0.379831
0.379983 0.380180 0.380480 0.380659 0.380967 0.381591
0.382244 0.382680 0.382827 0.382975 0.383149 0.382947
0.382485 0.381994 0.381752 0.381772 0.381613 0.381309
0.381311 0.381410 0.381447 0.381483 0.381510 0.381553
0.381601 0.381771 0.382045 0.382222 0.382428 0.382908
0.383627 0.384301 0.384812 0.385434 0.386161 0.386946
0.387785 0.388544 0.389156 0.389457 0.389633 0.389715
0.389568 0.389442 0.389421 0.389155 0.388609 0.388070
0.387853 0.387760 0.387620 0.387609 0.387558 0.387539
0.387720 0.387772 0.387909 0.388334 0.388759 0.389110
0.389453 0.389952 0.390354 0.390665 0.390971 0.391113
0.391315 0.391645 0.391903 0.392190 0.392204 0.392078
0.392067 0.391939 0.391820 0.391940 0.392154 0.392225
0.390228 0.390405 0.390586 0.390516 0.390440 0.390351
0.390384 0.390597 0.390590 0.390427 0.390373 0.390222
0.389720 0.388892 0.388429 0.388378 0.388022 0.387606
0.387307 0.386918 0.386432 0.386133 0.386173 0.386014
0.385465 0.385108 0.384753 0.384211 0.383910 0.383549
0.382951 0.382517 0.382413 0.382190 0.381756 0.381403
0.381018 0.380579 0.380052 0.379685 0.379290 0.378841
0.378886 0.378974 0.378847 0.378593 0.378378 0.378403
0.378383 0.378318 0.378210 0.378074 0.378140 0.378239
0.378298 0.378397 0.378512 0.378724 0.378941 0.379121
0.379258 0.379285 0.379201 0.378827 0.378414 0.378162
0.378134 0.378430 0.378518 0.378581 0.378812 0.378917
0.378748 0.378280 0.377949 0.377844 0.377912 0.377849
0.377658 0.377736 0.377953 0.378236 0.378414 0.378472
0.378555 0.378737 0.378900 0.378940 0.379090 0.379286
0.379419 0.379638 0.379916 0.380045 0.380232 0.380552
0.380737 0.381162 0.381759 0.382305 0.382828 0.383066
0.383188 0.383201 0.382983 0.382595 0.382222 0.381981
0.381857 0.381712 0.381354 0.381251 0.381332 0.381287
0.381378 0.381449 0.381437 0.381606 0.381811 0.381990
0.382250 0.382557 0.382903 0.383540 0.384407 0.385060
0.385638 0.386349 0.387191 0.388101 0.388924 0.389492
0.389715 0.389915 0.389959 0.389815 0.389732 0.389669
0.389471 0.388951 0.388413 0.388086 0.388057 0.388153
0.388097 0.387906 0.387439 0.387419 0.387742 0.387916
0.388350 0.388881 0.389394 0.389654 0.389941 0.390363
0.390746 0.391185 0.391490 0.391700 0.392035 0.392464
0.392725 0.392660 0.392708 0.392779 0.392584 0.392272
0.392219 0.392355 0.392346 0.390264 0.390426 0.390745
0.390700 0.390501 0.390563 0.390687 0.390620 0.390319
0.390097 0.390020 0.389558 0.389040 0.388663 0.388309
0.388202 0.387766 0.387444 0.387087 0.386463 0.386132
0.385959 0.385930 0.385785 0.385501 0.385239 0.384657
0.384207 0.384002 0.383474 0.383032 0.382720 0.382422
0.381924 0.381380 0.381040 0.380648 0.380416 0.380185
0.379787 0.379344 0.378822 0.378752 0.379060 0.379108
0.378771 0.378460 0.378484 0.378555 0.378544 0.378430
0.378281 0.378400 0.378538 0.378662 0.378779 0.378816
0.378986 0.379185 0.379318 0.379351 0.379395 0.379372
0.379080 0.378671 0.378651 0.378869 0.379007 0.379089
0.379340 0.379397 0.379231 0.379182 0.378899 0.378540
0.378408 0.378485 0.378468 0.378377 0.378453 0.378509
0.378521 0.378710 0.379100 0.379179 0.379092 0.379161
0.379206 0.379291 0.379493 0.379644 0.379778 0.380024
0.380251 0.380556 0.380913 0.381219 0.381699 0.382189
0.382584 0.383072 0.383390 0.383368 0.383161 0.383010
0.382781 0.382459 0.382103 0.381833 0.381747 0.381563
0.381419 0.381303 0.381140 0.381037 0.381030 0.381143
0.381351 0.381586 0.381809 0.382133 0.382450 0.382893
0.383565 0.384442 0.385219 0.385785 0.386491 0.387376
0.388287 0.389195 0.389851 0.390236 0.390426 0.390233
0.390086 0.390004 0.390011 0.389845 0.389289 0.388762
0.388449 0.388355 0.388247 0.388177 0.388303 0.388140
0.387831 0.387866 0.388118 0.388634 0.389144 0.389640
0.389985 0.390273 0.390566 0.390847 0.391280 0.391663
0.392003 0.392335 0.392777 0.393126 0.393107 0.393070
0.393035 0.392685 0.392265 0.392157 0.392185 0.392139
0.390144 0.390284 0.390677 0.390840 0.390809 0.390894
0.390860 0.390656 0.390182 0.389768 0.389639 0.389139
0.388718 0.388488 0.388095 0.387784 0.387261 0.387006
0.386919 0.386455 0.386077 0.385845 0.385693 0.385651
0.385493 0.385159 0.384663 0.384325 0.383967 0.383383
0.382990 0.382588 0.382101 0.381710 0.381414 0.381162
0.380908 0.380729 0.380539 0.380215 0.379796 0.379262
0.378955 0.379106 0.379223 0.378993 0.378762 0.378741
0.378793 0.378707 0.378585 0.378570 0.378734 0.378926
0.379102 0.379216 0.379206 0.379293 0.379299 0.379322
0.379508 0.379514 0.379444 0.379491 0.379243 0.379177
0.379394 0.379405 0.379469 0.379628 0.379641 0.379622
0.379624 0.379523 0.379329 0.379096 0.378989 0.378987
0.378977 0.379077 0.379193 0.379228 0.379379 0.379699
0.379746 0.379545 0.379620 0.379771 0.379788 0.379948
0.380088 0.380192 0.380361 0.380628 0.381128 0.381668
0.382021 0.382314 0.382713 0.383065 0.383433 0.383640
0.383414 0.383166 0.383030 0.382771 0.382495 0.382181
0.381891 0.381772 0.381606 0.381433 0.381336 0.381216
0.381141 0.381065 0.381164 0.381389 0.381502 0.381652
0.382027 0.382418 0.382950 0.383727 0.384682 0.385507
0.386025 0.386616 0.387476 0.388461 0.389451 0.390280
0.390759 0.390890 0.390664 0.390572 0.390483 0.390367
0.390092 0.389576 0.389020 0.388643 0.388524 0.388293
0.388265 0.388653 0.388979 0.388724 0.388470 0.388653
0.388993 0.389534 0.390057 0.390276 0.390574 0.390883
0.391175 0.391520 0.391950 0.392538 0.393016 0.393364
0.393529 0.393303 0.393008 0.392921 0.392548 0.392014
0.391787 0.391709 0.391641 0.389878 0.389970 0.390293
0.390718 0.391061 0.391068 0.390897 0.390601 0.389871
0.389366 0.389246 0.388963 0.388730 0.388394 0.387859
0.387368 0.386880 0.386647 0.386645 0.386447 0.386180
0.385864 0.385674 0.385641 0.385400 0.385122 0.384805
0.384403 0.383846 0.383274 0.382842 0.382300 0.381854
0.381502 0.381372 0.381449 0.381244 0.380920 0.380657
0.380405 0.380084 0.379611 0.379164 0.379146 0.379271
0.379079 0.378974 0.379094 0.379181 0.379106 0.379005
0.379159 0.379182 0.379267 0.379516 0.379701 0.379902
0.379910 0.379859 0.379809 0.379849 0.379743 0.379615
0.379815 0.379860 0.379884 0.379933 0.379750 0.379767
0.379856 0.379849 0.379883 0.379869 0.379964 0.380040
0.379800 0.379579 0.379518 0.379333 0.379428 0.379727
0.379933 0.380073 0.380122 0.380083 0.380034 0.380267
0.380495 0.380473 0.380480 0.380615 0.380776 0.380795
0.380943 0.381557 0.382224 0.382586 0.382891 0.383225
0.383587 0.383875 0.383820 0.383532 0.383254 0.382962
0.382601 0.382398 0.382321 0.382142 0.381915 0.381549
0.381298 0.381357 0.381304 0.381338 0.381379 0.381406
0.381545 0.381480 0.381571 0.381996 0.382474 0.383164
0.383979 0.384856 0.385662 0.386142 0.386703 0.387535
0.388456 0.389434 0.390304 0.390966 0.391174 0.391158
0.391231 0.390989 0.390633 0.390281 0.389811 0.389171
0.388709 0.388604 0.388511 0.388557 0.388977 0.389473
0.389479 0.389250 0.389299 0.389572 0.390097 0.390497
0.390643 0.390943 0.391303 0.391832 0.392257 0.392602
0.393158 0.393778 0.394141 0.393972 0.393470 0.392919
0.392690 0.392571 0.392177 0.391892 0.391781 0.391682
0.389810 0.389963 0.390193 0.390491 0.390771 0.390782
0.390750 0.390415 0.389657 0.389372 0.389355 0.389230
0.389002 0.388342 0.387511 0.386983 0.386773 0.386585
0.386561 0.386432 0.386175 0.385830 0.385618 0.385658
0.385449 0.385091 0.384761 0.384334 0.383574 0.382870
0.382532 0.382160 0.381776 0.381440 0.381403 0.381509
0.381285 0.380971 0.380666 0.380333 0.380093 0.379722
0.379300 0.379171 0.379168 0.379161 0.379229 0.379445
0.379712 0.379759 0.379697 0.379761 0.379596 0.379691
0.379971 0.380196 0.380603 0.380663 0.380597 0.380412
0.380310 0.380345 0.380285 0.380360 0.380409 0.380356
0.380330 0.380267 0.380351 0.380442 0.380389 0.380243
0.380097 0.380215 0.380348 0.380228 0.380055 0.380013
0.379955 0.380047 0.380198 0.380248 0.380278 0.380379
0.380393 0.380468 0.380778 0.380951 0.380935 0.380773
0.380922 0.381236 0.381274 0.381498 0.382123 0.382600
0.382890 0.383328 0.383606 0.383938 0.384172 0.384005
0.383771 0.383357 0.382844 0.382602 0.382468 0.382293
0.382067 0.381800 0.381472 0.381232 0.381231 0.381271
0.381413 0.381513 0.381443 0.381458 0.381484 0.381631
0.382080 0.382701 0.383505 0.384359 0.385087 0.385687
0.386193 0.386921 0.387780 0.388555 0.389382 0.390230
0.390920 0.391200 0.391433 0.391562 0.391331 0.390911
0.390481 0.390004 0.389310 0.388900 0.388729 0.388623
0.388813 0.389337 0.389870 0.390085 0.390105 0.390091
0.390152 0.390401 0.390661 0.390993 0.391448 0.391861
0.392495 0.392993 0.393088 0.393278 0.394014 0.394521
0.394271 0.393847 0.393395 0.392964 0.392620 0.392448
0.392371 0.392090 0.391859 0.389654 0.389861 0.390095
0.390270 0.390450 0.390373 0.390389 0.390260 0.389723
0.389444 0.389417 0.389521 0.389288 0.388347 0.387263
0.386552 0.386381 0.386389 0.386473 0.386364 0.385964
0.385566 0.385400 0.385553 0.385519 0.385045 0.384548
0.383977 0.383105 0.382445 0.382155 0.381975 0.381625
0.381463 0.381534 0.381425 0.381274 0.381120 0.380873
0.380453 0.380234 0.380083 0.379699 0.379319 0.379077
0.379164 0.379493 0.379847 0.380188 0.380304 0.380313
0.380260 0.380059 0.380177 0.380451 0.380717 0.381087
0.381270 0.381214 0.381027 0.380987 0.381013 0.381014
0.380925 0.380713 0.380642 0.380640 0.380777 0.381022
0.380983 0.380881 0.380807 0.380538 0.380491 0.380573
0.380477 0.380323 0.380334 0.380566 0.380780 0.380756
0.380645 0.380572 0.380667 0.380834 0.380924 0.381135
0.381282 0.381159 0.381048 0.381372 0.381752 0.381890
0.382136 0.382600 0.382867 0.383005 0.383381 0.383748
0.383992 0.384148 0.384130 0.383951 0.383478 0.382934
0.382690 0.382491 0.382208 0.381910 0.381686 0.381422
0.381210 0.381216 0.381246 0.381376 0.381438 0.381414
0.381396 0.381449 0.381715 0.382184 0.382971 0.383824
0.384582 0.385272 0.385763 0.386349 0.387252 0.388026
0.388625 0.389379 0.390297 0.390887 0.391086 0.391412
0.391477 0.391287 0.391007 0.390511 0.390038 0.389441
0.388907 0.388626 0.388600 0.389157 0.389895 0.390362
0.390688 0.390851 0.390929 0.390918 0.390948 0.391198
0.391568 0.392080 0.392681 0.393215 0.393662 0.393730
0.393592 0.394186 0.394794 0.394601 0.394244 0.393894
0.393503 0.393057 0.392923 0.392857 0.392376 0.392083
0.389333 0.389430 0.389545 0.389754 0.390092 0.390078
0.390036 0.389975 0.389647 0.389305 0.389087 0.389031
0.388736 0.387992 0.387070 0.386368 0.386022 0.386017
0.386032 0.385858 0.385676 0.385333 0.385143 0.385286
0.385152 0.384707 0.384263 0.383706 0.382870 0.382125
0.381712 0.381600 0.381474 0.381272 0.381190 0.381133
0.381229 0.381164 0.380880 0.380554 0.380331 0.380246
0.379984 0.379644 0.379313 0.379266 0.379687 0.380150
0.380419 0.380646 0.380820 0.380812 0.380611 0.380593
0.380852 0.381214 0.381503 0.381748 0.381917 0.381918
0.381691 0.381399 0.381442 0.381341 0.381023 0.381120
0.381249 0.381404 0.381620 0.381439 0.381304 0.381369
0.381152 0.380933 0.380909 0.380924 0.380903 0.380819
0.380979 0.381258 0.381239 0.381156 0.381210 0.381169
0.381235 0.381383 0.381555 0.381709 0.381544 0.381528
0.381921 0.382178 0.382274 0.382443 0.382763 0.383025
0.383131 0.383379 0.383785 0.384016 0.384119 0.384192
0.384075 0.383649 0.383209 0.382809 0.382432 0.382151
0.381909 0.381672 0.381343 0.381190 0.381195 0.381154
0.381114 0.381084 0.381276 0.381439 0.381501 0.381854
0.382429 0.383188 0.383953 0.384576 0.385259 0.385924
0.386558 0.387371 0.388119 0.388789 0.389553 0.390349
0.390736 0.390787 0.391091 0.391206 0.390942 0.390775
0.390400 0.389921 0.389468 0.389008 0.388782 0.388924
0.389611 0.390310 0.390774 0.391012 0.391091 0.391290
0.391421 0.391565 0.392007 0.392502 0.392872 0.393412
0.393988 0.394346 0.394436 0.394376 0.394625 0.395036
0.395054 0.394768 0.394340 0.394048 0.393918 0.393822
0.393542 0.392890 0.392542 0.389031 0.389093 0.389229
0.389570 0.389947 0.389987 0.389870 0.389733 0.389388
0.388981 0.388584 0.388088 0.387846 0.387476 0.386805
0.386319 0.385945 0.385682 0.385488 0.385335 0.385273
0.384942 0.384777 0.384916 0.384694 0.384318 0.383896
0.383448 0.382750 0.381886 0.381409 0.381337 0.381340
0.381029 0.380849 0.380947 0.381044 0.380926 0.380586
0.380293 0.380156 0.380104 0.380024 0.379850 0.379557
0.379578 0.380019 0.380376 0.380521 0.380723 0.380921
0.381014 0.380882 0.380806 0.381103 0.381456 0.381790
0.382207 0.382579 0.382610 0.382193 0.381898 0.381953
0.381942 0.381758 0.381751 0.381833 0.381961 0.382046
0.381845 0.381751 0.381889 0.381834 0.381681 0.381652
0.381750 0.381849 0.381540 0.381416 0.381650 0.381676
0.381646 0.381686 0.381709 0.381755 0.381973 0.382220
0.382188 0.382061 0.382141 0.382399 0.382553 0.382578
0.382702 0.382989 0.383272 0.383411 0.383464 0.383767
0.384131 0.384194 0.384249 0.384182 0.383797 0.383369
0.382967 0.382469 0.382034 0.381759 0.381451 0.381217
0.381106 0.381056 0.381065 0.380976 0.380901 0.381095
0.381419 0.381621 0.381957 0.382528 0.383282 0.384091
0.384718 0.385342 0.386049 0.386778 0.387555 0.388431
0.389286 0.389859 0.390228 0.390372 0.390321 0.390315
0.390346 0.390242 0.390232 0.390208 0.389862 0.389451
0.389258 0.389274 0.389572 0.390224 0.390861 0.391286
0.391341 0.391227 0.391422 0.391753 0.392196 0.392924
0.393448 0.393642 0.394030 0.394509 0.394904 0.395072
0.395005 0.394986 0.395211 0.395392 0.395171 0.394818
0.394538 0.394433 0.394480 0.394273 0.393580 0.393155
0.388763 0.388859 0.389056 0.389417 0.389853 0.389961
0.389756 0.389629 0.389175 0.388604 0.388229 0.387475
0.387019 0.386871 0.386448 0.386009 0.385663 0.385399
0.385117 0.384903 0.384751 0.384590 0.384469 0.384420
0.384370 0.384070 0.383633 0.383180 0.382531 0.381727
0.381242 0.381174 0.381111 0.380961 0.380909 0.380827
0.380568 0.380372 0.380324 0.380141 0.379988 0.379919
0.379818 0.379733 0.379560 0.379616 0.379968 0.380234
0.380455 0.380636 0.380822 0.381018 0.380927 0.380934
0.381337 0.381583 0.381917 0.382467 0.382781 0.382858
0.382499 0.382236 0.382414 0.382575 0.382498 0.382341
0.382491 0.382673 0.382467 0.382232 0.382342 0.382493
0.382408 0.382449 0.382634 0.382773 0.382734 0.382233
0.381935 0.382154 0.382331 0.382253 0.382020 0.382003
0.382224 0.382584 0.382854 0.382741 0.382533 0.382576
0.382807 0.382951 0.382970 0.383123 0.383414 0.383567
0.383629 0.383670 0.383839 0.384110 0.384235 0.384334
0.384330 0.384028 0.383507 0.382953 0.382476 0.382157
0.381874 0.381516 0.381338 0.381143 0.380999 0.380997
0.380934 0.380898 0.380897 0.381143 0.381486 0.381837
0.382440 0.383284 0.384162 0.384910 0.385573 0.386350
0.387183 0.387916 0.388812 0.389663 0.390064 0.390161
0.390070 0.389862 0.389659 0.389585 0.389591 0.389712
0.389935 0.389921 0.389650 0.389379 0.389355 0.389832
0.390565 0.391282 0.391690 0.391570 0.391437 0.391842
0.392458 0.393019 0.393742 0.394233 0.394508 0.394920
0.395226 0.395554 0.395747 0.395590 0.395335 0.395332
0.395432 0.395212 0.394987 0.394795 0.394747 0.394951
0.394884 0.394376 0.394063 0.388494 0.388568 0.388651
0.388944 0.389281 0.389442 0.389532 0.389614 0.389239
0.388565 0.388208 0.387552 0.386794 0.386318 0.385811
0.385370 0.385241 0.385282 0.384931 0.384564 0.384505
0.384467 0.384357 0.384246 0.384237 0.383840 0.383289
0.382850 0.382293 0.381567 0.381053 0.380855 0.380737
0.380782 0.380674 0.380501 0.380256 0.379949 0.379974
0.379987 0.379768 0.379637 0.379553 0.379479 0.379436
0.379462 0.379661 0.379895 0.380229 0.380548 0.380908
0.381204 0.381193 0.381269 0.381568 0.381803 0.382177
0.382680 0.382842 0.382841 0.382805 0.382727 0.382796
0.382969 0.382930 0.382845 0.383083 0.383300 0.383048
0.382833 0.383042 0.383156 0.383120 0.383315 0.383604
0.383835 0.383753 0.383194 0.382808 0.382950 0.383204
0.383058 0.382556 0.382289 0.382467 0.382960 0.383396
0.383347 0.383050 0.383016 0.383147 0.383196 0.383177
0.383297 0.383531 0.383705 0.383845 0.383900 0.383961
0.384089 0.384334 0.384445 0.384196 0.383898 0.383559
0.383047 0.382687 0.382415 0.382122 0.381777 0.381502
0.381280 0.381077 0.381032 0.380895 0.380769 0.380716
0.380875 0.381376 0.381887 0.382473 0.383266 0.384049
0.384838 0.385675 0.386701 0.387559 0.388197 0.389114
0.389943 0.390334 0.390334 0.389966 0.389538 0.389475
0.389529 0.389462 0.389521 0.389675 0.389798 0.389685
0.389447 0.389391 0.389823 0.390608 0.391266 0.391651
0.391686 0.391693 0.392213 0.392941 0.393540 0.394054
0.394481 0.395110 0.395767 0.396039 0.396151 0.396276
0.396168 0.395950 0.395711 0.395468 0.395330 0.395296
0.395264 0.395391 0.395571 0.395507 0.395217 0.395022
0.388341 0.388372 0.388485 0.388799 0.388911 0.388991
0.389293 0.389425 0.389240 0.388800 0.388407 0.387827
0.386968 0.386124 0.385412 0.384968 0.384900 0.384881
0.384486 0.384352 0.384525 0.384314 0.384006 0.384034
0.384155 0.383748 0.382954 0.382394 0.381966 0.381456
0.381001 0.380659 0.380465 0.380337 0.380205 0.380261
0.380198 0.379974 0.379850 0.379736 0.379608 0.379586
0.379470 0.379239 0.379113 0.379109 0.379301 0.379498
0.379830 0.380360 0.380997 0.381358 0.381394 0.381453
0.381634 0.382033 0.382446 0.382807 0.383027 0.382982
0.383169 0.383250 0.383098 0.383275 0.383354 0.383427
0.383580 0.383579 0.383486 0.383589 0.383860 0.384000
0.384183 0.384566 0.384847 0.384905 0.384835 0.384349
0.383893 0.383759 0.383786 0.383712 0.383410 0.383149
0.383248 0.383639 0.383922 0.383940 0.383756 0.383764
0.383762 0.383645 0.383560 0.383412 0.383483 0.383794
0.384127 0.384127 0.384064 0.384244 0.384451 0.384414
0.383952 0.383580 0.383531 0.383345 0.382973 0.382546
0.382061 0.381779 0.381675 0.381501 0.381191 0.381085
0.380983 0.380757 0.380708 0.380967 0.381453 0.381915
0.382492 0.383209 0.383978 0.384808 0.385641 0.386719
0.387648 0.388281 0.389127 0.389916 0.390239 0.390154
0.389858 0.389463 0.389339 0.389395 0.389293 0.389243
0.389317 0.389430 0.389469 0.389526 0.389688 0.390046
0.390770 0.391286 0.391353 0.391507 0.391823 0.392329
0.393045 0.393636 0.394065 0.394646 0.395536 0.396370
0.396622 0.396592 0.396768 0.396931 0.396845 0.396535
0.396145 0.395937 0.395947 0.395997 0.396104 0.396275
0.396424 0.396310 0.396147 0.388488 0.388409 0.388510
0.388733 0.388788 0.388871 0.389044 0.388976 0.388815
0.388755 0.388393 0.387728 0.386929 0.386135 0.385371
0.384831 0.384587 0.384317 0.384108 0.384138 0.384200
0.384001 0.383787 0.383933 0.383955 0.383519 0.382636
0.381873 0.381487 0.381226 0.380893 0.380517 0.380365
0.380149 0.380077 0.380196 0.380050 0.379888 0.379816
0.379600 0.379635 0.379753 0.379482 0.379135 0.378948
0.378941 0.379075 0.379213 0.379535 0.380148 0.380836
0.381259 0.381441 0.381573 0.381682 0.382055 0.382544
0.382996 0.383331 0.383408 0.383532 0.383570 0.383446
0.383637 0.383877 0.384048 0.384187 0.384102 0.384170
0.384456 0.384724 0.385110 0.385462 0.385866 0.386247
0.386156 0.385930 0.385478 0.384956 0.384618 0.384451
0.384487 0.384414 0.384328 0.384471 0.384630 0.384578
0.384504 0.384396 0.384383 0.384358 0.384250 0.384209
0.383850 0.383752 0.384110 0.384347 0.384319 0.384403
0.384577 0.384546 0.384318 0.383928 0.383626 0.383518
0.383339 0.382990 0.382638 0.382200 0.381958 0.381899
0.381653 0.381283 0.381046 0.380909 0.380740 0.380714
0.381060 0.381493 0.381880 0.382570 0.383250 0.384005
0.384935 0.385678 0.386675 0.387695 0.388317 0.388972
0.389670 0.389876 0.389718 0.389545 0.389355 0.389294
0.389239 0.389015 0.388908 0.389013 0.389199 0.389415
0.389734 0.390023 0.390263 0.390839 0.391269 0.391230
0.391324 0.391760 0.392359 0.392996 0.393574 0.394250
0.395256 0.396178 0.396873 0.397258 0.397389 0.397728
0.398025 0.397828 0.397499 0.397286 0.396966 0.396778
0.396718 0.396754 0.397047 0.397400 0.397310 0.397087
0.388600 0.388479 0.388374 0.388312 0.388454 0.388557
0.388528 0.388414 0.388310 0.388317 0.388096 0.387570
0.386949 0.386417 0.385742 0.385039 0.384559 0.384288
0.384154 0.383909 0.383720 0.383835 0.383888 0.383878
0.383593 0.382933 0.381961 0.381212 0.381010 0.380862
0.380671 0.380525 0.380424 0.380139 0.379921 0.379870
0.379726 0.379633 0.379822 0.379885 0.379825 0.379795
0.379533 0.379297 0.379155 0.379102 0.379122 0.379220
0.379519 0.380036 0.380498 0.381006 0.381593 0.381858
0.382024 0.382302 0.382795 0.383331 0.383581 0.383712
0.383945 0.384146 0.384043 0.384138 0.384523 0.384781
0.384823 0.384753 0.384774 0.385098 0.385459 0.386049
0.386719 0.387049 0.387303 0.387252 0.387040 0.386689
0.386216 0.385836 0.385531 0.385501 0.385389 0.385315
0.385500 0.385617 0.385550 0.385325 0.385205 0.385122
0.385011 0.384971 0.384849 0.384412 0.384316 0.384709
0.384720 0.384558 0.384769 0.384902 0.384738 0.384410
0.383999 0.383851 0.383755 0.383341 0.382965 0.382691
0.382375 0.382206 0.382068 0.381732 0.381322 0.380986
0.380861 0.380828 0.380862 0.381196 0.381684 0.382144
0.382843 0.383574 0.384247 0.385084 0.385948 0.386891
0.387831 0.388525 0.389062 0.389603 0.389739 0.389509
0.389317 0.389252 0.389415 0.389326 0.389024 0.388839
0.388882 0.389253 0.389565 0.389848 0.390044 0.390317
0.390886 0.391356 0.391495 0.391560 0.391874 0.392593
0.393296 0.393847 0.394737 0.395970 0.397045 0.397756
0.398135 0.398644 0.399278 0.399354 0.398887 0.398556
0.398594 0.398345 0.397900 0.397655 0.397731 0.398025
0.398271 0.398125 0.397889 0.388440 0.388362 0.388202
0.388091 0.388167 0.388130 0.387910 0.387740 0.387784
0.387789 0.387490 0.387125 0.386773 0.386382 0.385944
0.385248 0.384541 0.384157 0.383933 0.383732 0.383710
0.384000 0.384029 0.383604 0.383062 0.382361 0.381524
0.380886 0.380588 0.380344 0.380202 0.380217 0.380077
0.379833 0.379679 0.379509 0.379445 0.379572 0.379912
0.380184 0.380025 0.379889 0.379739 0.379506 0.379366
0.379234 0.379180 0.379334 0.379639 0.380141 0.380365
0.380769 0.381681 0.382107 0.382424 0.382892 0.383272
0.383523 0.383677 0.383924 0.384222 0.384494 0.384594
0.384814 0.385246 0.385663 0.385647 0.385291 0.385089
0.385388 0.386056 0.386951 0.387863 0.388180 0.388169
0.388091 0.387883 0.387576 0.387346 0.387138 0.386871
0.386715 0.386509 0.386464 0.386672 0.386738 0.386679
0.386478 0.386228 0.386043 0.385921 0.385752 0.385431
0.385096 0.384995 0.385204 0.385244 0.385148 0.385198
0.385137 0.384980 0.384796 0.384470 0.384288 0.384127
0.383730 0.383284 0.382774 0.382397 0.382321 0.382191
0.381814 0.381397 0.381108 0.381105 0.381179 0.381264
0.381636 0.382225 0.382669 0.383276 0.383965 0.384530
0.385350 0.386224 0.387073 0.387951 0.388663 0.389136
0.389518 0.389632 0.389496 0.389392 0.389415 0.389619
0.389475 0.389070 0.388867 0.388978 0.389508 0.389845
0.389944 0.390077 0.390532 0.391186 0.391604 0.391826
0.391900 0.392156 0.392931 0.393790 0.394452 0.395478
0.396821 0.398167 0.399097 0.399426 0.400013 0.400581
0.400534 0.400255 0.400096 0.399985 0.399684 0.399258
0.398960 0.398997 0.399174 0.399310 0.399194 0.399039
0.388470 0.388258 0.387937 0.387936 0.387867 0.387610
0.387288 0.386946 0.386959 0.387116 0.386852 0.386513
0.386239 0.385932 0.385794 0.385278 0.384485 0.383891
0.383592 0.383645 0.383809 0.383937 0.383864 0.383183
0.382414 0.381875 0.381278 0.380651 0.380159 0.379766
0.379508 0.379570 0.379575 0.379349 0.379227 0.379130
0.379210 0.379610 0.379930 0.380066 0.379945 0.379835
0.379748 0.379575 0.379428 0.379293 0.379341 0.379753
0.380338 0.380753 0.380709 0.380965 0.381808 0.382317
0.382720 0.383352 0.383853 0.384106 0.384025 0.384129
0.384552 0.384875 0.385213 0.385617 0.386074 0.386454
0.386259 0.385729 0.385667 0.385972 0.386680 0.387812
0.388784 0.389202 0.389131 0.389065 0.388907 0.388543
0.388310 0.388087 0.388046 0.388018 0.387720 0.387563
0.387691 0.387681 0.387555 0.387403 0.387018 0.386733
0.386597 0.386227 0.385915 0.385769 0.385571 0.385689
0.386003 0.385983 0.385836 0.385679 0.385367 0.385168
0.384967 0.384719 0.384434 0.384125 0.383658 0.382978
0.382702 0.382647 0.382387 0.382025 0.381682 0.381541
0.381482 0.381536 0.381803 0.382251 0.382779 0.383281
0.383847 0.384317 0.384928 0.385798 0.386596 0.387421
0.388214 0.388875 0.389398 0.389715 0.389823 0.389725
0.389533 0.389541 0.389747 0.389621 0.389200 0.389110
0.389381 0.389730 0.389993 0.390204 0.390422 0.390942
0.391662 0.392034 0.392291 0.392483 0.392700 0.393340
0.394363 0.395444 0.396615 0.397848 0.399219 0.400289
0.400741 0.401170 0.401564 0.401722 0.401812 0.401638
0.401354 0.401140 0.400747 0.400454 0.400449 0.400634
0.400660 0.400330 0.400097 0.388841 0.388506 0.388035
0.387818 0.387496 0.387085 0.386685 0.386426 0.386331
0.386390 0.386376 0.386198 0.385835 0.385549 0.385517
0.385009 0.384332 0.383946 0.383739 0.383781 0.383742
0.383530 0.383301 0.382744 0.382042 0.381428 0.380886
0.380473 0.379961 0.379521 0.379275 0.379178 0.379178
0.378977 0.378789 0.378893 0.379177 0.379612 0.379872
0.379877 0.379907 0.379739 0.379663 0.379664 0.379548
0.379575 0.379651 0.380081 0.380700 0.381088 0.381222
0.381400 0.381982 0.382536 0.383039 0.383761 0.384278
0.384694 0.384659 0.384469 0.384931 0.385463 0.385938
0.386376 0.386608 0.386770 0.386574 0.386276 0.386386
0.386837 0.387533 0.388539 0.389482 0.389976 0.389979
0.390048 0.390220 0.389964 0.389538 0.389140 0.389077
0.389077 0.388906 0.388712 0.388697 0.388617 0.388259
0.388032 0.387782 0.387475 0.387162 0.386758 0.386479
0.386348 0.386266 0.386385 0.386685 0.386685 0.386502
0.386313 0.385874 0.385396 0.385079 0.384893 0.384752
0.384425 0.383877 0.383358 0.383184 0.383044 0.382677
0.382330 0.382133 0.382189 0.382239 0.382339 0.382626
0.382970 0.383436 0.384011 0.384548 0.385091 0.385861
0.386556 0.387223 0.387929 0.388454 0.389027 0.389624
0.390012 0.390156 0.390014 0.389666 0.389576 0.389746
0.389621 0.389325 0.389298 0.389547 0.389814 0.389994
0.390389 0.390849 0.391325 0.391959 0.392493 0.392827
0.392953 0.393269 0.393952 0.395120 0.396501 0.397760
0.398895 0.400120 0.401232 0.401888 0.402354 0.402746
0.403100 0.403298 0.402959 0.402669 0.402676 0.402308
0.402102 0.402306 0.402481 0.402191 0.401613 0.401361
0.389202 0.388907 0.388396 0.387953 0.387433 0.386963
0.386534 0.386242 0.385874 0.385693 0.385973 0.386009
0.385711 0.385374 0.385104 0.384547 0.383892 0.383770
0.383962 0.383824 0.383326 0.382972 0.382769 0.382363
0.381779 0.381202 0.380641 0.380274 0.379945 0.379565
0.379247 0.378828 0.378730 0.378895 0.378917 0.379013
0.379219 0.379561 0.379744 0.379740 0.379886 0.379762
0.379648 0.379733 0.379771 0.379881 0.380084 0.380406
0.380564 0.380884 0.381261 0.381362 0.381962 0.382769
0.383393 0.384097 0.384441 0.384877 0.385230 0.385170
0.385433 0.385998 0.386560 0.386899 0.386837 0.386894
0.386898 0.386853 0.387188 0.387794 0.388590 0.389502
0.390355 0.390680 0.390728 0.390884 0.391224 0.391229
0.390741 0.390281 0.390086 0.390103 0.390111 0.390040
0.389920 0.389661 0.389137 0.388759 0.388574 0.388340
0.387950 0.387522 0.387231 0.387103 0.387108 0.387119
0.387204 0.387212 0.387136 0.386801 0.386246 0.385656
0.385259 0.385088 0.384981 0.384661 0.384095 0.383630
0.383410 0.383286 0.382952 0.382534 0.382532 0.382812
0.383011 0.383230 0.383495 0.383704 0.384210 0.384934
0.385463 0.386049 0.386740 0.387287 0.387762 0.388256
0.388630 0.389112 0.389613 0.389953 0.390142 0.390068
0.389939 0.389893 0.389864 0.389782 0.389593 0.389428
0.389494 0.389694 0.389845 0.390356 0.390986 0.391543
0.392177 0.392630 0.393041 0.393385 0.393963 0.394854
0.395949 0.397328 0.398834 0.400026 0.401040 0.402059
0.402804 0.403405 0.403977 0.404301 0.404371 0.404229
0.403982 0.403907 0.403898 0.404052 0.404336 0.404349
0.403876 0.403238 0.402956 0.389505 0.389155 0.388493
0.388053 0.387635 0.387083 0.386516 0.386102 0.385663
0.385461 0.385756 0.385783 0.385637 0.385311 0.384793
0.384282 0.383765 0.383533 0.383548 0.383203 0.382678
0.382459 0.382171 0.381692 0.381296 0.381027 0.380548
0.380118 0.379876 0.379448 0.378909 0.378535 0.378492
0.378750 0.378972 0.379023 0.379014 0.379287 0.379500
0.379546 0.379647 0.379618 0.379432 0.379421 0.379695
0.379860 0.380253 0.380556 0.380671 0.380890 0.381055
0.381344 0.382080 0.382928 0.383545 0.384134 0.384623
0.385176 0.385679 0.385911 0.385944 0.386304 0.386982
0.387214 0.387098 0.387213 0.387396 0.387675 0.388135
0.388746 0.389662 0.390391 0.391071 0.391493 0.391646
0.391700 0.391775 0.391885 0.391578 0.391259 0.391142
0.391120 0.391219 0.391218 0.390943 0.390664 0.390146
0.389649 0.389293 0.389002 0.388716 0.388231 0.388005
0.388007 0.387890 0.387798 0.387832 0.387693 0.387489
0.387245 0.386715 0.386047 0.385614 0.385302 0.385078
0.384845 0.384361 0.383834 0.383496 0.383459 0.383269
0.382896 0.383018 0.383363 0.383572 0.383876 0.384261
0.384583 0.385045 0.385739 0.386312 0.386821 0.387390
0.387810 0.388080 0.388490 0.388909 0.389280 0.389627
0.389781 0.389908 0.390001 0.390076 0.390134 0.390069
0.389990 0.389763 0.389504 0.389471 0.389557 0.389667
0.390131 0.390899 0.391709 0.392384 0.392713 0.393199
0.394027 0.394890 0.395807 0.396828 0.398217 0.399885
0.401108 0.401898 0.402639 0.403312 0.403879 0.404676
0.405335 0.405379 0.405331 0.405339 0.405261 0.405502
0.405954 0.406134 0.405843 0.405335 0.404875 0.404628
0.389562 0.389190 0.388606 0.388189 0.387708 0.387120
0.386573 0.386265 0.385885 0.385563 0.385585 0.385444
0.385225 0.384904 0.384510 0.384122 0.383669 0.383455
0.383278 0.382843 0.382222 0.381774 0.381421 0.381044
0.380772 0.380570 0.380360 0.380092 0.379746 0.379038
0.378472 0.378421 0.378488 0.378644 0.378893 0.379010
0.378971 0.379125 0.379188 0.379289 0.379388 0.379334
0.379280 0.379235 0.379401 0.379644 0.380048 0.380206
0.380383 0.380728 0.381007 0.381501 0.382309 0.383076
0.383553 0.384011 0.384672 0.385560 0.386195 0.386398
0.386290 0.386610 0.387364 0.387465 0.387342 0.387700
0.388147 0.388465 0.388959 0.389762 0.390684 0.391171
0.391706 0.392419 0.392863 0.392988 0.392756 0.392594
0.392381 0.392153 0.392194 0.392100 0.392199 0.392221
0.391864 0.391713 0.391288 0.390652 0.390032 0.389560
0.389262 0.388833 0.388663 0.388714 0.388593 0.388438
0.388292 0.388089 0.387932 0.387705 0.387200 0.386572
0.386062 0.385594 0.385117 0.384821 0.384538 0.384173
0.383933 0.383879 0.383627 0.383394 0.383588 0.383907
0.384272 0.384735 0.385051 0.385378 0.385850 0.386354
0.386922 0.387463 0.387922 0.388136 0.388299 0.388645
0.389009 0.389216 0.389378 0.389435 0.389477 0.389813
0.390107 0.390130 0.390051 0.390012 0.389814 0.389532
0.389379 0.389483 0.389771 0.390254 0.391105 0.391911
0.392540 0.393079 0.393745 0.394857 0.395931 0.396726
0.397707 0.399038 0.400560 0.401822 0.402548 0.403091
0.403617 0.404326 0.405269 0.406124 0.406553 0.406730
0.406764 0.406859 0.407250 0.407498 0.407335 0.406805
0.406385 0.406331 0.406398 0.389637 0.389371 0.388909
0.388464 0.387898 0.387403 0.386857 0.386381 0.386065
0.385651 0.385438 0.385216 0.384835 0.384459 0.384150
0.383782 0.383333 0.383166 0.383050 0.382584 0.381678
0.380963 0.380555 0.380373 0.380167 0.379879 0.379807
0.379712 0.379282 0.378413 0.378049 0.378240 0.378318
0.378330 0.378569 0.378825 0.378859 0.378908 0.378874
0.378938 0.379069 0.379122 0.379255 0.379189 0.379204
0.379573 0.379983 0.380048 0.380137 0.380613 0.381164
0.381603 0.382255 0.383073 0.383537 0.383947 0.384655
0.385605 0.386276 0.386579 0.386812 0.387378 0.387977
0.387916 0.387926 0.388401 0.388859 0.389128 0.389807
0.390872 0.391740 0.392020 0.392296 0.393138 0.393882
0.394289 0.394277 0.393898 0.393529 0.393239 0.393129
0.393081 0.393057 0.392887 0.392548 0.392419 0.392133
0.391388 0.390640 0.390079 0.389639 0.389421 0.389360
0.389388 0.389356 0.389168 0.388865 0.388626 0.388562
0.388219 0.387555 0.387019 0.386541 0.386136 0.385538
0.384947 0.384703 0.384472 0.384413 0.384388 0.384034
0.383901 0.384082 0.384404 0.384908 0.385392 0.385685
0.385988 0.386580 0.387213 0.387738 0.388145 0.388364
0.388316 0.388416 0.388789 0.389097 0.389122 0.389134
0.389158 0.389146 0.389524 0.389973 0.390155 0.390088
0.390107 0.390102 0.389781 0.389544 0.389691 0.390162
0.390927 0.391773 0.392442 0.393170 0.393931 0.394694
0.395857 0.397050 0.397846 0.398684 0.399776 0.401110
0.402263 0.402916 0.403443 0.404147 0.405128 0.406102
0.406989 0.407642 0.408021 0.408191 0.408575 0.409059
0.408954 0.408389 0.407776 0.407617 0.407937 0.408172
0.389977 0.389717 0.389201 0.388861 0.388436 0.387925
0.387470 0.386961 0.386553 0.385992 0.385587 0.385489
0.385111 0.384555 0.384103 0.383647 0.383262 0.382880
0.382666 0.382154 0.381175 0.380450 0.379969 0.379765
0.379527 0.379261 0.379132 0.378887 0.378323 0.377695
0.377617 0.377885 0.377870 0.377760 0.378068 0.378439
0.378556 0.378508 0.378425 0.378557 0.378735 0.379001
0.379275 0.379126 0.379337 0.379914 0.380193 0.380270
0.380469 0.381012 0.381517 0.381889 0.382426 0.383109
0.383748 0.384377 0.384853 0.385309 0.385930 0.386584
0.387275 0.388052 0.388609 0.388768 0.389033 0.389394
0.389682 0.390080 0.390868 0.391825 0.392614 0.392887
0.393100 0.393878 0.394607 0.395064 0.395351 0.395142
0.394697 0.394507 0.394318 0.394144 0.393744 0.393133
0.392709 0.392583 0.392422 0.391865 0.391136 0.390489
0.390116 0.390017 0.389999 0.390134 0.390088 0.389726
0.389492 0.389259 0.388988 0.388552 0.387960 0.387407
0.387070 0.386937 0.386425 0.385736 0.385423 0.385161
0.384917 0.384771 0.384512 0.384531 0.384694 0.385007
0.385509 0.385925 0.386359 0.386871 0.387561 0.388171
0.388568 0.388833 0.388908 0.388761 0.388728 0.388988
0.389274 0.389264 0.389090 0.388986 0.389046 0.389468
0.389945 0.390273 0.390345 0.390416 0.390542 0.390507
0.390578 0.390706 0.390877 0.391669 0.392740 0.393546
0.394270 0.395002 0.395713 0.396780 0.397927 0.398894
0.399901 0.400760 0.401875 0.403000 0.403716 0.404288
0.405241 0.406379 0.407417 0.408503 0.409185 0.409491
0.409908 0.410538 0.410872 0.410504 0.409863 0.409383
0.409429 0.410271 0.410879 0.390297 0.390034 0.389618
0.389348 0.389039 0.388619 0.388282 0.387794 0.387185
0.386590 0.386034 0.385820 0.385430 0.384880 0.384531
0.384023 0.383392 0.382772 0.382358 0.381793 0.380811
0.379950 0.379369 0.379036 0.378865 0.378649 0.378527
0.378143 0.377506 0.377126 0.377108 0.377295 0.377318
0.377263 0.377581 0.378025 0.378261 0.378191 0.378032
0.378214 0.378511 0.378992 0.379419 0.379391 0.379600
0.380051 0.380213 0.380552 0.381047 0.381444 0.381799
0.382215 0.382831 0.383480 0.384343 0.384962 0.385036
0.385265 0.385853 0.386605 0.387303 0.388169 0.388952
0.389453 0.390058 0.390461 0.390610 0.391015 0.391814
0.392662 0.393501 0.394065 0.394440 0.395031 0.395591
0.396022 0.396418 0.396278 0.395813 0.395654 0.395457
0.395010 0.394226 0.393487 0.393070 0.392996 0.392840
0.392401 0.391790 0.391164 0.391022 0.390937 0.390838
0.390898 0.390525 0.390164 0.389937 0.389712 0.389526
0.389039 0.388530 0.388027 0.387808 0.387811 0.387480
0.386852 0.386383 0.386017 0.385680 0.385527 0.385338
0.385364 0.385579 0.385834 0.386205 0.386626 0.387066
0.387658 0.388386 0.388862 0.389094 0.389285 0.389355
0.389281 0.389312 0.389307 0.389326 0.389308 0.388870
0.388548 0.388624 0.389148 0.389788 0.390335 0.390664
0.390769 0.391031 0.391379 0.391674 0.391798 0.391910
0.392716 0.394005 0.395011 0.395523 0.396064 0.396921
0.397933 0.398914 0.400019 0.401162 0.401868 0.402777
0.403877 0.404891 0.405707 0.406680 0.407948 0.409247
0.410452 0.411282 0.411788 0.412185 0.412681 0.412782
0.412290 0.411871 0.411714 0.411941 0.413129 0.414031
0.390800 0.390645 0.390367 0.389889 0.389430 0.389210
0.388832 0.388073 0.387452 0.387038 0.386390 0.385946
0.385624 0.385135 0.384704 0.384200 0.383563 0.382865
0.382266 0.381570 0.380564 0.379593 0.378871 0.378484
0.378399 0.378190 0.377913 0.377552 0.377116 0.376924
0.376836 0.376762 0.376859 0.377035 0.377342 0.377819
0.378070 0.377948 0.377774 0.377967 0.378532 0.379325
0.379809 0.379881 0.379996 0.380004 0.380127 0.380829
0.381517 0.381762 0.382029 0.382528 0.383186 0.383946
0.384888 0.385262 0.385157 0.385338 0.385797 0.386569
0.387233 0.387965 0.388896 0.389688 0.390530 0.391217
0.391435 0.391900 0.392705 0.393581 0.394592 0.395315
0.395635 0.396007 0.396469 0.396959 0.397438 0.397251
0.396866 0.396655 0.396192 0.395522 0.394770 0.394115
0.393612 0.393481 0.393162 0.392603 0.392287 0.392034
0.391919 0.391812 0.391909 0.392057 0.391404 0.390994
0.390638 0.390191 0.390164 0.389827 0.389328 0.388995
0.388822 0.388718 0.388532 0.387926 0.387291 0.386737
0.386452 0.386481 0.386333 0.386221 0.386435 0.386677
0.386896 0.387253 0.387631 0.388190 0.388944 0.389412
0.389579 0.389618 0.389565 0.389517 0.389678 0.389686
0.389515 0.389236 0.388733 0.388446 0.388517 0.389007
0.389609 0.390325 0.390900 0.391160 0.391547 0.392070
0.392572 0.392974 0.393329 0.394079 0.395390 0.396366
0.396667 0.397290 0.398378 0.399438 0.400372 0.401411
0.402376 0.403042 0.403756 0.404779 0.406096 0.407123
0.408197 0.409588 0.410940 0.412187 0.413329 0.414200
0.414733 0.415119 0.415142 0.414877 0.414778 0.415153
0.415713 0.416756 0.417554 0.391283 0.391214 0.390853
0.390199 0.389575 0.389217 0.389051 0.388414 0.387639
0.387242 0.386675 0.386240 0.385948 0.385226 0.384588
0.384103 0.383600 0.382953 0.382271 0.381443 0.380319
0.379220 0.378551 0.378308 0.378074 0.377705 0.377226
0.376953 0.376800 0.376714 0.376594 0.376521 0.376670
0.376897 0.377286 0.377627 0.377737 0.377778 0.377697
0.377957 0.378722 0.379571 0.379963 0.380033 0.380136
0.380083 0.380444 0.381204 0.381731 0.382098 0.382553
0.383040 0.383587 0.384378 0.385275 0.385660 0.385563
0.385687 0.386056 0.386714 0.387377 0.387910 0.388840
0.389809 0.390836 0.391747 0.392168 0.392671 0.393251
0.394175 0.395277 0.395908 0.396185 0.396477 0.396958
0.397549 0.398027 0.398050 0.397741 0.397317 0.396641
0.395927 0.395348 0.394649 0.393968 0.393596 0.393239
0.392909 0.392742 0.392746 0.392471 0.392223 0.392529
0.392839 0.392528 0.392059 0.391632 0.391148 0.391032
0.390803 0.390351 0.390117 0.389874 0.389701 0.389551
0.388941 0.388331 0.387760 0.387452 0.387418 0.387304
0.387267 0.387321 0.387479 0.387763 0.388020 0.388192
0.388726 0.389502 0.389848 0.389940 0.389915 0.389746
0.389645 0.389823 0.389853 0.389678 0.389431 0.389065
0.388955 0.389053 0.389304 0.389742 0.390343 0.391114
0.391824 0.392320 0.392878 0.393606 0.394195 0.394692
0.395387 0.396525 0.397412 0.397916 0.398860 0.399906
0.400835 0.401840 0.402944 0.403858 0.404526 0.405210
0.406135 0.407368 0.408673 0.409897 0.411038 0.412211
0.413597 0.415236 0.416643 0.417690 0.418405 0.418685
0.418818 0.419144 0.419831 0.420584 0.421614 0.422287
0.391551 0.391486 0.391149 0.390559 0.389941 0.389307
0.389030 0.388505 0.387696 0.387320 0.386956 0.386646
0.386254 0.385419 0.384743 0.384195 0.383655 0.383038
0.382086 0.381196 0.380221 0.379039 0.378223 0.377887
0.377598 0.377269 0.376931 0.376719 0.376557 0.376255
0.376148 0.376432 0.376484 0.376435 0.376840 0.377138
0.377117 0.377300 0.377628 0.378030 0.378645 0.379422
0.379850 0.379850 0.379890 0.380173 0.380849 0.381516
0.381948 0.382464 0.383068 0.383481 0.383857 0.384515
0.385320 0.385864 0.386151 0.386514 0.386745 0.387026
0.387464 0.388067 0.389127 0.390144 0.391144 0.392101
0.392699 0.393086 0.393514 0.394345 0.395311 0.395924
0.396275 0.396723 0.397403 0.398094 0.398461 0.398565
0.398303 0.397903 0.397392 0.396690 0.396016 0.395295
0.394522 0.393971 0.393815 0.393567 0.393317 0.393261
0.392938 0.392611 0.392651 0.392877 0.392951 0.392689
0.392488 0.392311 0.392149 0.391950 0.391529 0.391162
0.390776 0.390646 0.390540 0.390041 0.389547 0.389062
0.388631 0.388349 0.388313 0.388460 0.388407 0.388360
0.388592 0.388749 0.388788 0.389245 0.389883 0.390095
0.390091 0.390060 0.389983 0.389853 0.389887 0.389827
0.389679 0.389662 0.389533 0.389508 0.389615 0.389752
0.390212 0.390850 0.391695 0.392566 0.393033 0.393538
0.394317 0.394956 0.395609 0.396510 0.397522 0.398578
0.399488 0.400475 0.401545 0.402399 0.403229 0.404307
0.405277 0.406256 0.407262 0.408004 0.408910 0.410234
0.411470 0.412482 0.413851 0.415731 0.417817 0.419616
0.421370 0.422842 0.423372 0.423663 0.424469 0.425238
0.426093 0.427458 0.428154 0.392061 0.391877 0.391586
0.391096 0.390407 0.389666 0.389122 0.388574 0.387924
0.387580 0.387346 0.386983 0.386324 0.385527 0.384829
0.384266 0.383698 0.382922 0.381855 0.381111 0.380385
0.379222 0.378184 0.377365 0.376987 0.376956 0.376858
0.376540 0.376225 0.375869 0.375810 0.376178 0.376325
0.376308 0.376495 0.376855 0.376877 0.376953 0.377517
0.378152 0.378586 0.379223 0.379672 0.379711 0.379856
0.380343 0.381176 0.381793 0.382253 0.382787 0.383308
0.383691 0.383951 0.384465 0.385338 0.386100 0.386675
0.387068 0.387241 0.387443 0.387793 0.388600 0.389632
0.390407 0.391255 0.392224 0.392935 0.393380 0.393871
0.394662 0.395491 0.396181 0.396620 0.397000 0.397936
0.398783 0.398968 0.398884 0.398917 0.398882 0.398472
0.397786 0.396932 0.396061 0.395199 0.394807 0.394781
0.394339 0.393997 0.393744 0.393374 0.393097 0.392963
0.393093 0.393184 0.393096 0.393053 0.393123 0.393027
0.392819 0.392656 0.392249 0.391701 0.391555 0.391440
0.391108 0.390636 0.390165 0.389673 0.389314 0.389425
0.389634 0.389493 0.389315 0.389369 0.389416 0.389525
0.389851 0.390279 0.390363 0.390217 0.390084 0.390159
0.390238 0.390084 0.389866 0.389767 0.389829 0.389852
0.390039 0.390148 0.390317 0.390923 0.391506 0.392255
0.392987 0.393315 0.393862 0.394731 0.395456 0.396298
0.397230 0.398203 0.399482 0.400625 0.401828 0.403023
0.403802 0.404532 0.405527 0.406630 0.407944 0.409214
0.410231 0.411267 0.412330 0.413423 0.414732 0.416534
0.418567 0.420748 0.422890 0.425173 0.427421 0.428601
0.429244 0.430425 0.431435 0.432364 0.433657 0.434244
0.392419 0.392124 0.391731 0.391282 0.390651 0.390070
0.389586 0.389041 0.388359 0.387878 0.387522 0.387037
0.386199 0.385207 0.384442 0.383772 0.383255 0.382570
0.381722 0.381107 0.380276 0.379132 0.377956 0.376940
0.376528 0.376544 0.376520 0.376216 0.375957 0.375947
0.375885 0.375946 0.376263 0.376463 0.376542 0.376809
0.376833 0.376936 0.377478 0.378180 0.378628 0.378997
0.379468 0.379732 0.379927 0.380446 0.381292 0.382055
0.382628 0.383184 0.383698 0.383921 0.384020 0.384567
0.385388 0.386102 0.386639 0.386924 0.387299 0.387677
0.388097 0.389011 0.389835 0.390329 0.391258 0.392333
0.393097 0.393838 0.394431 0.395210 0.396153 0.396805
0.397281 0.397753 0.398887 0.399808 0.399918 0.399859
0.399929 0.399862 0.399296 0.398519 0.397683 0.396783
0.396245 0.396058 0.395833 0.395457 0.394950 0.394334
0.393846 0.393673 0.393541 0.393459 0.393468 0.393468
0.393470 0.393632 0.393748 0.393571 0.393511 0.393291
0.392749 0.392442 0.392272 0.392015 0.391495 0.390997
0.390511 0.390230 0.390498 0.390718 0.390470 0.390289
0.390276 0.390319 0.390467 0.390561 0.390826 0.390846
0.390530 0.390263 0.390323 0.390471 0.390281 0.390084
0.390014 0.390067 0.390247 0.390567 0.390510 0.390640
0.391229 0.391733 0.392350 0.392896 0.393354 0.393942
0.394740 0.395556 0.396551 0.397383 0.398444 0.399970
0.401527 0.403083 0.404406 0.405249 0.405834 0.406612
0.407939 0.409620 0.411041 0.412443 0.413765 0.415027
0.416385 0.417622 0.419204 0.421216 0.423604 0.426328
0.429035 0.431908 0.434167 0.435463 0.436758 0.438094
0.439131 0.440149 0.440701 0.392362 0.392142 0.391753
0.391249 0.390857 0.390422 0.389815 0.389279 0.388657
0.388021 0.387406 0.386781 0.386032 0.384981 0.384137
0.383412 0.382781 0.382307 0.381589 0.380757 0.379944
0.378971 0.377650 0.376585 0.376236 0.376121 0.375929
0.375682 0.375614 0.375911 0.376025 0.376019 0.376181
0.376417 0.376549 0.376640 0.376723 0.376936 0.377415
0.378006 0.378473 0.378817 0.379304 0.379676 0.379988
0.380577 0.381334 0.382177 0.382847 0.383358 0.383784
0.383938 0.384074 0.384570 0.385135 0.385645 0.386176
0.386526 0.387009 0.387456 0.387863 0.388813 0.389644
0.390267 0.391429 0.392598 0.393285 0.394141 0.395068
0.395974 0.396899 0.397605 0.398261 0.398906 0.399936
0.400724 0.401000 0.401056 0.400740 0.400448 0.399868
0.399084 0.398284 0.397591 0.397478 0.397245 0.396796
0.396419 0.395813 0.395032 0.394490 0.394240 0.394114
0.394077 0.394048 0.394040 0.394152 0.394419 0.394561
0.394471 0.394351 0.394245 0.393954 0.393599 0.393336
0.392993 0.392478 0.391983 0.391491 0.391157 0.391418
0.391604 0.391316 0.391178 0.391192 0.391243 0.391341
0.391335 0.391418 0.391277 0.390869 0.390590 0.390586
0.390602 0.390339 0.390281 0.390319 0.390349 0.390646
0.391048 0.391112 0.391257 0.391705 0.392024 0.392377
0.392929 0.393485 0.393959 0.394553 0.395484 0.396646
0.397555 0.398911 0.400703 0.402336 0.403995 0.405779
0.407003 0.407366 0.407693 0.408914 0.410923 0.412875
0.414548 0.416078 0.417836 0.419564 0.420741 0.421950
0.424096 0.427017 0.430250 0.433740 0.437215 0.440094
0.442074 0.443460 0.444972 0.446372 0.447807 0.448722
0.392558 0.392208 0.391815 0.391381 0.390909 0.390464
0.389750 0.389189 0.388736 0.388218 0.387540 0.386649
0.385766 0.384872 0.384076 0.383139 0.382398 0.382047
0.381332 0.380480 0.379689 0.378711 0.377588 0.376540
0.376091 0.375847 0.375508 0.375322 0.375264 0.375538
0.375820 0.376005 0.376089 0.376283 0.376370 0.376372
0.376615 0.376906 0.377326 0.377802 0.378266 0.378695
0.379195 0.379696 0.380150 0.380814 0.381532 0.382248
0.382955 0.383380 0.383661 0.383875 0.384066 0.384482
0.384927 0.385285 0.385743 0.386102 0.386688 0.387416
0.387917 0.388758 0.389644 0.390455 0.391668 0.392671
0.393297 0.394222 0.395406 0.396608 0.397477 0.398317
0.399077 0.399669 0.400648 0.401307 0.401566 0.401652
0.401359 0.400957 0.400201 0.399247 0.398478 0.398199
0.398239 0.397958 0.397412 0.396827 0.396378 0.395845
0.395367 0.395053 0.394860 0.394792 0.394711 0.394662
0.394790 0.395232 0.395371 0.395390 0.395405 0.395321
0.395237 0.394976 0.394494 0.394011 0.393745 0.393301
0.392789 0.392406 0.392469 0.392612 0.392404 0.392312
0.392306 0.392143 0.392079 0.392064 0.391950 0.391600
0.391072 0.390838 0.390908 0.390919 0.390577 0.390451
0.390541 0.390677 0.391038 0.391471 0.391713 0.391953
0.392352 0.392525 0.392882 0.393529 0.393879 0.394263
0.394950 0.395809 0.396907 0.398045 0.399694 0.401626
0.403166 0.404868 0.406856 0.408274 0.408653 0.408925
0.410210 0.412387 0.414855 0.416701 0.418388 0.420648
0.422616 0.424067 0.425459 0.427480 0.430532 0.434459
0.438715 0.442628 0.446027 0.448647 0.450692 0.452429
0.454039 0.456122 0.457329 0.392902 0.392422 0.391818
0.391482 0.390977 0.390397 0.389850 0.389230 0.388592
0.388137 0.387567 0.386710 0.385766 0.384857 0.383916
0.382756 0.381953 0.381680 0.381274 0.380580 0.379443
0.378242 0.377541 0.376766 0.376079 0.375740 0.375499
0.375340 0.375209 0.375250 0.375459 0.375739 0.375874
0.375912 0.375945 0.376093 0.376399 0.376730 0.377153
0.377697 0.378166 0.378545 0.379218 0.380069 0.380552
0.380982 0.381592 0.382360 0.383191 0.383506 0.383672
0.383978 0.384133 0.384304 0.384541 0.384904 0.385512
0.385923 0.386590 0.387376 0.387931 0.388695 0.389583
0.390599 0.391717 0.392533 0.393285 0.394415 0.395634
0.396839 0.397856 0.398797 0.399622 0.400200 0.401081
0.401699 0.401802 0.401984 0.401842 0.401223 0.400246
0.399179 0.398532 0.398526 0.398546 0.398369 0.397930
0.397324 0.397019 0.396724 0.396246 0.395840 0.395569
0.395270 0.395198 0.395309 0.395386 0.395840 0.396187
0.396356 0.396529 0.396505 0.396394 0.396097 0.395522
0.395066 0.395087 0.394802 0.394239 0.393837 0.393619
0.393674 0.393682 0.393593 0.393439 0.393054 0.392856
0.392745 0.392452 0.392091 0.391535 0.391181 0.391188
0.391141 0.390872 0.390716 0.390716 0.390889 0.391378
0.391884 0.392092 0.392232 0.392585 0.393006 0.393557
0.394074 0.394353 0.394788 0.395680 0.396520 0.397294
0.398598 0.400610 0.402549 0.404044 0.405689 0.407383
0.408833 0.409611 0.410247 0.411862 0.413971 0.416418
0.418647 0.420631 0.423153 0.425438 0.427148 0.428858
0.430919 0.433736 0.438137 0.443194 0.447616 0.451503
0.454708 0.457580 0.459648 0.461004 0.463425 0.465053
0.393049 0.392706 0.392029 0.391639 0.391255 0.390551
0.390101 0.389579 0.388673 0.387940 0.387250 0.386461
0.385746 0.384780 0.383612 0.382516 0.381677 0.381313
0.381136 0.380511 0.379123 0.377832 0.377127 0.376442
0.375828 0.375523 0.375321 0.375123 0.375024 0.374924
0.374931 0.375162 0.375271 0.375333 0.375550 0.375879
0.376181 0.376444 0.376881 0.377352 0.377876 0.378522
0.379283 0.380236 0.380831 0.381236 0.381897 0.382671
0.383347 0.383603 0.383774 0.383948 0.383876 0.383866
0.384212 0.384726 0.385447 0.386053 0.386607 0.387209
0.387781 0.388556 0.389374 0.390440 0.391466 0.392438
0.393510 0.394539 0.395692 0.396844 0.397903 0.398959
0.399910 0.400547 0.401182 0.401742 0.401862 0.401952
0.401664 0.400988 0.400305 0.399586 0.399243 0.399182
0.398832 0.398566 0.398469 0.398145 0.397924 0.397693
0.397121 0.396490 0.396139 0.396024 0.395969 0.396033
0.396202 0.396750 0.397277 0.397549 0.397702 0.397443
0.397074 0.396666 0.396322 0.396099 0.396098 0.395993
0.395637 0.395245 0.394767 0.394522 0.394588 0.394527
0.394182 0.393709 0.393490 0.393208 0.392836 0.392572
0.392006 0.391633 0.391467 0.391257 0.391115 0.391001
0.390949 0.391118 0.391570 0.392078 0.392337 0.392462
0.392924 0.393388 0.393775 0.394334 0.394865 0.395564
0.396559 0.397421 0.398234 0.399524 0.401268 0.403044
0.404557 0.405999 0.407548 0.409180 0.410492 0.411541
0.413261 0.415495 0.417987 0.420450 0.422609 0.425003
0.427608 0.429826 0.431851 0.434242 0.437429 0.442032
0.447559 0.452458 0.456454 0.460326 0.463718 0.466054
0.467180 0.469256 0.471091 0.393540 0.393165 0.392561
0.392233 0.391929 0.391244 0.390476 0.389786 0.388850
0.387936 0.387064 0.386065 0.385217 0.384385 0.383324
0.382321 0.381564 0.381015 0.380668 0.380047 0.378948
0.377833 0.376890 0.376094 0.375619 0.375303 0.374873
0.374654 0.374684 0.374537 0.374394 0.374637 0.374863
0.375042 0.375363 0.375662 0.375917 0.376167 0.376653
0.377112 0.377724 0.378499 0.379214 0.380182 0.380990
0.381602 0.382313 0.382876 0.383092 0.383269 0.383553
0.383782 0.383770 0.383808 0.384249 0.384847 0.385489
0.386063 0.386764 0.387535 0.388042 0.388613 0.389330
0.390339 0.391323 0.392425 0.393664 0.394563 0.395532
0.396662 0.397747 0.398823 0.399663 0.400356 0.401046
0.401688 0.401964 0.401692 0.401198 0.400694 0.400511
0.400351 0.400173 0.399895 0.399224 0.398782 0.398904
0.398840 0.398686 0.398525 0.398000 0.397279 0.396734
0.396716 0.396679 0.396621 0.397115 0.397933 0.398499
0.398710 0.398605 0.398093 0.397553 0.397165 0.397015
0.396951 0.396890 0.396790 0.396572 0.396287 0.395752
0.395186 0.394995 0.394962 0.394634 0.394170 0.393903
0.393445 0.393066 0.392857 0.392263 0.391828 0.391587
0.391502 0.391533 0.391374 0.391159 0.391255 0.391579
0.391939 0.392405 0.392854 0.393311 0.393553 0.393795
0.394514 0.395323 0.396226 0.397464 0.398575 0.399459
0.400426 0.401566 0.403130 0.404778 0.406029 0.407781
0.409805 0.411435 0.412861 0.414452 0.416935 0.419665
0.421846 0.423942 0.426391 0.429288 0.432140 0.434735
0.437847 0.441997 0.446936 0.452423 0.457665 0.461888
0.466082 0.469787 0.472168 0.473450 0.475955 0.478168
0.394482 0.393976 0.393236 0.392885 0.392644 0.391987
0.390956 0.390032 0.389084 0.387994 0.386875 0.385680
0.384674 0.383969 0.383101 0.382175 0.381268 0.380669
0.380131 0.379394 0.378763 0.377876 0.376912 0.376107
0.375528 0.375078 0.374630 0.374461 0.374494 0.374348
0.374200 0.374409 0.374751 0.375006 0.375156 0.375377
0.375655 0.375960 0.376458 0.377060 0.377768 0.378485
0.379284 0.380346 0.381221 0.381812 0.382322 0.382617
0.382716 0.382944 0.383309 0.383774 0.384041 0.384194
0.384513 0.385034 0.385657 0.386220 0.387031 0.387829
0.388260 0.388580 0.389242 0.390229 0.391278 0.392397
0.393590 0.394679 0.395653 0.396590 0.397610 0.398595
0.399390 0.400108 0.400822 0.401725 0.402199 0.401764
0.401148 0.400819 0.400889 0.401080 0.400831 0.400082
0.399316 0.399040 0.399231 0.399404 0.399292 0.399172
0.398690 0.397826 0.397372 0.397265 0.397441 0.397786
0.398456 0.399340 0.399723 0.399630 0.399335 0.398844
0.398346 0.398028 0.397701 0.397402 0.397368 0.397328
0.397086 0.396803 0.396412 0.395944 0.395539 0.395376
0.395216 0.394816 0.394415 0.393821 0.393338 0.393093
0.392635 0.392149 0.391850 0.391756 0.391740 0.391577
0.391283 0.391470 0.391825 0.392023 0.392545 0.393113
0.393552 0.393792 0.394149 0.394973 0.395832 0.396820
0.398257 0.399595 0.400462 0.401296 0.402315 0.403597
0.405192 0.406662 0.408594 0.410687 0.412283 0.413929
0.415628 0.417856 0.420510 0.422720 0.424855 0.427485
0.430357 0.433607 0.436997 0.440919 0.446191 0.451721
0.457248 0.463142 0.468088 0.472134 0.475497 0.477567
0.479867 0.484989 0.488563 0.395340 0.394858 0.394155
0.393623 0.393089 0.392223 0.391063 0.390035 0.388940
0.387877 0.386829 0.385625 0.384669 0.383736 0.382799
0.381989 0.381000 0.380398 0.379758 0.378950 0.378316
0.377419 0.376604 0.376002 0.375510 0.375099 0.374781
0.374436 0.374308 0.374288 0.374153 0.374204 0.374489
0.374946 0.375108 0.375225 0.375541 0.375940 0.376454
0.377018 0.377757 0.378716 0.379648 0.380465 0.381218
0.381835 0.382188 0.382304 0.382393 0.382689 0.383201
0.383665 0.383982 0.384341 0.384761 0.385218 0.385852
0.386679 0.387329 0.387891 0.388434 0.388673 0.389246
0.390239 0.391217 0.392409 0.393586 0.394497 0.395544
0.396563 0.397513 0.398543 0.399514 0.400392 0.401153
0.401836 0.402002 0.401658 0.401402 0.401290 0.401240
0.401335 0.401232 0.400372 0.399431 0.399345 0.399640
0.399848 0.399854 0.399726 0.399200 0.398337 0.398003
0.398232 0.398727 0.399393 0.400076 0.400717 0.400970
0.400796 0.400434 0.399900 0.399444 0.399106 0.398593
0.398047 0.397855 0.397791 0.397572 0.397213 0.396970
0.396732 0.396284 0.395975 0.395806 0.395456 0.394964
0.394316 0.393717 0.393347 0.392840 0.392264 0.391973
0.391889 0.391781 0.391663 0.391615 0.391934 0.392240
0.392305 0.392658 0.393112 0.393692 0.394258 0.394849
0.395587 0.396333 0.397395 0.398702 0.399928 0.400998
0.402045 0.403081 0.404393 0.406098 0.407786 0.409782
0.411794 0.413263 0.414819 0.416633 0.418791 0.421306
0.423563 0.425646 0.428166 0.430781 0.434002 0.438152
0.443239 0.449540 0.455384 0.461028 0.467302 0.472693
0.476564 0.479107 0.481460 0.486438 0.495946 0.501897
0.395483 0.395162 0.394662 0.394093 0.393247 0.392176
0.391059 0.389961 0.388717 0.387864 0.387159 0.386120
0.385144 0.383993 0.382757 0.381844 0.381000 0.380370
0.379570 0.378540 0.377789 0.377055 0.376397 0.375975
0.375717 0.375331 0.374902 0.374382 0.374134 0.374104
0.373991 0.374016 0.374277 0.374730 0.374941 0.375117
0.375658 0.376273 0.376647 0.377093 0.377806 0.378830
0.379803 0.380446 0.381145 0.381692 0.381848 0.381982
0.382187 0.382506 0.383088 0.383529 0.383719 0.384254
0.384989 0.385556 0.386102 0.386882 0.387509 0.388030
0.388557 0.388924 0.389473 0.390192 0.391117 0.392423
0.393529 0.394246 0.395187 0.396225 0.397276 0.398528
0.399728 0.400507 0.401021 0.401536 0.401688 0.401494
0.401677 0.401919 0.402018 0.402200 0.402059 0.401231
0.400294 0.400163 0.400393 0.400469 0.400489 0.400222
0.399662 0.399000 0.398887 0.399499 0.400134 0.400914
0.401719 0.402236 0.402496 0.402380 0.401964 0.401325
0.400798 0.400352 0.399753 0.399176 0.398701 0.398401
0.398168 0.397818 0.397618 0.397370 0.396832 0.396405
0.396133 0.395899 0.395497 0.394872 0.394126 0.393504
0.392913 0.392299 0.391992 0.391959 0.391882 0.391883
0.392098 0.392251 0.392374 0.392540 0.392810 0.393137
0.393627 0.394346 0.395123 0.395746 0.396622 0.397828
0.398989 0.400258 0.401444 0.402591 0.403900 0.405682
0.407478 0.409207 0.411005 0.412639 0.414206 0.415599
0.417284 0.419701 0.422511 0.424972 0.427061 0.429293
0.431507 0.434759 0.439572 0.445433 0.451915 0.457783
0.463862 0.470176 0.475298 0.478754 0.481531 0.485733
0.493781 0.507415 0.515670 0.395251 0.395040 0.394493
0.393842 0.393150 0.392274 0.391107 0.389984 0.388961
0.388113 0.387535 0.386733 0.385568 0.384353 0.383157
0.381973 0.381003 0.380311 0.379482 0.378379 0.377499
0.376948 0.376415 0.376116 0.375932 0.375390 0.374857
0.374366 0.373994 0.373765 0.373743 0.373979 0.374291
0.374517 0.374769 0.375174 0.375868 0.376554 0.376803
0.377360 0.378258 0.379074 0.379850 0.380534 0.381278
0.381802 0.381790 0.381841 0.382310 0.382715 0.383121
0.383530 0.383667 0.384282 0.385284 0.385918 0.386259
0.386834 0.387467 0.388078 0.388673 0.389054 0.389468
0.389924 0.390801 0.392137 0.393314 0.394169 0.395014
0.395895 0.397044 0.398362 0.399454 0.400050 0.400337
0.400977 0.401462 0.401575 0.402049 0.402644 0.403210
0.403632 0.403294 0.402499 0.401790 0.401516 0.401535
0.401450 0.401258 0.400918 0.400483 0.400085 0.400280
0.400920 0.401577 0.402583 0.403509 0.403903 0.404227
0.404323 0.403808 0.403007 0.402305 0.401543 0.400781
0.400261 0.399596 0.399022 0.398653 0.398233 0.398013
0.397753 0.397213 0.396898 0.396609 0.396249 0.395895
0.395241 0.394437 0.393830 0.393296 0.392775 0.392418
0.392097 0.391941 0.392115 0.392502 0.392601 0.392613
0.392852 0.392959 0.392886 0.393217 0.393963 0.394791
0.395730 0.396815 0.398031 0.399411 0.400917 0.401998
0.403241 0.404924 0.406993 0.408890 0.410597 0.411968
0.413169 0.414744 0.416289 0.418329 0.420978 0.423925
0.426775 0.429181 0.431367 0.433396 0.436786 0.442157
0.448053 0.454109 0.460133 0.466724 0.473402 0.478266
0.481275 0.484912 0.491047 0.501437 0.517480 0.526865
0.395123 0.394970 0.394413 0.393585 0.392911 0.392231
0.391067 0.389952 0.389133 0.388278 0.387648 0.386866
0.385524 0.384275 0.383265 0.382082 0.380975 0.380139
0.379392 0.378398 0.377471 0.376949 0.376478 0.376198
0.375919 0.375341 0.374908 0.374444 0.373865 0.373559
0.373664 0.374064 0.374317 0.374399 0.374801 0.375300
0.375787 0.376270 0.376816 0.377822 0.378815 0.379406
0.379955 0.380694 0.381520 0.381988 0.382077 0.382246
0.382587 0.382898 0.383253 0.383721 0.384073 0.384702
0.385692 0.386322 0.386484 0.386915 0.387438 0.387930
0.388595 0.388895 0.389279 0.390134 0.390981 0.391981
0.393163 0.394132 0.394929 0.395591 0.396837 0.398177
0.399037 0.399831 0.400249 0.400738 0.401413 0.401921
0.402480 0.403267 0.404111 0.404515 0.404393 0.404047
0.403453 0.403020 0.402825 0.402625 0.402431 0.402127
0.401683 0.401311 0.401417 0.402039 0.402827 0.403988
0.405108 0.405550 0.405960 0.406169 0.405573 0.404675
0.403737 0.402654 0.401707 0.400990 0.400264 0.399600
0.398969 0.398534 0.398323 0.397918 0.397509 0.397394
0.397092 0.396594 0.396133 0.395364 0.394677 0.394195
0.393622 0.393228 0.392853 0.392374 0.392179 0.392273
0.392610 0.392951 0.393004 0.392927 0.392749 0.392576
0.392785 0.393423 0.394447 0.395775 0.396984 0.398116
0.399652 0.401332 0.402506 0.403852 0.405628 0.407768
0.409817 0.411360 0.412758 0.414136 0.415525 0.417357
0.419695 0.422162 0.424980 0.428085 0.430968 0.433473
0.435903 0.439568 0.445035 0.451028 0.456679 0.462522
0.469570 0.477075 0.482879 0.486260 0.489822 0.496559
0.508560 0.527304 0.538470 0.395289 0.395006 0.394294
0.393562 0.392828 0.391989 0.391051 0.390028 0.389230
0.388472 0.387657 0.386686 0.385374 0.384188 0.383162
0.381984 0.380880 0.380073 0.379322 0.378335 0.377524
0.377013 0.376542 0.376148 0.375771 0.375367 0.375050
0.374534 0.373869 0.373519 0.373517 0.373741 0.373969
0.374213 0.374644 0.375024 0.375457 0.376033 0.376793
0.377943 0.378904 0.379396 0.379907 0.380564 0.381311
0.381879 0.382194 0.382628 0.382923 0.383152 0.383588
0.384128 0.384590 0.385271 0.386262 0.386834 0.387045
0.387288 0.387474 0.387915 0.388653 0.389023 0.389545
0.390578 0.391428 0.392304 0.393223 0.394134 0.394980
0.395504 0.396688 0.398178 0.399255 0.400179 0.400792
0.401380 0.402262 0.402974 0.403288 0.403988 0.405010
0.405530 0.405660 0.405671 0.405266 0.404818 0.404461
0.404235 0.404244 0.403878 0.403356 0.402970 0.402842
0.403273 0.403967 0.405134 0.406576 0.407514 0.407946
0.407882 0.407251 0.406246 0.404962 0.403728 0.402720
0.401779 0.400808 0.399813 0.399160 0.398987 0.398644
0.397993 0.397604 0.397491 0.397203 0.396819 0.396320
0.395525 0.394948 0.394377 0.393752 0.393464 0.393191
0.392803 0.392484 0.392463 0.392688 0.393046 0.393156
0.392894 0.392658 0.392574 0.392780 0.393305 0.394396
0.395753 0.396991 0.398189 0.399671 0.401379 0.402885
0.404433 0.406207 0.408275 0.410273 0.411907 0.413493
0.415257 0.416728 0.418673 0.420911 0.422850 0.425741
0.429319 0.432572 0.435688 0.439065 0.443147 0.448210
0.453873 0.459514 0.465646 0.473262 0.481866 0.489536
0.494424 0.498224 0.504955 0.518169 0.542113 0.557442
0.395654 0.395164 0.394348 0.393735 0.393033 0.392324
0.391480 0.390350 0.389477 0.388781 0.387869 0.386724
0.385506 0.384369 0.383224 0.382001 0.380924 0.380080
0.379176 0.378242 0.377580 0.377141 0.376697 0.376140
0.375700 0.375387 0.374990 0.374303 0.373687 0.373423
0.373251 0.373219 0.373536 0.374078 0.374550 0.374995
0.375628 0.376315 0.376892 0.377814 0.378666 0.379102
0.379701 0.380219 0.380792 0.381585 0.382053 0.382449
0.382908 0.383313 0.383676 0.384122 0.384743 0.385603
0.386515 0.387045 0.387459 0.387606 0.387622 0.388116
0.388936 0.389687 0.390376 0.391029 0.391642 0.392469
0.393400 0.394279 0.395112 0.395900 0.397165 0.398761
0.400080 0.401061 0.401689 0.402496 0.403568 0.404250
0.404629 0.405326 0.406373 0.407185 0.407402 0.407399
0.407266 0.407042 0.406783 0.406557 0.406294 0.405859
0.405476 0.405122 0.404985 0.405210 0.405849 0.406986
0.408471 0.409631 0.409994 0.409684 0.408884 0.407717
0.406345 0.405108 0.404010 0.402789 0.401318 0.399959
0.399438 0.399224 0.398647 0.398159 0.397770 0.397446
0.397172 0.396901 0.396399 0.395682 0.395169 0.394520
0.393925 0.393627 0.393379 0.393036 0.392640 0.392716
0.392960 0.392955 0.392854 0.392793 0.392719 0.392684
0.392970 0.393487 0.394406 0.395502 0.396661 0.397919
0.399431 0.401345 0.403131 0.404933 0.406797 0.408684
0.410561 0.412443 0.414149 0.415950 0.418007 0.420093
0.422198 0.424215 0.427150 0.430973 0.434511 0.438433
0.442944 0.447250 0.451901 0.457582 0.463834 0.470761
0.479058 0.488974 0.499079 0.506766 0.512800 0.520783
0.536186 0.570108 0.593590 0.395773 0.395092 0.394544
0.393956 0.393287 0.392784 0.391930 0.390698 0.389690
0.388989 0.388151 0.387006 0.385717 0.384498 0.383250
0.382018 0.380935 0.379952 0.379135 0.378299 0.377627
0.377270 0.376843 0.376259 0.375776 0.375362 0.374824
0.374031 0.373465 0.373294 0.373198 0.373151 0.373382
0.373982 0.374655 0.375440 0.376177 0.376641 0.377120
0.377846 0.378504 0.378981 0.379504 0.380069 0.380538
0.380995 0.381523 0.381982 0.382469 0.382981 0.383312
0.383845 0.384726 0.385586 0.386292 0.386895 0.387390
0.387588 0.387867 0.388472 0.389220 0.390145 0.390940
0.391496 0.392076 0.392717 0.393749 0.394760 0.395659
0.396750 0.398142 0.399773 0.401274 0.402499 0.403242
0.404034 0.405135 0.405813 0.406390 0.407504 0.408594
0.409369 0.409768 0.409941 0.409913 0.409640 0.409417
0.409294 0.408795 0.408112 0.407724 0.407541 0.407649
0.407751 0.408281 0.409307 0.410313 0.411334 0.411844
0.411333 0.410317 0.409230 0.407919 0.406639 0.405284
0.403762 0.402195 0.400809 0.400170 0.399605 0.398943
0.398592 0.398028 0.397435 0.397226 0.397084 0.396671
0.396055 0.395524 0.394956 0.394241 0.393800 0.393491
0.393077 0.392757 0.392847 0.393018 0.392793 0.392493
0.392557 0.392607 0.392618 0.392876 0.393327 0.394110
0.395077 0.396327 0.397746 0.399339 0.401310 0.403278
0.405295 0.407238 0.409098 0.410878 0.412727 0.414638
0.416837 0.419333 0.421460 0.423749 0.426341 0.429290
0.433104 0.437178 0.441407 0.446194 0.450947 0.456407
0.463015 0.469893 0.477404 0.486496 0.498062 0.510910
0.522560 0.533125 0.545188 0.567566 0.616544 0.649997
1.000000 0.394816 0.394556 0.393954 0.393405 0.392873
0.391892 0.390700 0.389716 0.389028 0.388296 0.387232
0.385811 0.384521 0.383276 0.382028 0.380884 0.379824
0.379218 0.378467 0.377692 0.377285 0.376837 0.376371
0.375917 0.375419 0.374784 0.373969 0.373439 0.373214
0.373187 0.373226 0.373386 0.373917 0.374678 0.375659
0.376387 0.376706 0.377253 0.377937 0.378562 0.379087
0.379427 0.380049 0.380474 0.380635 0.381205 0.381776
0.382235 0.382655 0.382999 0.383772 0.384776 0.385479
0.386091 0.386753 0.387258 0.387587 0.388069 0.388749
0.389448 0.390247 0.390963 0.391613 0.392397 0.393065
0.394010 0.395061 0.396111 0.397356 0.398721 0.400349
0.402007 0.403381 0.404391 0.405149 0.406144 0.406862
0.407447 0.408836 0.409970 0.410592 0.411139 0.411590
0.411572 0.411075 0.410771 0.410669 0.410216 0.409343
0.408899 0.409007 0.409266 0.409238 0.409551 0.410443
0.411088 0.412002 0.412735 0.412118 0.411014 0.410077
0.408668 0.407285 0.405846 0.404318 0.402900 0.401466
0.400696 0.400021 0.399359 0.398858 0.398036 0.397399
0.397312 0.397227 0.396902 0.396335 0.395778 0.395341
0.394461 0.393832 0.393576 0.393165 0.392848 0.392858
0.392960 0.392739 0.392433 0.392521 0.392601 0.392456
0.392661 0.393151 0.393881 0.394856 0.396183 0.397724
0.399366 0.401211 0.403228 0.405394 0.407372 0.409256
0.410973 0.412690 0.414693 0.417433 0.420014 0.422148
0.424658 0.427436 0.430433 0.434328 0.438805 0.442982
0.447527 0.452562 0.458966 0.466226 0.473303 0.481062
0.490582 0.503027 0.517098 0.531012 0.544473 0.559251
0.587049 0.644549 0.682516
